CustomerID,Age,Gender,Region,Income_k,Tenure_months,Loyalty_member,Main_channel,Visits_per_month,Avg_basket,Discount_share,Complaints_12m,Satisfaction_1to10,Recommend_0to10,Annual_spend,Campaign_group,Responded,Monthly_spend_before,Monthly_spend_after,Churned
C0001,41,female,North,85.9,12,Yes,Store,2,117.6,0.385,2,7.2,9.0,2094.0,Standard,No,174.5,187.9,No
C0002,33,female,South,108.6,12,No,Online,2,116.01,0.305,1,5.1,7.0,2027.0,New offer,No,168.9,196.6,No
C0003,49,female,South,59.9,18,No,Store,3,63.12,0.317,2,,6.0,2041.0,Standard,No,170.1,184.8,No
C0004,37,male,West,37.8,68,No,Online,3,90.58,0.566,0,9.8,8.0,3449.0,Standard,No,287.4,293.2,No
C0005,22,male,East,30.3,17,Yes,Mobile app,1,94.91,0.155,1,6.9,5.0,918.0,New offer,No,76.5,74.9,No
C0006,18,male,West,34.5,37,Yes,Store,4,106.05,0.052,0,7.2,8.0,4772.0,New offer,Yes,397.7,485.4,No
C0007,47,male,East,,8,Yes,Store,6,58.45,0.042,3,5.8,6.0,3836.0,New offer,No,319.7,324.8,No
C0008,39,male,North,43.3,36,No,Mobile app,4,104.06,0.34,2,4.4,5.0,5089.0,Standard,No,424.1,447.4,No
C0009,51,male,Central,32.0,13,No,Store,1,54.45,0.188,1,2.3,2.0,529.0,New offer,No,44.1,26.2,Yes
C0010,30,female,West,119.8,22,No,Mobile app,1,90.1,0.105,1,4.7,2.0,1124.0,Standard,No,93.7,89.7,No
C0011,54,male,North,41.3,24,Yes,Mobile app,8,102.25,0.143,2,7.2,7.0,9139.0,New offer,Yes,761.6,905.8,No
C0012,31,male,West,49.6,61,No,Store,2,92.56,0.183,2,,6.0,2254.0,New offer,No,187.8,186.8,No
C0013,45,female,North,26.0,38,Yes,Online,1,96.72,0.234,4,7.0,8.0,1274.0,New offer,Yes,106.2,137.9,No
C0014,57,male,Central,58.0,42,Yes,Store,4,96.11,0.418,0,9.7,9.0,4320.0,New offer,No,360.0,371.7,No
C0015,49,male,West,52.0,32,No,Mobile app,3,74.36,0.089,1,7.4,8.0,2972.0,Standard,No,247.7,265.7,No
C0016,55,male,Central,31.9,81,Yes,Mobile app,7,132.63,0.327,1,8.3,10.0,10619.0,New offer,No,884.9,922.1,No
C0017,44,male,East,38.3,14,No,Online,0,105.88,0.125,0,7.1,5.0,0.0,Standard,No,0.0,2.5,No
C0018,26,female,West,46.1,29,No,Store,5,80.54,0.179,2,5.0,6.0,4974.0,New offer,Yes,414.5,494.2,No
C0019,27,female,North,15.7,10,Yes,Store,3,72.02,0.528,0,9.6,7.0,2341.0,Standard,No,195.1,210.0,No
C0020,55,male,North,48.8,25,No,Online,1,100.41,0.161,2,8.1,7.0,826.0,New offer,Yes,68.8,96.1,No
C0021,69,female,South,31.1,55,No,Online,4,90.64,0.252,0,7.9,9.0,3889.0,Standard,No,324.1,336.7,No
C0022,46,female,East,,58,Yes,Online,2,79.03,0.464,2,5.6,5.0,1732.0,Standard,No,144.3,140.5,Yes
C0023,60,male,South,50.5,42,No,Store,0,77.86,0.156,0,6.4,8.0,0.0,Standard,No,0.0,0.0,No
C0024,47,female,North,78.8,67,Yes,Store,1,99.92,0.36,0,10.0,9.0,758.0,New offer,Yes,63.2,85.8,No
C0025,26,female,West,39.1,9,Yes,Online,3,87.6,0.378,0,7.8,7.0,3815.0,New offer,Yes,317.9,384.9,No
C0026,25,female,West,27.2,19,No,Online,0,81.34,0.34,0,8.5,7.0,0.0,Standard,No,0.0,0.0,No
C0027,38,male,North,42.9,12,No,Store,2,53.92,0.4,2,6.4,8.0,1284.0,Standard,No,107.0,116.8,No
C0028,55,male,East,54.2,19,Yes,Online,5,103.55,0.356,1,9.4,10.0,4665.0,Standard,No,388.8,398.2,No
C0029,52,female,West,66.8,91,Yes,Store,5,120.78,0.256,0,7.9,9.0,5112.0,Standard,No,426.0,438.2,No
C0030,31,female,Central,31.3,22,Yes,Mobile app,4,105.47,0.133,1,5.8,6.0,6215.0,Standard,No,517.9,534.5,Yes
C0031,36,female,South,35.9,118,No,Online,1,64.92,0.156,1,6.2,8.0,700.0,Standard,Yes,58.3,56.4,No
C0032,37,male,South,89.5,21,No,Mobile app,5,137.67,0.413,1,6.0,5.0,6961.0,New offer,Yes,580.1,692.7,No
C0033,46,female,South,57.1,4,No,Mobile app,1,64.77,0.141,2,4.0,6.0,870.0,Standard,No,72.5,78.9,Yes
C0034,42,male,North,29.7,30,Yes,Mobile app,4,87.46,0.195,2,7.2,8.0,3608.0,New offer,No,300.7,308.1,No
C0035,35,female,West,46.7,20,No,Store,2,82.31,0.054,0,5.0,4.0,2157.0,New offer,No,179.8,191.0,No
C0036,40,male,Central,44.3,15,No,Mobile app,2,97.18,0.273,0,4.4,5.0,2090.0,New offer,No,174.2,174.5,No
C0037,29,female,North,80.4,14,No,Store,2,82.84,0.207,1,6.7,,1381.0,Standard,Yes,115.1,116.1,No
C0038,18,male,North,61.1,18,No,Store,3,70.21,0.463,0,4.8,2.0,2001.0,Standard,No,166.8,167.2,No
C0039,31,male,Central,48.7,26,No,Online,1,60.91,0.173,2,5.5,6.0,612.0,New offer,Yes,51.0,58.5,No
C0040,67,female,East,107.7,51,Yes,Online,5,144.57,0.375,0,9.7,10.0,6726.0,Standard,No,560.5,588.7,No
C0041,28,female,West,57.9,28,Yes,Store,5,79.66,0.348,2,6.3,7.0,3309.0,Standard,Yes,275.8,282.8,No
C0042,28,female,North,40.4,71,No,Online,2,98.19,0.211,0,9.1,9.0,2439.0,Standard,Yes,203.2,207.3,No
C0043,58,female,South,44.1,23,Yes,Mobile app,3,87.78,0.375,0,6.0,6.0,2406.0,New offer,Yes,200.5,242.8,No
C0044,31,female,East,58.0,38,No,Mobile app,4,89.18,0.103,0,7.5,8.0,3648.0,New offer,Yes,304.0,367.4,No
C0045,43,male,Central,56.9,21,No,Mobile app,4,85.55,0.239,3,7.0,7.0,3832.0,Standard,No,319.3,329.7,Yes
C0046,40,female,South,64.4,52,No,Mobile app,1,122.14,0.426,1,,6.0,1502.0,New offer,No,125.2,131.5,No
C0047,36,male,South,63.3,14,No,Store,4,82.8,0.166,0,6.6,8.0,2879.0,New offer,Yes,239.9,303.9,No
C0048,51,female,East,41.4,22,Yes,Online,1,88.97,0.387,3,6.2,6.0,669.0,New offer,Yes,55.8,56.2,No
C0049,48,male,East,23.3,101,Yes,Mobile app,6,87.79,0.185,1,7.8,8.0,5502.0,Standard,No,458.5,460.8,No
C0050,34,male,Central,43.4,31,Yes,Mobile app,3,66.49,0.082,0,7.3,9.0,2855.0,New offer,No,237.9,251.5,No
C0051,43,female,South,42.2,23,No,Mobile app,3,98.58,0.124,1,8.9,9.0,2663.0,Standard,No,221.9,236.9,No
C0052,52,female,East,130.5,37,No,Online,2,137.36,0.299,0,6.5,7.0,3103.0,Standard,Yes,258.6,278.6,No
C0053,57,male,Central,76.2,58,No,Mobile app,3,89.13,0.313,1,4.7,6.0,3044.0,Standard,Yes,253.7,256.0,No
C0054,40,female,West,118.8,59,No,Mobile app,4,92.97,0.208,0,3.4,5.0,3956.0,Standard,No,329.7,334.6,Yes
C0055,44,female,West,29.8,19,No,Mobile app,2,128.18,0.341,4,5.7,6.0,2479.0,Standard,No,206.6,228.5,Yes
C0056,44,male,North,73.2,16,No,Online,4,122.12,0.376,1,7.3,8.0,5663.0,Standard,No,471.9,489.9,No
C0057,50,female,South,,11,Yes,Store,4,84.14,0.162,3,3.7,4.0,2344.0,New offer,Yes,195.3,222.4,No
C0058,32,male,South,56.6,15,No,Online,2,78.76,0.264,0,4.9,5.0,1617.0,Standard,No,134.8,139.0,No
C0059,46,female,West,47.9,31,Yes,Store,4,86.9,0.022,1,8.5,7.0,3285.0,New offer,No,273.8,289.8,No
C0060,25,male,Central,37.4,36,Yes,Mobile app,4,103.58,0.238,3,5.6,5.0,5161.0,New offer,Yes,430.1,527.9,No
C0061,40,male,South,31.6,9,No,Store,4,78.74,0.191,1,7.1,8.0,3144.0,Standard,No,262.0,270.4,No
C0062,54,female,South,30.3,102,Yes,Store,2,137.62,0.301,1,8.1,8.0,2696.0,New offer,No,224.7,232.3,No
C0063,43,female,Central,66.1,29,No,Online,2,88.98,0.286,3,7.9,6.0,2174.0,Standard,No,181.2,179.1,Yes
C0064,62,female,Central,58.3,25,No,Online,1,120.79,0.463,0,10.0,8.0,1171.0,New offer,Yes,97.6,122.7,No
C0065,52,male,Central,29.7,20,Yes,Store,2,96.98,0.191,0,,10.0,2731.0,New offer,Yes,227.6,284.0,No
C0066,64,female,North,84.1,34,No,Online,5,91.57,0.232,1,7.6,8.0,4028.0,Standard,Yes,335.7,340.8,No
C0067,47,female,West,18.6,30,No,Store,3,73.99,0.226,2,5.6,4.0,2335.0,New offer,No,194.6,201.5,No
C0068,18,female,East,114.4,32,Yes,Online,0,108.92,0.237,0,7.5,9.0,0.0,New offer,No,0.0,0.0,No
C0069,54,female,West,33.7,20,Yes,Online,3,83.36,0.157,0,5.8,7.0,3211.0,Standard,No,267.6,281.3,No
C0070,28,female,North,82.8,4,No,Mobile app,2,157.93,0.472,0,6.9,8.0,2551.0,New offer,Yes,212.6,249.7,No
C0071,41,male,West,58.4,68,Yes,Store,3,94.94,0.331,0,6.5,,3909.0,New offer,Yes,325.8,385.3,No
C0072,63,male,East,60.4,31,No,Store,4,126.21,0.22,1,,,5232.0,New offer,No,436.0,463.4,No
C0073,29,male,East,36.2,67,No,Online,2,66.77,0.097,1,5.8,6.0,1854.0,New offer,Yes,154.5,185.9,Yes
C0074,32,female,South,33.1,20,No,Online,5,96.85,0.393,4,4.7,4.0,4521.0,New offer,Yes,376.8,451.5,No
C0075,39,female,Central,134.2,17,No,Mobile app,5,182.76,0.276,3,6.2,,10381.0,Standard,No,865.1,896.8,Yes
C0076,20,female,North,102.8,27,Yes,Mobile app,4,92.42,0.282,3,5.4,4.0,4138.0,Standard,No,344.8,357.7,No
C0077,22,male,South,43.8,36,No,Store,5,85.1,0.083,0,7.0,8.0,4723.0,Standard,No,393.6,417.8,No
C0078,50,male,North,32.3,20,No,Online,1,62.09,0.356,0,9.3,10.0,695.0,Standard,No,57.9,63.7,No
C0079,38,male,East,44.0,16,Yes,Store,0,75.18,0.226,0,6.4,7.0,0.0,New offer,Yes,0.0,0.0,No
C0080,75,male,South,75.1,24,No,Mobile app,3,131.65,0.114,1,7.7,8.0,5347.0,New offer,Yes,445.6,529.8,No
C0081,21,female,East,,14,No,Store,1,72.7,0.071,2,5.3,5.0,848.0,Standard,No,70.7,76.8,No
C0082,20,female,East,38.2,23,No,Mobile app,4,75.02,0.206,3,1.9,,2909.0,New offer,Yes,242.4,296.1,Yes
C0083,23,male,North,69.4,31,Yes,Store,5,77.11,0.247,0,6.8,6.0,3769.0,New offer,Yes,314.1,382.5,No
C0084,37,male,East,70.5,153,No,Mobile app,3,109.38,0.243,1,7.4,,3759.0,Standard,Yes,313.2,329.3,No
C0085,38,female,Central,56.6,9,No,Store,2,101.56,0.184,1,6.9,6.0,2198.0,Standard,No,183.2,185.0,No
C0086,54,female,South,103.8,52,Yes,Store,4,125.58,0.349,2,8.1,8.0,6171.0,Standard,No,514.2,528.8,No
C0087,48,male,North,25.5,32,No,Store,1,79.25,0.121,1,8.3,7.0,1061.0,New offer,No,88.4,68.8,No
C0088,49,female,South,30.3,35,Yes,Store,5,118.87,0.247,0,9.0,8.0,6683.0,New offer,Yes,556.9,694.1,No
C0089,57,male,East,38.6,24,Yes,Online,6,64.96,0.31,1,4.4,5.0,4104.0,New offer,Yes,342.0,408.4,No
C0090,51,male,South,59.8,25,No,Mobile app,3,144.8,0.147,1,6.7,8.0,4583.0,Standard,No,381.9,401.9,No
C0091,76,female,South,42.6,21,No,Online,1,69.94,0.122,1,5.0,5.0,749.0,Standard,No,62.4,69.5,No
C0092,36,male,South,77.8,39,No,Online,0,106.69,0.386,0,9.0,10.0,0.0,New offer,Yes,0.0,0.6,No
C0093,36,male,East,59.6,43,No,Mobile app,3,77.31,0.589,0,6.2,7.0,2400.0,Standard,No,200.0,204.2,Yes
C0094,63,female,North,38.6,32,No,Online,3,49.51,0.25,1,4.5,6.0,2197.0,Standard,No,183.1,182.7,No
C0095,37,female,East,38.0,53,Yes,Online,4,111.79,0.616,2,7.1,10.0,4647.0,New offer,Yes,387.2,469.5,Yes
C0096,26,female,East,81.1,41,Yes,Store,4,113.18,0.315,1,7.6,9.0,4474.0,New offer,Yes,372.8,438.7,No
C0097,46,male,South,55.4,29,Yes,Online,5,77.93,0.266,0,6.9,7.0,3816.0,Standard,No,318.0,332.5,No
C0098,61,male,South,31.7,107,Yes,Online,1,98.22,0.336,1,8.0,6.0,1029.0,Standard,No,85.8,86.8,No
C0099,22,female,South,22.4,34,No,Mobile app,4,54.69,0.121,1,7.8,7.0,2903.0,New offer,Yes,241.9,300.9,No
C0100,34,female,North,28.1,18,Yes,Online,6,75.07,0.562,0,10.0,9.0,5789.0,New offer,Yes,482.4,566.8,No
C0101,25,female,Central,39.2,6,Yes,Store,6,84.7,0.108,0,5.3,6.0,4632.0,New offer,Yes,386.0,451.6,No
C0102,21,male,East,59.5,26,No,Online,0,74.95,0.31,0,7.3,7.0,0.0,New offer,No,0.0,0.0,Yes
C0103,38,female,East,54.3,51,Yes,Store,3,74.26,0.508,1,7.2,8.0,2068.0,New offer,No,172.3,188.3,No
C0104,54,male,East,40.7,19,No,Mobile app,8,74.88,0.066,4,,4.0,7808.0,Standard,Yes,650.7,676.3,No
C0105,29,male,Central,77.7,5,Yes,Online,5,121.22,0.243,2,5.5,3.0,5608.0,Standard,Yes,467.3,483.4,No
C0106,35,female,Central,82.6,26,No,Online,3,82.89,0.092,1,5.9,7.0,2721.0,New offer,Yes,226.8,279.1,No
C0107,26,female,East,32.2,28,No,Store,3,68.68,0.041,1,3.5,3.0,2660.0,New offer,No,221.7,215.5,Yes
C0108,21,female,South,32.3,64,No,Online,2,77.3,0.274,0,6.1,6.0,1536.0,Standard,No,128.0,131.0,No
C0109,54,male,Central,74.5,19,Yes,Store,6,90.98,0.18,1,8.6,8.0,7393.0,New offer,No,616.1,654.3,No
C0110,35,male,South,57.9,56,Yes,Store,2,94.64,0.563,0,8.9,10.0,1719.0,Standard,Yes,143.2,156.6,No
C0111,50,male,West,121.2,19,No,Store,0,115.62,0.208,1,3.7,3.0,0.0,Standard,No,0.0,3.2,No
C0112,22,male,North,39.7,38,Yes,Online,4,76.59,0.405,0,8.0,9.0,4058.0,New offer,Yes,338.2,407.0,No
C0113,44,male,South,,5,No,Online,2,58.58,0.42,0,3.9,4.0,1437.0,New offer,No,119.8,126.2,Yes
C0114,34,female,East,83.4,25,No,Store,1,116.67,0.064,0,7.4,8.0,1316.0,Standard,Yes,109.7,114.6,Yes
C0115,24,female,North,55.4,11,No,Store,3,87.48,0.468,0,6.8,5.0,3149.0,New offer,No,262.4,267.3,No
C0116,28,male,West,60.7,21,No,Online,2,121.27,0.112,0,9.0,9.0,3723.0,Standard,No,310.2,322.2,No
C0117,19,female,South,58.9,29,No,Online,3,99.95,0.439,0,6.0,4.0,2453.0,New offer,No,204.4,218.0,No
C0118,30,male,East,54.4,24,No,Store,0,70.95,0.521,1,4.2,2.0,0.0,New offer,No,0.0,0.2,No
C0119,32,male,South,60.6,58,No,Mobile app,2,90.5,0.594,1,4.5,4.0,1967.0,Standard,No,163.9,171.8,No
C0120,21,female,West,41.9,28,No,Store,1,75.39,0.118,0,6.9,7.0,717.0,Standard,No,59.8,62.0,No
C0121,34,female,West,62.2,15,Yes,Mobile app,4,131.19,0.176,2,9.2,10.0,6753.0,New offer,Yes,562.8,687.0,No
C0122,32,male,Central,36.6,16,No,Store,0,45.6,0.224,0,7.2,6.0,0.0,New offer,Yes,0.0,0.0,No
C0123,32,male,West,58.7,44,No,Mobile app,5,91.17,0.321,0,6.1,7.0,4424.0,Standard,No,368.7,383.6,No
C0124,48,male,North,53.0,5,No,Mobile app,5,93.85,0.188,3,6.1,5.0,5223.0,New offer,No,435.2,459.7,Yes
C0125,27,male,Central,52.1,34,No,Mobile app,1,59.99,0.16,2,,,555.0,Standard,No,46.2,42.1,Yes
C0126,69,female,South,72.0,28,Yes,Store,3,78.83,0.202,0,7.9,8.0,2709.0,New offer,No,225.8,231.0,No
C0127,30,female,East,76.5,76,Yes,Mobile app,2,109.17,0.075,1,7.5,7.0,2358.0,Standard,Yes,196.5,195.5,No
C0128,44,male,East,70.2,32,Yes,Mobile app,6,103.55,0.35,1,7.1,8.0,5731.0,Standard,Yes,477.6,510.4,No
C0129,42,female,East,35.1,25,No,Store,3,69.11,0.289,1,5.8,4.0,2767.0,Standard,No,230.6,236.2,No
C0130,28,male,West,70.8,11,Yes,Store,5,100.19,0.247,0,,9.0,5592.0,Standard,No,466.0,494.7,No
C0131,56,male,North,40.6,38,No,Store,1,65.87,0.168,2,5.8,5.0,962.0,Standard,No,80.2,80.2,No
C0132,30,male,Central,92.7,16,No,Online,2,79.69,0.543,1,5.4,4.0,1598.0,New offer,No,133.2,133.3,No
C0133,44,male,South,71.7,5,Yes,Online,4,94.83,0.242,1,7.3,8.0,3927.0,New offer,No,327.2,339.3,No
C0134,44,male,Central,80.6,49,Yes,Store,4,100.25,0.274,1,6.6,6.0,3898.0,Standard,No,324.8,338.8,No
C0135,26,female,West,89.7,42,Yes,Store,1,118.24,0.097,1,6.4,7.0,1406.0,New offer,Yes,117.2,132.5,No
C0136,55,female,Central,60.9,46,No,Online,4,115.16,0.107,0,5.3,6.0,7715.0,New offer,Yes,642.9,774.5,No
C0137,38,male,North,35.5,18,No,Mobile app,4,68.88,0.134,0,6.3,8.0,3378.0,Standard,Yes,281.5,285.0,No
C0138,33,male,Central,104.1,3,No,Online,1,88.85,0.182,2,3.4,3.0,1089.0,New offer,No,90.8,106.0,No
C0139,18,male,Central,24.7,39,Yes,Mobile app,9,68.34,0.05,0,7.9,6.0,6503.0,Standard,Yes,541.9,569.9,No
C0140,45,female,Central,49.3,10,No,Store,2,102.52,0.331,2,5.5,8.0,2192.0,Standard,Yes,182.7,187.8,Yes
C0141,41,male,South,53.9,56,Yes,Store,4,81.94,0.207,0,7.9,8.0,3703.0,New offer,No,308.6,323.5,Yes
C0142,18,female,East,60.1,25,Yes,Store,8,84.77,0.388,1,7.6,8.0,7621.0,Standard,Yes,635.1,658.4,No
C0143,66,male,North,45.0,13,Yes,Mobile app,4,87.36,0.419,1,8.4,8.0,4929.0,New offer,Yes,410.8,489.8,No
C0144,50,male,Central,75.3,42,No,Mobile app,3,81.1,0.192,1,6.4,6.0,2494.0,Standard,No,207.8,217.6,Yes
C0145,43,male,Central,45.1,42,Yes,Store,4,55.21,0.126,2,3.9,2.0,2453.0,Standard,No,204.4,203.9,No
C0146,42,female,East,65.4,70,Yes,Mobile app,5,80.66,0.212,0,6.5,8.0,4930.0,Standard,Yes,410.8,415.4,No
C0147,62,female,West,34.8,8,No,Store,3,67.71,0.212,1,7.5,7.0,1869.0,New offer,Yes,155.8,179.6,No
C0148,35,male,Central,75.2,8,Yes,Online,3,95.2,0.079,1,5.0,4.0,3942.0,New offer,Yes,328.5,410.7,Yes
C0149,18,female,North,50.8,20,No,Mobile app,2,95.27,0.48,1,,8.0,2012.0,New offer,No,167.7,165.3,No
C0150,48,female,West,28.3,53,Yes,Online,5,87.82,0.314,1,5.8,5.0,4967.0,Standard,Yes,413.9,432.1,No
C0151,54,male,West,40.2,18,Yes,Store,1,101.6,0.061,0,,9.0,1105.0,New offer,No,92.1,90.4,No
C0152,61,male,North,61.9,89,No,Store,2,129.34,0.485,0,7.4,8.0,2530.0,Standard,No,210.8,235.8,No
C0153,35,male,East,54.8,21,No,Store,1,81.58,0.531,1,7.5,6.0,858.0,Standard,No,71.5,69.9,No
C0154,46,male,North,77.6,115,Yes,Store,3,104.16,0.153,1,10.0,9.0,4195.0,New offer,Yes,349.6,406.6,No
C0155,31,male,East,37.4,22,Yes,Mobile app,1,102.76,0.124,1,5.6,3.0,1588.0,New offer,Yes,132.3,161.6,No
C0156,40,male,Central,,7,No,Mobile app,6,89.52,0.11,2,5.5,4.0,5425.0,New offer,Yes,452.1,540.5,Yes
C0157,42,male,West,50.9,23,No,Online,2,93.06,0.224,3,6.7,6.0,1545.0,Standard,No,128.8,128.1,No
C0158,27,female,Central,17.4,37,Yes,Online,4,111.42,0.425,2,6.1,5.0,4004.0,New offer,No,333.7,347.2,Yes
C0159,28,female,West,90.2,67,Yes,Online,3,157.56,0.146,0,6.0,7.0,5478.0,Standard,Yes,456.5,490.5,No
C0160,41,female,Central,41.5,7,Yes,Mobile app,5,74.4,0.726,0,6.0,5.0,3707.0,New offer,No,308.9,321.1,No
C0161,37,male,South,65.6,53,No,Mobile app,1,81.7,0.153,0,5.7,5.0,953.0,New offer,No,79.4,99.4,No
C0162,44,female,East,46.2,46,No,Online,1,73.41,0.409,1,7.4,7.0,758.0,Standard,No,63.2,70.1,No
C0163,31,male,East,57.7,19,No,Online,2,109.89,0.129,1,5.7,7.0,2386.0,New offer,No,198.8,210.3,No
C0164,31,male,West,38.8,27,No,Mobile app,7,75.92,0.103,2,6.4,6.0,4783.0,Standard,Yes,398.6,410.1,No
C0165,22,male,Central,43.6,17,No,Store,1,71.41,0.408,3,5.4,6.0,740.0,Standard,No,61.7,65.2,No
C0166,60,female,West,68.4,30,No,Mobile app,6,99.28,0.483,2,4.4,3.0,7264.0,New offer,No,605.3,632.8,Yes
C0167,50,female,South,26.1,20,Yes,Online,5,86.42,0.315,0,7.2,6.0,4682.0,New offer,No,390.2,405.7,No
C0168,57,other,North,30.9,16,No,Store,6,116.36,0.131,1,7.6,7.0,7389.0,New offer,Yes,615.8,740.3,No
C0169,60,female,East,70.1,12,Yes,Online,5,95.25,0.093,3,6.7,5.0,6109.0,New offer,Yes,509.1,615.9,No
C0170,37,male,West,,36,Yes,Store,2,116.06,0.359,2,7.5,7.0,2986.0,Standard,No,248.8,255.0,No
C0171,38,female,North,52.0,46,No,Mobile app,4,74.52,0.182,1,3.5,4.0,3354.0,New offer,Yes,279.5,331.6,No
C0172,42,female,West,74.0,40,No,Store,3,91.2,0.138,0,7.7,7.0,2853.0,New offer,No,237.8,243.6,No
C0173,37,female,West,30.2,42,Yes,Online,1,79.38,0.434,0,6.2,5.0,830.0,New offer,No,69.2,68.4,No
C0174,50,male,Central,91.9,3,No,Mobile app,0,121.63,0.173,2,5.5,8.0,0.0,Standard,No,0.0,5.8,No
C0175,68,female,West,41.9,23,No,Online,1,89.82,0.241,1,9.0,9.0,1130.0,New offer,No,94.2,96.4,No
C0176,46,female,East,97.8,14,No,Store,2,90.7,0.084,2,4.6,5.0,2102.0,New offer,Yes,175.2,212.0,Yes
C0177,51,male,West,62.7,47,Yes,Online,7,125.22,0.196,1,6.0,5.0,9191.0,Standard,No,765.9,810.4,No
C0178,43,female,Central,35.9,15,Yes,Online,2,109.55,0.119,1,10.0,10.0,2295.0,Standard,Yes,191.2,194.2,No
C0179,59,female,Central,38.5,11,No,Store,1,74.99,0.621,1,,7.0,816.0,Standard,No,68.0,55.7,No
C0180,28,female,East,62.4,28,Yes,Online,2,103.71,0.248,0,7.6,8.0,2256.0,Standard,No,188.0,196.6,No
C0181,25,male,Central,29.7,24,Yes,Mobile app,5,48.28,0.187,3,6.5,5.0,2524.0,Standard,No,210.3,219.4,Yes
C0182,39,male,Central,153.5,8,No,Online,1,207.58,0.56,0,6.8,7.0,2376.0,Standard,No,198.0,200.6,No
C0183,58,male,Central,112.9,30,Yes,Mobile app,4,160.53,0.046,0,6.5,4.0,7988.0,Standard,Yes,665.7,697.1,No
C0184,61,male,North,36.8,27,No,Store,3,96.32,0.29,2,6.0,7.0,2171.0,Standard,No,180.9,177.0,No
C0185,45,male,South,29.1,8,No,Mobile app,1,62.49,0.134,0,9.4,9.0,616.0,New offer,Yes,51.3,62.2,No
C0186,57,female,North,64.2,44,No,Mobile app,5,55.96,0.276,1,5.1,3.0,2811.0,Standard,No,234.2,250.8,No
C0187,57,female,South,66.0,17,Yes,Online,6,80.59,0.339,1,3.1,1.0,3948.0,New offer,Yes,329.0,398.5,No
C0188,34,male,North,48.2,26,Yes,Store,4,170.76,0.402,0,6.2,6.0,7975.0,Standard,Yes,664.6,697.9,No
C0189,53,female,West,121.3,17,No,Store,0,91.89,0.527,0,5.9,6.0,0.0,New offer,No,0.0,0.0,No
C0190,37,female,North,67.8,6,No,Mobile app,3,107.95,0.34,1,5.2,,3895.0,New offer,Yes,324.6,392.7,No
C0191,43,male,South,127.7,13,Yes,Store,4,135.55,0.172,0,8.7,6.0,6852.0,New offer,Yes,571.0,677.7,No
C0192,45,male,North,32.9,29,Yes,Online,3,90.62,0.352,0,7.7,8.0,3970.0,New offer,Yes,330.8,399.8,No
C0193,64,female,South,43.3,23,Yes,Online,3,157.63,0.538,0,,7.0,4368.0,New offer,Yes,364.0,442.4,No
C0194,35,female,West,23.8,3,Yes,Store,3,76.51,0.222,0,7.6,7.0,2361.0,Standard,Yes,196.8,210.5,No
C0195,42,female,West,61.1,26,Yes,Mobile app,4,140.53,0.245,3,6.6,9.0,6440.0,New offer,Yes,536.7,647.9,No
C0196,54,female,South,47.3,65,Yes,Online,3,101.81,0.214,1,6.2,,3732.0,New offer,No,311.0,311.3,Yes
C0197,58,female,South,52.5,15,No,Mobile app,3,72.88,0.304,0,5.9,7.0,2601.0,New offer,No,216.8,223.2,Yes
C0198,41,male,West,61.0,19,Yes,Mobile app,6,93.33,0.066,1,9.8,10.0,6474.0,Standard,Yes,539.5,566.7,No
C0199,38,male,South,50.6,35,No,Online,1,125.16,0.235,0,7.6,10.0,1944.0,New offer,No,162.0,160.3,Yes
C0200,73,female,East,28.1,44,Yes,Mobile app,5,92.81,0.051,0,6.7,7.0,3921.0,New offer,No,326.8,333.2,No
C0201,22,male,North,22.5,84,No,Mobile app,1,81.58,0.079,2,8.0,7.0,1243.0,New offer,Yes,103.6,133.5,No
C0202,56,female,North,82.4,51,Yes,Store,4,80.04,0.283,2,6.1,5.0,4048.0,New offer,No,337.3,339.2,No
C0203,49,male,West,75.8,19,Yes,Store,9,118.98,0.188,0,8.0,,12114.0,New offer,No,1009.5,1046.3,No
C0204,33,female,South,19.8,69,Yes,Store,4,57.44,0.616,2,6.2,6.0,1925.0,Standard,No,160.4,166.9,Yes
C0205,51,female,East,27.5,32,Yes,Mobile app,4,88.72,0.527,1,7.2,8.0,4233.0,Standard,No,352.8,369.5,No
C0206,44,male,North,52.9,16,Yes,Store,6,102.57,0.131,0,7.1,8.0,9412.0,New offer,No,784.3,815.3,No
C0207,46,female,Central,,7,No,Mobile app,5,67.73,0.304,0,5.5,6.0,2768.0,New offer,No,230.7,232.6,Yes
C0208,38,male,Central,52.6,7,Yes,Online,7,114.17,0.171,0,7.6,9.0,10214.0,New offer,No,851.2,868.7,No
C0209,51,male,North,62.4,45,No,Store,6,70.39,0.159,0,6.9,8.0,6769.0,Standard,No,564.1,578.2,No
C0210,31,female,West,55.6,41,No,Store,1,80.88,0.054,2,6.2,8.0,969.0,New offer,No,80.8,83.7,No
C0211,62,female,East,,31,No,Mobile app,7,79.84,0.164,1,6.3,,6029.0,Standard,No,502.4,529.1,No
C0212,35,female,South,69.9,20,No,Store,1,79.66,0.225,1,5.5,7.0,861.0,Standard,No,71.8,73.8,Yes
C0213,35,female,East,19.8,62,Yes,Store,2,96.89,0.069,0,8.2,10.0,2239.0,Standard,No,186.6,200.7,No
C0214,40,male,South,102.1,41,Yes,Mobile app,8,120.37,0.041,1,7.9,,14085.0,New offer,Yes,1173.8,1414.1,No
C0215,22,female,Central,34.5,6,Yes,Online,4,85.01,0.465,1,6.8,7.0,3284.0,New offer,No,273.7,285.2,Yes
C0216,67,female,Central,33.2,24,Yes,Online,6,106.29,0.188,0,9.5,10.0,8677.0,Standard,No,723.1,751.9,No
C0217,18,male,West,31.1,38,Yes,Online,6,59.75,0.247,0,8.5,9.0,4244.0,New offer,Yes,353.7,420.5,No
C0218,22,male,East,,40,Yes,Mobile app,5,83.2,0.202,2,5.9,5.0,3909.0,New offer,Yes,325.8,385.1,No
C0219,46,female,South,33.4,58,No,Store,4,54.13,0.603,0,3.7,3.0,2063.0,Standard,No,171.9,180.1,No
C0220,47,male,South,52.8,36,No,Mobile app,7,70.89,0.201,1,4.4,5.0,5583.0,Standard,Yes,465.2,492.5,No
C0221,48,male,Central,44.9,4,No,Store,2,64.67,0.249,1,,5.0,1803.0,New offer,No,150.2,151.7,Yes
C0222,54,male,North,40.5,5,Yes,Store,3,75.41,0.306,0,5.4,4.0,2757.0,New offer,Yes,229.8,277.5,No
C0223,38,female,East,48.8,42,Yes,Store,3,110.89,0.14,2,8.8,9.0,3764.0,New offer,Yes,313.7,370.7,No
C0224,45,female,West,100.3,18,No,Online,4,105.95,0.419,0,7.7,7.0,4145.0,New offer,No,345.4,365.8,No
C0225,54,male,East,90.0,32,Yes,Online,1,103.18,0.329,0,8.4,9.0,1018.0,New offer,Yes,84.8,101.9,No
C0226,36,male,North,44.5,58,Yes,Store,4,80.88,0.674,3,5.7,6.0,2880.0,New offer,No,240.0,234.1,No
C0227,50,female,East,31.2,26,No,Online,1,72.86,0.351,0,7.7,9.0,794.0,Standard,No,66.2,63.8,No
C0228,24,male,North,53.0,12,Yes,Store,3,95.43,0.12,0,8.5,9.0,2797.0,Standard,Yes,233.1,250.4,No
C0229,40,female,West,30.9,9,Yes,Online,2,80.61,0.172,0,7.9,10.0,2212.0,Standard,Yes,184.3,192.7,No
C0230,75,male,West,75.5,27,Yes,Online,4,92.8,0.652,0,9.5,10.0,3613.0,Standard,No,301.1,309.7,No
C0231,48,male,South,102.0,22,No,Online,2,106.05,0.212,0,5.3,4.0,1860.0,Standard,No,155.0,154.1,No
C0232,64,male,East,59.8,71,No,Store,1,90.86,0.543,0,8.6,8.0,1068.0,New offer,Yes,89.0,105.8,No
C0233,35,male,West,81.3,11,No,Online,5,80.23,0.149,1,6.5,6.0,4600.0,Standard,No,383.3,402.1,Yes
C0234,57,female,Central,52.9,9,No,Mobile app,2,110.43,0.576,2,5.6,5.0,2220.0,Standard,No,185.0,193.3,Yes
C0235,51,female,Central,119.6,60,Yes,Store,8,117.9,0.266,1,5.2,4.0,11819.0,New offer,No,984.9,1036.0,No
C0236,22,female,East,19.6,30,No,Store,5,101.25,0.685,0,6.7,8.0,7093.0,New offer,No,591.1,611.0,No
C0237,22,female,Central,38.6,22,Yes,Mobile app,5,66.88,0.303,0,8.7,9.0,3032.0,Standard,No,252.7,259.8,No
C0238,55,female,South,67.0,17,No,Store,1,113.94,0.093,0,5.5,7.0,1409.0,New offer,Yes,117.4,142.4,No
C0239,50,female,East,30.5,28,No,Online,1,70.16,0.286,1,4.0,4.0,752.0,New offer,No,62.7,55.6,Yes
C0240,40,female,Central,40.0,39,No,Store,3,93.65,0.17,0,6.0,5.0,2921.0,New offer,No,243.4,254.6,No
C0241,44,male,North,25.0,25,No,Store,0,61.53,0.572,0,6.0,7.0,0.0,New offer,Yes,0.0,0.0,No
C0242,18,male,South,,40,Yes,Store,9,77.64,0.039,2,7.6,7.0,8099.0,New offer,Yes,674.9,804.9,No
C0243,30,male,Central,19.5,36,Yes,Online,1,93.64,0.343,0,5.2,6.0,1074.0,New offer,No,89.5,84.7,No
C0244,30,male,West,103.4,44,Yes,Mobile app,3,151.24,0.178,2,7.6,9.0,6149.0,Standard,Yes,512.4,540.0,No
C0245,18,female,North,30.9,65,No,Online,0,85.04,0.432,3,,6.0,0.0,New offer,Yes,0.0,0.0,No
C0246,36,female,North,40.5,11,No,Mobile app,3,111.1,0.06,0,9.2,10.0,3524.0,Standard,No,293.7,296.1,No
C0247,51,male,West,54.2,26,No,Mobile app,4,72.62,0.175,2,6.4,6.0,3131.0,Standard,No,260.9,274.3,No
C0248,25,female,South,32.5,61,Yes,Store,3,79.14,0.412,0,6.3,5.0,2548.0,Standard,No,212.3,221.3,No
C0249,69,other,West,37.0,90,Yes,Mobile app,4,66.73,0.223,0,6.4,5.0,2584.0,Standard,No,215.3,220.6,No
C0250,61,male,West,79.3,25,Yes,Store,4,129.85,0.061,0,8.6,9.0,5346.0,Standard,No,445.5,474.3,No
C0251,59,male,South,45.1,9,No,Online,2,109.08,0.127,0,,5.0,2464.0,Standard,No,205.3,227.7,No
C0252,53,male,South,48.7,10,No,Online,2,95.19,0.186,1,5.9,4.0,2670.0,Standard,No,222.5,226.4,No
C0253,28,male,North,37.5,53,Yes,Mobile app,8,74.77,0.381,1,8.3,8.0,5991.0,Standard,Yes,499.2,513.7,No
C0254,40,female,West,27.4,33,No,Store,3,95.04,0.372,1,5.2,6.0,2779.0,New offer,No,231.6,244.0,Yes
C0255,34,male,Central,54.9,52,No,Store,5,126.11,0.281,2,7.1,6.0,5567.0,Standard,No,463.9,473.6,No
C0256,32,male,West,44.7,36,No,Store,3,72.36,0.355,0,6.3,9.0,2198.0,New offer,No,183.2,196.6,No
C0257,55,female,West,32.7,33,No,Store,0,82.14,0.178,0,8.4,7.0,0.0,Standard,No,0.0,10.5,No
C0258,57,male,Central,66.5,24,Yes,Online,0,137.31,0.355,1,6.6,3.0,0.0,New offer,No,0.0,0.0,No
C0259,49,female,West,44.5,15,Yes,Store,6,129.37,0.295,2,6.9,8.0,8432.0,New offer,No,702.7,731.6,Yes
C0260,54,male,North,80.6,6,No,Store,2,97.0,0.588,0,6.9,9.0,2298.0,New offer,Yes,191.5,226.8,No
C0261,63,male,North,51.6,36,No,Store,3,86.79,0.168,0,5.3,5.0,3312.0,New offer,Yes,276.0,327.3,No
C0262,42,female,South,42.8,19,Yes,Mobile app,3,65.77,0.172,1,5.9,,2234.0,Standard,No,186.2,191.1,No
C0263,52,male,West,59.7,14,No,Store,4,101.74,0.243,2,5.9,7.0,5508.0,New offer,Yes,459.0,566.8,No
C0264,53,male,East,56.5,12,Yes,Store,3,113.32,0.268,2,8.5,10.0,4401.0,New offer,No,366.8,386.8,No
C0265,39,male,South,45.5,12,No,Mobile app,0,89.19,0.229,0,6.2,6.0,0.0,New offer,No,0.0,0.0,No
C0266,45,female,Central,95.1,30,Yes,Online,3,108.15,0.415,1,7.5,8.0,3867.0,Standard,No,322.2,327.2,Yes
C0267,48,female,West,25.2,47,No,Online,4,84.51,0.392,1,7.0,8.0,3560.0,New offer,No,296.7,324.1,Yes
C0268,42,female,Central,47.8,21,Yes,Store,6,79.13,0.384,1,8.5,9.0,5117.0,New offer,Yes,426.4,511.7,No
C0269,55,male,South,34.0,34,No,Mobile app,5,65.07,0.135,0,7.3,7.0,4638.0,Standard,No,386.5,388.8,No
C0270,40,male,West,40.9,74,Yes,Mobile app,3,109.59,0.128,2,6.1,,3471.0,Standard,No,289.2,302.1,No
C0271,46,female,West,38.1,23,Yes,Store,2,112.62,0.124,1,9.1,8.0,2810.0,New offer,No,234.2,240.3,No
C0272,42,male,West,68.8,23,Yes,Store,4,143.04,0.386,1,8.7,9.0,4981.0,New offer,No,415.1,445.1,No
C0273,47,male,North,53.3,8,No,Online,4,90.36,0.56,1,5.7,,2884.0,New offer,No,240.3,236.0,No
C0274,49,female,South,36.5,37,Yes,Store,7,68.73,0.174,0,5.7,4.0,7216.0,Standard,Yes,601.3,613.4,No
C0275,46,male,West,20.9,15,No,Mobile app,2,72.03,0.266,0,6.3,,2052.0,New offer,Yes,171.0,204.3,No
C0276,38,female,Central,83.6,83,Yes,Online,2,105.43,0.222,0,7.2,8.0,2513.0,New offer,Yes,209.4,239.0,No
C0277,46,male,East,34.0,52,No,Online,3,73.74,0.261,3,6.4,7.0,2393.0,New offer,No,199.4,189.1,No
C0278,48,female,North,31.1,40,No,Online,4,101.6,0.501,2,7.6,7.0,2747.0,New offer,No,228.9,245.1,No
C0279,55,female,North,67.4,30,Yes,Online,6,99.65,0.146,0,8.4,6.0,6113.0,New offer,Yes,509.4,622.4,No
C0280,25,male,Central,57.5,18,Yes,Store,5,86.22,0.243,2,6.2,,5340.0,New offer,No,445.0,454.3,No
C0281,43,female,North,70.6,37,Yes,Online,6,123.88,0.231,0,10.0,7.0,8258.0,Standard,No,688.2,728.0,No
C0282,18,female,Central,77.9,117,Yes,Mobile app,0,108.7,0.413,1,9.9,9.0,0.0,Standard,No,0.0,0.0,No
C0283,37,female,North,57.1,29,No,Online,1,161.59,0.115,0,5.4,5.0,2331.0,Standard,No,194.2,201.2,No
C0284,18,male,West,64.3,26,No,Online,2,80.22,0.348,1,4.7,5.0,1661.0,Standard,No,138.4,158.7,No
C0285,44,female,South,55.5,51,Yes,Store,3,98.33,0.297,0,6.8,8.0,4328.0,New offer,No,360.7,377.4,No
C0286,48,female,East,37.6,15,Yes,Online,3,70.34,0.259,0,,4.0,2122.0,New offer,Yes,176.8,215.1,No
C0287,65,female,East,29.8,3,No,Store,3,60.94,0.277,1,7.3,8.0,2044.0,New offer,No,170.3,184.3,No
C0288,56,female,East,41.9,19,Yes,Mobile app,2,77.32,0.426,0,5.0,7.0,1873.0,Standard,No,156.1,169.1,No
C0289,41,female,West,24.3,8,Yes,Online,6,60.04,0.162,2,5.6,6.0,4021.0,Standard,Yes,335.1,350.6,No
C0290,36,female,South,46.3,19,No,Store,1,61.79,0.288,1,3.2,0.0,529.0,New offer,No,44.1,33.9,No
C0291,63,female,South,37.4,20,No,Store,5,72.99,0.194,1,10.0,8.0,4834.0,Standard,No,402.8,426.9,No
C0292,44,other,South,75.0,50,Yes,Store,3,85.86,0.321,0,,6.0,2907.0,New offer,No,242.2,257.2,No
C0293,47,female,North,56.8,56,No,Store,2,99.01,0.206,0,7.9,7.0,2494.0,Standard,Yes,207.8,215.8,No
C0294,25,female,Central,72.5,24,No,Mobile app,3,88.9,0.441,0,4.5,5.0,2838.0,Standard,No,236.5,238.4,Yes
C0295,49,male,West,67.6,29,Yes,Mobile app,2,126.63,0.297,0,8.3,9.0,2893.0,Standard,Yes,241.1,255.1,No
C0296,31,female,Central,32.4,43,No,Store,2,120.63,0.351,0,6.2,6.0,3241.0,New offer,Yes,270.1,325.9,No
C0297,47,female,South,33.4,10,No,Mobile app,2,94.48,0.071,1,6.0,6.0,2811.0,Standard,No,234.2,259.5,No
C0298,67,female,Central,61.5,15,Yes,Store,2,113.99,0.509,0,6.5,8.0,2239.0,Standard,Yes,186.6,198.1,No
C0299,42,male,South,37.1,65,No,Store,1,90.29,0.285,1,7.9,5.0,1008.0,New offer,No,84.0,93.3,Yes
C0300,51,male,Central,39.1,33,Yes,Online,1,115.88,0.429,1,6.1,,1400.0,Standard,No,116.7,115.5,No
C0301,36,male,Central,32.6,53,No,Store,1,71.94,0.458,1,7.7,7.0,713.0,Standard,No,59.4,70.9,Yes
C0302,19,male,East,29.7,69,No,Online,1,109.26,0.665,3,6.9,8.0,1360.0,Standard,No,113.3,110.0,No
C0303,33,male,North,43.8,15,No,Mobile app,4,75.47,0.382,1,10.0,10.0,3652.0,New offer,Yes,304.3,373.0,No
C0304,31,male,North,,35,No,Store,4,129.7,0.14,0,7.8,8.0,6045.0,New offer,No,503.8,514.8,No
C0305,18,male,Central,48.8,14,Yes,Online,4,119.59,0.231,2,7.8,6.0,6770.0,Standard,No,564.2,595.3,No
C0306,33,female,West,51.6,66,No,Store,2,98.24,0.113,2,6.2,6.0,2024.0,Standard,Yes,168.7,170.8,No
C0307,41,female,Central,56.9,20,No,Store,1,75.32,0.209,2,5.7,5.0,908.0,Standard,No,75.7,81.9,Yes
C0308,47,female,North,95.9,12,No,Store,0,116.04,0.056,2,3.4,1.0,0.0,Standard,Yes,0.0,0.7,No
C0309,47,female,West,47.9,50,No,Store,3,76.7,0.185,1,5.9,6.0,2398.0,Standard,No,199.8,213.1,No
C0310,30,male,West,94.2,18,No,Store,3,89.15,0.423,2,5.9,5.0,2895.0,Standard,No,241.2,250.9,No
C0311,22,female,Central,31.9,54,No,Online,2,80.11,0.295,1,6.1,8.0,1305.0,New offer,No,108.8,102.9,Yes
C0312,44,female,South,34.6,44,No,Store,2,97.5,0.298,0,8.1,7.0,3305.0,New offer,Yes,275.4,321.2,No
C0313,39,female,West,46.2,15,Yes,Store,6,92.17,0.187,1,5.6,5.0,5737.0,Standard,No,478.1,498.4,No
C0314,52,male,South,43.5,47,Yes,Mobile app,3,108.94,0.112,0,9.0,7.0,4045.0,Standard,No,337.1,342.9,No
C0315,77,female,West,88.9,40,Yes,Store,5,117.14,0.157,0,9.2,10.0,9144.0,New offer,Yes,762.0,909.9,No
C0316,46,male,Central,36.8,60,Yes,Store,3,67.49,0.157,0,7.3,8.0,2113.0,Standard,No,176.1,186.6,No
C0317,51,male,Central,37.6,21,Yes,Online,4,75.81,0.533,0,8.0,7.0,2970.0,Standard,Yes,247.5,250.3,No
C0318,18,male,North,45.8,11,No,Mobile app,2,74.12,0.214,2,5.5,9.0,1778.0,New offer,Yes,148.2,181.0,No
C0319,33,female,Central,36.8,37,Yes,Store,2,62.21,0.099,1,5.3,5.0,1677.0,Standard,No,139.8,131.0,No
C0320,25,male,West,59.8,45,No,Online,6,107.89,0.103,0,7.7,6.0,10942.0,New offer,Yes,911.8,1096.0,No
C0321,33,male,West,38.2,12,Yes,Online,2,80.09,0.578,1,6.4,,1374.0,New offer,Yes,114.5,132.4,No
C0322,25,female,Central,32.3,33,Yes,Mobile app,0,77.62,0.319,0,8.1,8.0,0.0,New offer,Yes,0.0,3.0,No
C0323,59,female,West,61.8,22,Yes,Mobile app,5,109.04,0.249,1,6.6,5.0,7708.0,New offer,No,642.3,677.7,No
C0324,34,female,Central,39.3,19,Yes,Store,3,87.0,0.072,0,4.1,4.0,3762.0,Standard,No,313.5,330.9,No
C0325,45,male,South,82.4,11,No,Store,4,113.07,0.373,1,7.6,7.0,4697.0,New offer,Yes,391.4,474.4,No
C0326,26,male,North,67.6,62,Yes,Mobile app,4,121.52,0.129,2,8.4,8.0,4169.0,New offer,No,347.4,366.3,No
C0327,27,male,East,22.8,61,Yes,Store,0,89.83,0.112,1,6.6,7.0,0.0,New offer,Yes,0.0,7.7,No
C0328,77,female,East,33.1,52,No,Mobile app,1,59.4,0.218,2,5.9,4.0,929.0,Standard,No,77.4,83.1,Yes
C0329,29,female,West,133.5,61,Yes,Online,4,117.53,0.103,4,5.0,5.0,6894.0,Standard,Yes,574.5,593.1,No
C0330,25,male,West,33.4,78,Yes,Mobile app,10,83.39,0.398,0,6.5,7.0,9265.0,New offer,No,772.1,798.4,No
C0331,43,female,South,28.1,32,No,Store,3,94.02,0.143,0,5.2,4.0,3463.0,Standard,No,288.6,296.3,No
C0332,47,male,North,55.9,19,No,Store,3,88.54,0.047,1,5.5,6.0,3543.0,New offer,No,295.2,307.0,Yes
C0333,50,female,East,40.4,14,No,Mobile app,3,104.2,0.129,3,7.9,6.0,3571.0,Standard,No,297.6,301.4,No
C0334,47,male,West,29.7,22,No,Online,4,122.88,0.199,4,,,6125.0,Standard,No,510.4,533.6,Yes
C0335,41,male,South,,55,No,Online,4,60.97,0.566,1,7.8,6.0,2679.0,Standard,No,223.2,220.4,No
C0336,47,male,North,29.7,42,Yes,Store,3,100.88,0.043,0,8.4,7.0,3066.0,Standard,No,255.5,284.1,No
C0337,54,male,South,64.4,21,Yes,Store,1,82.25,0.438,1,8.4,10.0,856.0,Standard,No,71.3,74.6,No
C0338,27,male,East,49.0,13,Yes,Store,4,116.48,0.14,1,6.1,8.0,6529.0,New offer,Yes,544.1,651.6,No
C0339,41,female,North,40.8,30,Yes,Store,2,143.41,0.245,1,8.2,7.0,3697.0,Standard,No,308.1,324.4,No
C0340,33,female,North,47.1,52,Yes,Store,8,88.15,0.273,0,7.3,6.0,7300.0,New offer,No,608.3,627.3,No
C0341,33,female,West,78.6,14,No,Online,1,103.36,0.601,0,8.9,9.0,1162.0,New offer,No,96.8,110.0,No
C0342,35,male,East,36.6,7,Yes,Online,3,81.04,0.248,3,8.2,7.0,3426.0,New offer,No,285.5,299.7,No
C0343,33,female,North,37.3,3,Yes,Store,9,80.65,0.466,1,7.0,7.0,6715.0,New offer,No,559.6,580.9,No
C0344,42,male,Central,29.7,15,Yes,Store,3,100.44,0.38,0,7.6,7.0,3001.0,Standard,No,250.1,254.1,No
C0345,34,male,South,43.4,28,Yes,Mobile app,2,71.84,0.405,1,7.5,7.0,1297.0,New offer,Yes,108.1,125.6,No
C0346,41,female,West,17.1,40,No,Online,4,57.53,0.315,0,7.0,7.0,2986.0,Standard,No,248.8,253.9,No
C0347,30,female,West,,40,Yes,Store,3,68.97,0.388,3,,5.0,2615.0,New offer,No,217.9,216.0,No
C0348,36,male,Central,93.2,28,Yes,Online,5,92.36,0.337,2,6.6,7.0,4974.0,New offer,No,414.5,421.6,No
C0349,47,male,Central,64.5,6,No,Store,6,107.09,0.026,1,4.2,5.0,6494.0,New offer,No,541.2,571.4,Yes
C0350,56,male,South,56.6,40,Yes,Mobile app,5,114.43,0.234,0,9.4,10.0,5279.0,Standard,Yes,439.9,460.7,No
C0351,48,female,West,47.6,40,Yes,Mobile app,7,83.36,0.203,1,10.0,9.0,8497.0,Standard,No,708.1,728.9,No
C0352,56,female,Central,63.8,64,Yes,Store,2,129.83,0.271,1,8.5,7.0,2212.0,Standard,Yes,184.3,187.8,No
C0353,55,male,South,66.6,40,No,Store,2,60.79,0.24,1,4.5,7.0,1340.0,New offer,No,111.7,117.6,No
C0354,18,male,Central,42.3,41,Yes,Store,3,121.33,0.163,1,7.1,9.0,4434.0,Standard,Yes,369.5,375.3,Yes
C0355,39,female,East,68.2,26,No,Store,2,75.91,0.442,0,4.4,6.0,1691.0,Standard,No,140.9,138.2,No
C0356,57,female,West,34.6,25,Yes,Store,3,117.47,0.151,3,10.0,10.0,3528.0,Standard,No,294.0,310.7,No
C0357,34,female,South,34.7,17,Yes,Mobile app,3,90.89,0.279,0,8.5,9.0,2602.0,Standard,Yes,216.8,229.7,No
C0358,45,male,Central,54.0,28,Yes,Store,1,112.74,0.274,0,8.7,9.0,1166.0,New offer,Yes,97.2,122.5,No
C0359,55,female,North,38.2,53,No,Store,1,68.37,0.418,1,7.6,6.0,595.0,Standard,Yes,49.6,39.7,No
C0360,30,male,East,41.8,14,Yes,Online,2,96.66,0.51,0,7.8,,2194.0,Standard,No,182.8,203.1,No
C0361,40,other,Central,32.9,31,Yes,Online,5,148.88,0.128,0,,10.0,8542.0,New offer,Yes,711.8,845.7,No
C0362,42,female,North,40.3,24,No,Mobile app,3,107.46,0.13,0,5.5,4.0,3235.0,New offer,No,269.6,284.4,Yes
C0363,34,male,Central,58.8,28,No,Online,1,80.73,0.342,1,6.7,4.0,775.0,Standard,No,64.6,83.3,No
C0364,54,male,North,,42,No,Online,1,115.87,0.273,2,6.3,7.0,1179.0,Standard,No,98.2,99.2,No
C0365,47,female,Central,112.5,21,No,Mobile app,3,139.77,0.22,1,5.1,5.0,4126.0,New offer,No,343.8,355.2,No
C0366,34,female,South,52.3,12,No,Store,4,118.63,0.189,1,3.7,5.0,4753.0,New offer,No,396.1,402.2,No
C0367,68,male,West,,36,No,Store,3,116.45,0.359,1,7.6,8.0,2866.0,New offer,No,238.8,257.4,No
C0368,63,female,North,74.8,44,No,Store,3,105.94,0.372,0,5.3,6.0,3686.0,Standard,No,307.2,315.7,No
C0369,78,male,East,35.6,30,No,Store,1,125.77,0.316,0,7.0,8.0,1304.0,New offer,No,108.7,111.5,No
C0370,39,female,Central,,92,Yes,Online,4,113.96,0.095,0,,10.0,5510.0,Standard,No,459.2,481.2,No
C0371,31,male,South,75.7,13,Yes,Mobile app,3,98.15,0.192,0,,9.0,3517.0,New offer,No,293.1,294.8,No
C0372,27,male,South,140.8,5,No,Store,1,113.38,0.097,1,6.0,6.0,1232.0,New offer,No,102.7,96.3,No
C0373,47,female,North,46.9,29,No,Mobile app,0,82.38,0.256,3,5.8,4.0,0.0,New offer,No,0.0,10.3,Yes
C0374,35,male,East,72.0,12,No,Store,1,90.12,0.297,0,4.9,5.0,992.0,Standard,No,82.7,88.5,No
C0375,32,female,East,69.9,15,No,Store,3,69.52,0.157,1,4.5,5.0,2404.0,Standard,No,200.3,213.1,Yes
C0376,38,female,South,21.8,11,No,Store,3,78.05,0.145,0,6.8,6.0,2835.0,New offer,No,236.2,243.9,No
C0377,33,male,North,38.7,37,Yes,Mobile app,6,108.77,0.424,1,6.9,8.0,5810.0,New offer,Yes,484.2,580.9,No
C0378,45,female,South,24.0,38,Yes,Store,6,107.61,0.115,1,,6.0,7709.0,New offer,No,642.4,685.7,No
C0379,50,other,South,53.4,16,Yes,Store,6,78.91,0.235,0,6.5,5.0,4370.0,Standard,No,364.2,371.9,Yes
C0380,53,male,West,90.2,43,No,Mobile app,2,102.52,0.38,0,5.4,4.0,2148.0,Standard,No,179.0,188.4,No
C0381,35,female,North,31.5,14,Yes,Mobile app,1,82.94,0.309,2,7.3,5.0,1003.0,New offer,Yes,83.6,88.8,No
C0382,18,other,Central,,23,No,Online,2,68.9,0.215,2,6.1,6.0,1231.0,Standard,No,102.6,107.5,Yes
C0383,42,female,South,37.0,68,No,Online,0,76.34,0.329,1,6.6,5.0,0.0,Standard,Yes,0.0,6.2,No
C0384,30,female,North,27.7,29,Yes,Online,5,115.02,0.122,0,7.8,10.0,6166.0,Standard,No,513.8,530.6,No
C0385,18,male,North,41.9,48,No,Online,1,98.86,0.076,2,8.7,10.0,1288.0,New offer,Yes,107.3,131.0,No
C0386,61,male,East,25.3,61,No,Store,4,89.42,0.256,4,3.6,3.0,4219.0,Standard,Yes,351.6,370.2,Yes
C0387,50,female,South,76.2,17,No,Online,2,115.4,0.519,1,5.3,4.0,2579.0,New offer,No,214.9,229.1,No
C0388,44,male,Central,,45,Yes,Store,4,160.74,0.155,0,10.0,9.0,6899.0,Standard,No,574.9,608.6,No
C0389,26,female,North,28.4,6,No,Mobile app,7,93.19,0.604,1,6.0,6.0,7704.0,Standard,No,642.0,658.6,No
C0390,34,female,Central,,22,No,Store,3,79.26,0.213,0,7.8,8.0,2909.0,New offer,No,242.4,248.7,No
C0391,30,male,East,38.2,42,Yes,Online,3,88.45,0.386,0,6.6,9.0,3100.0,Standard,No,258.3,269.3,No
C0392,37,female,South,26.0,29,No,Online,2,100.89,0.289,0,,4.0,2603.0,New offer,No,216.9,244.7,No
C0393,29,female,Central,21.7,9,Yes,Store,4,73.39,0.495,0,6.8,7.0,2622.0,New offer,Yes,218.5,272.1,No
C0394,48,male,East,30.6,37,No,Store,3,45.49,0.301,0,4.9,3.0,1606.0,Standard,No,133.8,141.9,No
C0395,42,female,South,45.9,11,No,Store,4,96.88,0.337,1,4.9,5.0,4939.0,Standard,No,411.6,428.3,No
C0396,36,male,Central,47.0,42,Yes,Mobile app,10,88.8,0.342,1,5.4,5.0,9946.0,Standard,No,828.8,859.7,No
C0397,45,female,East,45.4,7,Yes,Store,2,79.56,0.191,1,7.3,6.0,1854.0,Standard,No,154.5,162.8,No
C0398,70,male,Central,58.6,45,Yes,Mobile app,4,79.25,0.23,1,5.9,4.0,3288.0,New offer,No,274.0,287.0,No
C0399,44,female,Central,63.2,41,No,Online,3,82.32,0.132,3,7.4,5.0,2412.0,Standard,No,201.0,213.6,Yes
C0400,59,female,East,74.1,34,No,Store,3,77.29,0.335,0,4.8,5.0,2332.0,Standard,No,194.3,205.3,No
C0401,25,female,Central,41.9,7,No,Online,3,67.9,0.212,0,6.7,8.0,2454.0,Standard,No,204.5,217.4,No
C0402,45,female,West,64.6,9,No,Online,6,99.71,0.154,0,7.5,8.0,6265.0,New offer,No,522.1,559.8,No
C0403,50,male,North,36.6,29,Yes,Store,6,115.0,0.005,0,8.3,10.0,7593.0,New offer,No,632.8,664.9,No
C0404,42,female,North,36.8,16,No,Mobile app,2,107.86,0.132,2,6.0,8.0,3036.0,Standard,No,253.0,261.1,No
C0405,60,male,West,76.0,10,No,Online,5,74.64,0.1,3,3.1,1.0,3028.0,Standard,No,252.3,256.8,No
C0406,40,male,West,53.7,6,No,Store,2,97.23,0.231,0,5.6,7.0,2136.0,Standard,No,178.0,175.4,No
C0407,54,female,North,92.1,15,Yes,Online,3,80.85,0.152,2,5.9,6.0,2696.0,New offer,No,224.7,226.7,No
C0408,18,male,North,47.1,24,Yes,Store,2,86.37,0.074,1,5.0,4.0,2174.0,New offer,Yes,181.2,220.2,Yes
C0409,31,male,Central,,15,Yes,Online,8,91.35,0.495,1,5.6,7.0,5954.0,New offer,Yes,496.2,596.0,No
C0410,26,female,East,67.5,22,No,Store,3,89.51,0.349,0,5.3,4.0,2167.0,New offer,Yes,180.6,221.9,Yes
C0411,47,female,North,80.3,35,No,Online,3,107.04,0.206,2,6.0,5.0,2944.0,Standard,No,245.3,234.8,Yes
C0412,18,female,South,,68,Yes,Mobile app,4,119.4,0.202,0,7.0,7.0,5579.0,New offer,Yes,464.9,556.3,No
C0413,31,male,East,133.8,54,No,Online,2,101.38,0.114,0,5.4,6.0,2046.0,New offer,Yes,170.5,209.0,No
C0414,18,male,South,19.0,13,No,Mobile app,5,106.3,0.291,1,5.1,5.0,4929.0,Standard,No,410.8,426.5,No
C0415,62,male,North,61.9,42,No,Store,2,81.3,0.065,1,4.6,6.0,2301.0,New offer,No,191.8,199.4,No
C0416,45,male,Central,103.2,40,Yes,Store,5,103.94,0.251,1,8.3,9.0,4444.0,New offer,No,370.3,386.5,No
C0417,56,female,Central,24.0,13,No,Mobile app,6,80.86,0.135,1,6.9,8.0,5513.0,Standard,No,459.4,472.5,No
C0418,41,female,South,32.4,27,No,Online,3,66.41,0.271,3,5.9,6.0,1966.0,New offer,Yes,163.8,208.9,Yes
C0419,40,female,East,,9,Yes,Store,3,96.18,0.064,1,7.1,8.0,3399.0,New offer,Yes,283.2,342.0,Yes
C0420,33,male,North,69.5,28,No,Online,1,98.54,0.353,0,6.9,7.0,833.0,Standard,Yes,69.4,70.6,No
C0421,20,female,West,19.0,39,Yes,Online,5,105.24,0.353,1,,9.0,3907.0,Standard,No,325.6,321.8,No
C0422,32,male,Central,51.1,37,No,Store,4,141.19,0.624,0,7.3,7.0,4566.0,New offer,No,380.5,406.2,No
C0423,36,female,Central,64.8,30,No,Store,6,71.18,0.385,3,,,3987.0,New offer,No,332.2,337.3,Yes
C0424,56,female,West,87.8,12,Yes,Store,3,91.82,0.406,1,5.9,5.0,2343.0,Standard,Yes,195.2,199.2,No
C0425,45,female,Central,73.9,10,Yes,Store,0,86.41,0.326,0,8.6,7.0,0.0,Standard,No,0.0,0.0,No
C0426,29,female,Central,48.4,58,No,Store,2,64.31,0.23,2,5.1,6.0,1342.0,New offer,Yes,111.8,127.6,No
C0427,31,other,West,33.1,31,No,Online,3,136.69,0.256,2,7.7,,4782.0,Standard,No,398.5,412.3,Yes
C0428,34,female,East,63.1,44,Yes,Store,2,96.09,0.065,2,6.3,6.0,2441.0,Standard,No,203.4,220.5,Yes
C0429,47,female,Central,23.9,13,Yes,Online,5,116.81,0.345,0,7.2,10.0,6267.0,New offer,No,522.2,539.9,No
C0430,45,male,South,35.0,19,No,Mobile app,4,71.85,0.215,2,6.6,6.0,3139.0,New offer,No,261.6,267.9,No
C0431,39,male,South,53.5,24,Yes,Store,7,68.02,0.149,0,5.7,6.0,5056.0,Standard,No,421.3,430.9,No
C0432,38,female,Central,80.3,18,No,Online,3,89.62,0.291,3,7.6,8.0,2897.0,Standard,No,241.4,251.1,No
C0433,27,female,East,132.7,60,No,Online,1,116.12,0.256,2,8.6,9.0,1563.0,New offer,Yes,130.2,153.0,No
C0434,18,female,North,47.9,64,Yes,Online,2,119.02,0.438,0,6.3,6.0,1815.0,New offer,Yes,151.2,179.7,No
C0435,36,female,North,61.8,14,Yes,Mobile app,9,90.1,0.422,0,6.7,7.0,10374.0,Standard,No,864.5,905.5,No
C0436,34,male,East,53.9,26,No,Store,2,61.48,0.297,0,6.6,6.0,1161.0,New offer,Yes,96.8,115.8,No
C0437,34,male,West,83.6,39,No,Online,0,102.81,0.388,1,5.7,7.0,0.0,New offer,No,0.0,0.0,Yes
C0438,39,male,North,120.1,29,No,Mobile app,2,151.37,0.413,3,7.3,6.0,2858.0,Standard,No,238.2,227.8,Yes
C0439,33,female,West,62.8,36,Yes,Store,7,80.23,0.08,0,8.0,8.0,6588.0,Standard,No,549.0,566.5,No
C0440,18,female,South,58.6,33,No,Mobile app,6,86.12,0.242,2,7.5,8.0,6081.0,Standard,Yes,506.8,520.9,Yes
C0441,49,female,North,23.1,12,No,Store,5,102.85,0.29,0,7.6,8.0,4653.0,New offer,No,387.8,414.6,No
C0442,55,male,Central,74.4,56,No,Mobile app,4,76.31,0.062,0,6.9,7.0,3865.0,Standard,No,322.1,346.9,No
C0443,34,female,Central,54.5,17,No,Store,1,63.07,0.42,1,6.2,8.0,529.0,New offer,No,44.1,48.2,No
C0444,59,female,South,72.6,6,No,Store,2,98.66,0.185,0,5.9,10.0,1902.0,Standard,No,158.5,154.2,Yes
C0445,41,male,South,,101,No,Store,4,56.65,0.415,1,7.3,7.0,2750.0,New offer,No,229.2,252.0,No
C0446,54,female,Central,109.2,16,Yes,Online,6,94.5,0.486,0,,5.0,9070.0,Standard,No,755.8,795.4,No
C0447,32,male,Central,70.0,29,No,Store,2,108.12,0.177,2,7.3,7.0,3902.0,New offer,No,325.2,325.3,No
C0448,46,female,North,48.7,2,No,Online,0,100.17,0.5,0,7.4,6.0,0.0,New offer,No,0.0,6.1,No
C0449,19,female,West,64.4,64,Yes,Store,3,96.41,0.151,1,4.0,4.0,3637.0,New offer,No,303.1,332.8,Yes
C0450,27,male,West,68.0,93,No,Mobile app,2,103.54,0.259,0,8.3,6.0,1599.0,New offer,No,133.2,141.4,Yes
C0451,21,male,South,82.7,30,Yes,Store,3,119.55,0.23,2,6.5,7.0,5478.0,New offer,Yes,456.5,547.5,No
C0452,38,male,South,31.8,70,No,Online,3,68.39,0.298,0,7.4,9.0,2430.0,New offer,Yes,202.5,236.8,No
C0453,40,male,South,63.0,46,No,Mobile app,1,81.54,0.354,0,6.9,8.0,723.0,Standard,Yes,60.2,53.3,No
C0454,46,female,East,111.0,53,Yes,Online,5,144.63,0.214,0,5.2,4.0,7317.0,New offer,No,609.8,625.9,No
C0455,33,male,Central,62.5,4,Yes,Store,5,166.34,0.209,0,5.3,5.0,10680.0,Standard,No,890.0,928.2,No
C0456,68,female,West,45.8,45,No,Store,5,118.13,0.115,1,6.6,6.0,6903.0,New offer,No,575.2,587.3,No
C0457,43,male,South,49.0,36,Yes,Online,2,91.46,0.089,1,6.7,7.0,1847.0,New offer,Yes,153.9,191.2,No
C0458,55,male,East,40.5,22,No,Store,3,75.05,0.312,0,8.7,7.0,2608.0,Standard,Yes,217.3,223.2,No
C0459,20,male,North,35.3,29,Yes,Store,4,67.77,0.286,1,7.1,6.0,2690.0,Standard,Yes,224.2,236.7,No
C0460,59,female,South,33.0,55,No,Mobile app,4,92.62,0.199,3,8.3,7.0,3726.0,Standard,No,310.5,317.5,No
C0461,48,female,West,43.7,35,Yes,Mobile app,2,131.2,0.06,1,8.9,10.0,4049.0,Standard,No,337.4,345.0,No
C0462,54,male,South,32.0,49,Yes,Online,4,117.24,0.397,0,,7.0,4679.0,Standard,No,389.9,416.3,No
C0463,44,male,North,26.7,22,No,Online,2,61.85,0.286,1,6.5,5.0,1281.0,New offer,Yes,106.8,125.6,No
C0464,31,male,Central,23.1,26,Yes,Online,2,96.38,0.455,1,8.7,10.0,1738.0,Standard,Yes,144.8,154.6,No
C0465,45,male,East,40.6,78,No,Store,7,73.85,0.344,0,7.5,7.0,4538.0,New offer,No,378.2,389.6,No
C0466,26,male,West,33.3,44,No,Store,1,70.05,0.16,0,5.9,6.0,893.0,Standard,No,74.4,74.0,No
C0467,43,female,South,46.9,75,Yes,Store,3,94.48,0.082,3,7.5,6.0,3304.0,New offer,Yes,275.3,323.5,No
C0468,32,male,North,47.9,20,No,Store,1,72.2,0.047,1,6.2,6.0,712.0,Standard,No,59.3,49.1,No
C0469,64,female,South,99.5,8,Yes,Mobile app,3,128.68,0.136,2,4.3,4.0,4829.0,Standard,No,402.4,407.3,No
C0470,49,female,Central,49.1,47,No,Online,2,59.31,0.24,0,3.5,,1045.0,New offer,Yes,87.1,103.8,Yes
C0471,39,female,West,126.0,51,No,Mobile app,4,151.47,0.413,1,5.9,6.0,5342.0,Standard,No,445.2,462.5,No
C0472,38,female,South,36.7,42,No,Online,0,42.21,0.128,1,5.9,6.0,0.0,New offer,Yes,0.0,0.0,No
C0473,18,female,North,21.6,119,No,Mobile app,5,48.03,0.104,2,7.5,8.0,2394.0,Standard,Yes,199.5,199.5,No
C0474,23,male,East,64.0,16,No,Mobile app,1,78.07,0.132,0,8.2,7.0,690.0,New offer,No,57.5,51.1,No
C0475,31,male,North,51.9,30,No,Store,3,91.62,0.374,2,6.8,6.0,2722.0,Standard,No,226.8,237.3,No
C0476,57,female,West,59.3,45,No,Mobile app,3,150.9,0.197,0,,7.0,6495.0,Standard,No,541.2,570.5,No
C0477,53,female,West,58.2,35,Yes,Online,4,90.81,0.404,1,7.2,7.0,3084.0,New offer,Yes,257.0,312.3,No
C0478,47,female,South,100.5,21,No,Online,2,90.13,0.134,1,7.0,6.0,1641.0,New offer,No,136.8,141.9,No
C0479,47,male,North,59.4,16,Yes,Store,2,122.9,0.329,0,9.1,10.0,1977.0,Standard,No,164.8,162.0,No
C0480,27,female,Central,54.5,27,No,Online,1,64.67,0.158,2,4.8,4.0,647.0,Standard,No,53.9,49.1,No
C0481,34,female,Central,39.4,47,Yes,Store,4,68.75,0.347,1,6.2,7.0,3760.0,New offer,Yes,313.3,386.3,No
C0482,32,female,East,34.1,17,No,Online,2,76.23,0.125,2,3.7,5.0,2380.0,Standard,No,198.3,204.3,No
C0483,60,male,West,35.3,59,No,Mobile app,2,64.86,0.27,2,6.7,8.0,1444.0,New offer,Yes,120.3,158.0,No
C0484,23,male,South,41.8,37,No,Store,4,71.22,0.326,3,4.6,4.0,2695.0,New offer,No,224.6,240.2,Yes
C0485,45,female,North,72.6,15,No,Store,3,116.02,0.257,0,6.9,7.0,4353.0,Standard,No,362.8,374.9,No
C0486,47,female,North,84.5,21,No,Online,2,83.5,0.116,1,4.3,3.0,2465.0,Standard,Yes,205.4,201.0,Yes
C0487,37,female,East,72.7,18,No,Store,2,117.45,0.283,1,7.6,6.0,2612.0,New offer,Yes,217.7,254.7,No
C0488,42,male,East,42.4,14,Yes,Store,6,101.56,0.154,0,9.5,9.0,6849.0,New offer,Yes,570.8,681.2,No
C0489,36,male,North,33.0,49,Yes,Mobile app,3,101.0,0.582,3,6.3,7.0,2275.0,Standard,Yes,189.6,189.3,Yes
C0490,43,female,Central,48.6,31,Yes,Store,4,89.63,0.045,0,8.0,10.0,4571.0,New offer,Yes,380.9,459.2,No
C0491,39,female,East,42.2,6,No,Online,2,117.77,0.228,1,6.6,7.0,3549.0,New offer,No,295.8,307.2,No
C0492,55,male,South,34.7,7,No,Store,3,60.01,0.035,1,4.3,4.0,2413.0,Standard,Yes,201.1,211.0,No
C0493,35,male,South,38.3,25,Yes,Online,8,88.99,0.263,0,7.5,8.0,8075.0,Standard,No,672.9,711.4,No
C0494,36,male,West,,18,No,Mobile app,7,66.69,0.181,0,6.4,6.0,4815.0,New offer,Yes,401.2,472.3,No
C0495,30,female,North,58.8,11,Yes,Mobile app,4,88.44,0.261,1,6.7,6.0,4066.0,Standard,No,338.8,336.7,No
C0496,69,female,North,85.7,21,No,Mobile app,5,75.0,0.081,0,5.8,7.0,5135.0,Standard,No,427.9,439.7,No
C0497,55,female,West,24.8,22,No,Mobile app,5,71.28,0.158,0,6.8,8.0,3729.0,Standard,No,310.8,319.3,No
C0498,18,female,East,85.3,12,No,Online,4,96.84,0.412,3,3.7,4.0,4741.0,New offer,No,395.1,408.9,No
C0499,19,male,West,68.1,33,Yes,Online,1,119.41,0.255,0,5.4,5.0,1278.0,Standard,Yes,106.5,104.1,No
C0500,47,male,North,33.8,20,No,Store,4,64.36,0.329,0,5.2,7.0,2610.0,Standard,No,217.5,223.3,No
C0501,49,female,Central,78.6,44,Yes,Online,4,101.24,0.28,0,7.8,,5172.0,Standard,No,431.0,452.6,No
C0502,72,female,Central,47.3,20,No,Store,4,99.81,0.169,1,4.2,3.0,5537.0,Standard,Yes,461.4,470.8,Yes
C0503,55,female,Central,55.6,51,Yes,Online,4,90.67,0.631,0,9.0,10.0,3424.0,New offer,Yes,285.3,347.1,No
C0504,29,male,West,55.5,23,No,Online,1,85.66,0.291,2,6.3,7.0,808.0,Standard,No,67.3,74.6,No
C0505,29,male,South,27.6,27,No,Online,4,57.41,0.265,2,,8.0,2310.0,Standard,No,192.5,190.0,Yes
C0506,50,male,Central,63.6,57,Yes,Store,5,110.44,0.077,0,5.3,6.0,5831.0,Standard,No,485.9,511.1,No
C0507,33,male,North,43.1,24,No,Store,1,84.74,0.25,0,8.3,9.0,965.0,Standard,No,80.4,86.0,No
C0508,48,female,West,34.2,43,Yes,Online,2,98.69,0.312,1,5.8,6.0,1539.0,New offer,Yes,128.2,163.1,No
C0509,36,male,West,67.4,48,No,Online,2,139.25,0.395,0,7.1,6.0,2864.0,Standard,No,238.7,232.4,No
C0510,65,male,North,53.6,59,Yes,Mobile app,3,114.0,0.236,2,7.8,10.0,2832.0,Standard,No,236.0,254.8,No
C0511,49,male,South,95.5,10,Yes,Store,1,85.92,0.092,1,7.4,6.0,900.0,New offer,No,75.0,73.8,No
C0512,53,male,North,16.1,22,No,Online,0,64.3,0.409,3,7.1,6.0,0.0,Standard,No,0.0,0.0,No
C0513,28,female,West,63.4,60,Yes,Mobile app,5,115.44,0.126,0,10.0,10.0,5992.0,New offer,No,499.3,516.6,No
C0514,29,female,South,56.2,7,Yes,Online,6,73.67,0.319,0,6.7,5.0,4770.0,New offer,No,397.5,424.6,No
C0515,37,female,East,58.9,28,No,Mobile app,4,98.99,0.31,0,5.4,5.0,5246.0,Standard,No,437.2,456.3,No
C0516,37,female,West,45.5,14,No,Online,5,54.91,0.328,1,4.9,4.0,2243.0,New offer,No,186.9,195.7,No
C0517,26,male,Central,33.3,12,Yes,Store,4,109.16,0.439,1,7.8,6.0,4949.0,New offer,No,412.4,433.7,No
C0518,56,male,Central,76.9,48,No,Mobile app,1,92.73,0.207,0,8.4,10.0,885.0,New offer,No,73.8,89.8,No
C0519,18,female,North,22.2,7,Yes,Store,3,69.6,0.236,1,7.5,7.0,2046.0,New offer,Yes,170.5,210.6,No
C0520,35,female,West,35.4,28,No,Online,0,58.61,0.146,1,7.7,8.0,0.0,New offer,No,0.0,21.1,No
C0521,40,male,Central,36.4,35,No,Store,2,79.02,0.445,1,5.4,4.0,1769.0,Standard,No,147.4,152.3,No
C0522,33,other,Central,58.4,23,No,Online,7,98.38,0.597,1,7.9,,5943.0,New offer,No,495.2,512.6,Yes
C0523,58,male,West,44.9,63,No,Mobile app,6,75.69,0.587,1,5.4,7.0,3369.0,Standard,Yes,280.8,308.3,No
C0524,55,female,East,86.0,72,Yes,Store,3,109.8,0.162,0,10.0,10.0,3477.0,Standard,No,289.8,309.1,No
C0525,63,male,East,42.7,22,No,Store,3,69.96,0.165,1,5.8,5.0,2311.0,Standard,No,192.6,214.9,No
C0526,30,female,North,59.7,15,No,Online,3,121.8,0.096,0,3.9,6.0,3848.0,Standard,Yes,320.7,346.6,No
C0527,37,female,South,38.2,47,No,Online,3,79.98,0.157,1,7.4,7.0,3080.0,New offer,Yes,256.7,311.9,No
C0528,61,female,South,67.2,22,Yes,Online,1,118.23,0.201,1,7.8,9.0,1397.0,Standard,No,116.4,124.9,No
C0529,41,female,Central,48.5,14,Yes,Store,7,99.7,0.236,0,6.6,10.0,8702.0,Standard,No,725.2,755.6,Yes
C0530,21,male,South,27.6,19,No,Online,0,66.45,0.316,0,7.7,9.0,0.0,New offer,No,0.0,0.0,Yes
C0531,62,male,East,46.3,19,Yes,Mobile app,7,108.25,0.179,1,6.4,8.0,9087.0,Standard,No,757.2,790.2,No
C0532,48,female,East,86.7,35,Yes,Online,3,98.18,0.27,2,6.0,5.0,3137.0,Standard,No,261.4,272.3,No
C0533,53,female,South,45.9,53,No,Online,5,71.32,0.372,0,6.0,6.0,3554.0,Standard,No,296.2,303.6,Yes
C0534,49,other,South,60.7,27,No,Mobile app,3,82.62,0.126,0,6.2,7.0,2652.0,New offer,Yes,221.0,273.8,No
C0535,39,female,South,41.2,11,Yes,Online,4,106.14,0.211,0,7.6,8.0,3438.0,New offer,Yes,286.5,353.1,No
C0536,48,female,North,50.4,50,No,Online,0,66.56,0.28,0,6.3,6.0,0.0,New offer,No,0.0,0.0,No
C0537,49,female,East,66.5,34,Yes,Store,4,84.64,0.233,0,8.4,8.0,4006.0,Standard,No,333.8,343.2,No
C0538,38,male,South,54.6,13,Yes,Store,6,85.72,0.532,0,5.6,6.0,5154.0,Standard,No,429.5,441.1,No
C0539,45,female,Central,23.4,19,Yes,Online,2,65.29,0.469,0,10.0,6.0,1191.0,New offer,No,99.2,112.9,No
C0540,33,male,North,75.6,49,No,Online,2,110.22,0.214,0,5.0,4.0,1853.0,Standard,No,154.4,158.3,No
C0541,52,male,West,25.4,24,Yes,Mobile app,5,77.92,0.277,0,7.5,7.0,3942.0,New offer,No,328.5,343.2,No
C0542,38,female,North,78.8,10,No,Online,4,91.02,0.272,2,5.0,6.0,5121.0,New offer,No,426.8,449.9,Yes
C0543,18,other,South,61.9,3,No,Mobile app,3,85.82,0.261,0,3.9,3.0,3006.0,New offer,Yes,250.5,294.6,No
C0544,44,female,North,71.9,30,No,Online,4,73.89,0.362,2,6.4,7.0,3458.0,New offer,Yes,288.2,346.5,No
C0545,22,male,West,79.1,17,No,Store,0,112.66,0.228,1,7.4,6.0,0.0,New offer,No,0.0,19.9,No
C0546,42,female,West,50.8,35,No,Store,3,91.3,0.074,2,,7.0,3436.0,New offer,No,286.3,289.3,No
C0547,46,male,South,70.1,20,Yes,Store,6,135.49,0.079,2,,8.0,8854.0,New offer,No,737.8,761.1,No
C0548,39,female,North,34.1,14,No,Store,3,77.58,0.184,0,5.7,7.0,2281.0,Standard,No,190.1,190.1,No
C0549,47,female,West,59.4,15,No,Online,1,70.17,0.171,3,5.8,5.0,878.0,New offer,No,73.2,81.8,Yes
C0550,36,male,South,79.8,8,Yes,Online,3,78.29,0.622,1,4.5,5.0,2395.0,New offer,Yes,199.6,231.6,Yes
C0551,22,female,South,100.1,22,No,Mobile app,0,128.3,0.365,1,5.3,4.0,0.0,Standard,Yes,0.0,2.9,No
C0552,53,female,South,45.4,55,No,Store,3,76.37,0.121,2,8.0,8.0,2327.0,Standard,No,193.9,202.2,No
C0553,18,male,West,40.3,18,No,Mobile app,0,49.38,0.176,0,5.2,6.0,0.0,New offer,Yes,0.0,0.0,No
C0554,18,female,North,77.7,21,No,Store,5,107.18,0.087,0,9.2,9.0,7041.0,Standard,No,586.8,610.1,No
C0555,74,other,West,59.4,18,No,Online,1,87.3,0.33,1,7.6,8.0,819.0,Standard,No,68.2,68.1,No
C0556,31,female,South,44.5,49,Yes,Store,6,142.36,0.135,0,9.6,10.0,9161.0,Standard,Yes,763.4,789.5,No
C0557,48,female,South,63.5,12,Yes,Mobile app,7,91.66,0.061,0,8.2,8.0,7608.0,Standard,Yes,634.0,668.7,No
C0558,43,female,Central,82.7,16,Yes,Online,3,100.13,0.388,0,6.7,8.0,2752.0,Standard,Yes,229.3,237.8,No
C0559,36,male,North,44.7,22,No,Online,3,43.48,0.391,2,4.5,5.0,1585.0,New offer,No,132.1,136.9,Yes
C0560,51,female,South,47.4,32,No,Online,7,101.57,0.317,2,6.5,5.0,8213.0,Standard,No,684.4,704.5,No
C0561,37,male,West,23.3,9,No,Store,2,60.57,0.573,0,5.9,4.0,1093.0,New offer,No,91.1,90.5,No
C0562,29,female,East,59.8,15,No,Store,3,68.96,0.184,1,8.3,6.0,2398.0,New offer,Yes,199.8,231.1,No
C0563,45,other,West,33.3,7,Yes,Mobile app,5,88.15,0.212,1,8.2,8.0,4008.0,Standard,No,334.0,347.9,No
C0564,27,male,South,71.9,21,No,Store,0,85.31,0.219,0,6.0,,0.0,Standard,No,0.0,6.7,No
C0565,52,female,Central,89.3,17,Yes,Online,5,108.36,0.203,1,7.1,5.0,5908.0,New offer,No,492.3,515.4,No
C0566,36,female,North,40.4,27,No,Store,4,126.33,0.139,0,9.8,10.0,5862.0,Standard,No,488.5,499.6,No
C0567,57,male,East,64.6,46,No,Online,4,97.35,0.352,2,6.3,6.0,4426.0,New offer,Yes,368.8,447.6,No
C0568,62,female,Central,39.9,6,No,Store,2,74.73,0.112,0,6.6,6.0,1658.0,Standard,No,138.2,134.2,No
C0569,48,male,West,46.5,62,Yes,Online,4,112.36,0.263,0,7.4,6.0,4863.0,New offer,Yes,405.2,483.5,No
C0570,62,male,South,76.3,14,Yes,Online,6,143.18,0.064,0,6.7,7.0,9976.0,Standard,Yes,831.3,865.8,No
C0571,47,female,Central,40.7,7,Yes,Store,5,67.28,0.371,1,6.4,6.0,3953.0,New offer,No,329.4,351.2,Yes
C0572,43,male,South,58.7,37,No,Store,4,81.79,0.116,0,5.8,4.0,3774.0,New offer,No,314.5,344.4,Yes
C0573,44,female,South,,19,No,Online,5,77.49,0.254,0,6.1,,4779.0,Standard,No,398.2,412.5,No
C0574,46,female,Central,46.1,4,No,Mobile app,3,62.64,0.057,4,5.2,4.0,2490.0,Standard,No,207.5,210.5,No
C0575,40,female,East,30.7,59,No,Store,1,93.38,0.198,0,5.4,6.0,1400.0,New offer,No,116.7,126.6,No
C0576,38,female,South,63.9,12,No,Store,2,97.15,0.476,3,4.2,5.0,1772.0,New offer,No,147.7,148.8,No
C0577,63,female,West,67.7,60,Yes,Mobile app,2,119.03,0.217,1,8.8,8.0,2719.0,Standard,No,226.6,237.3,No
C0578,36,female,North,76.1,71,No,Online,3,114.45,0.303,0,6.0,5.0,3266.0,Standard,No,272.2,281.3,Yes
C0579,40,male,Central,62.1,55,No,Store,4,57.35,0.129,1,3.1,1.0,2725.0,New offer,No,227.1,239.8,No
C0580,47,male,West,94.0,3,No,Store,2,107.12,0.075,1,6.1,6.0,2333.0,Standard,No,194.4,214.1,No
C0581,33,female,Central,16.4,15,Yes,Online,2,56.77,0.326,1,4.7,5.0,1273.0,Standard,Yes,106.1,109.1,Yes
C0582,25,female,Central,40.7,44,No,Mobile app,2,50.24,0.246,1,7.0,7.0,1065.0,New offer,No,88.8,87.3,No
C0583,70,female,Central,69.5,12,No,Online,4,94.76,0.207,1,9.1,8.0,4558.0,Standard,Yes,379.8,385.3,No
C0584,50,female,North,53.5,22,No,Mobile app,6,79.75,0.499,0,8.1,8.0,5495.0,New offer,No,457.9,466.9,No
C0585,41,female,North,27.6,49,No,Online,2,78.5,0.216,2,7.5,7.0,2313.0,New offer,No,192.8,208.1,No
C0586,48,male,North,60.0,89,No,Online,4,126.22,0.496,0,6.7,8.0,5309.0,New offer,No,442.4,470.0,No
C0587,23,female,East,62.6,31,Yes,Store,6,83.55,0.228,1,8.8,7.0,4912.0,New offer,Yes,409.3,488.7,No
C0588,32,female,South,31.2,37,Yes,Online,6,98.52,0.275,0,6.8,5.0,6325.0,New offer,No,527.1,550.5,No
C0589,39,female,East,68.6,14,No,Mobile app,4,81.68,0.343,0,5.6,4.0,4050.0,New offer,No,337.5,340.1,Yes
C0590,35,male,North,125.6,27,No,Store,1,142.65,0.301,2,5.9,6.0,2235.0,Standard,No,186.2,184.9,No
C0591,31,female,West,46.8,23,No,Online,0,59.8,0.236,2,3.9,7.0,0.0,Standard,No,0.0,0.0,No
C0592,25,female,East,47.8,15,Yes,Mobile app,5,115.54,0.38,0,7.2,6.0,7161.0,New offer,Yes,596.8,717.0,No
C0593,18,male,West,16.1,11,No,Mobile app,5,74.05,0.154,1,3.3,6.0,5715.0,Standard,No,476.2,491.3,No
C0594,56,male,North,66.1,52,Yes,Online,6,76.75,0.29,0,4.9,7.0,7161.0,Standard,No,596.8,617.7,No
C0595,47,female,South,,71,Yes,Store,0,101.01,0.142,1,8.2,8.0,0.0,Standard,No,0.0,0.0,No
C0596,42,male,North,55.5,34,No,Online,0,72.67,0.396,0,7.9,8.0,0.0,New offer,No,0.0,1.8,Yes
C0597,40,male,North,63.7,22,No,Store,3,83.48,0.246,2,5.2,4.0,2616.0,Standard,No,218.0,217.0,No
C0598,64,male,North,40.2,18,Yes,Store,3,73.42,0.14,0,,6.0,2934.0,Standard,No,244.5,245.5,No
C0599,46,male,East,94.1,11,No,Online,2,88.75,0.161,0,5.6,8.0,2178.0,New offer,No,181.5,183.0,Yes
C0600,26,male,West,74.8,3,Yes,Store,3,142.11,0.22,0,6.2,4.0,3993.0,Standard,No,332.8,354.8,No
C0601,58,female,Central,118.3,44,Yes,Mobile app,4,109.77,0.265,1,7.5,8.0,4342.0,New offer,Yes,361.8,436.8,No
C0602,47,female,North,52.3,40,Yes,Store,6,103.52,0.29,2,7.4,6.0,6461.0,New offer,Yes,538.4,641.2,No
C0603,39,female,South,62.2,19,Yes,Store,7,89.58,0.136,2,5.4,5.0,8511.0,Standard,No,709.2,737.1,Yes
C0604,48,female,Central,68.8,13,Yes,Mobile app,5,93.0,0.29,0,6.6,5.0,5855.0,Standard,No,487.9,503.8,No
C0605,45,female,West,28.9,21,Yes,Store,8,73.39,0.011,0,5.6,4.0,6888.0,Standard,Yes,574.0,601.0,No
C0606,60,female,South,96.2,20,No,Mobile app,2,138.87,0.128,0,7.1,7.0,3276.0,Standard,No,273.0,282.8,No
C0607,57,female,North,50.8,47,Yes,Online,5,118.14,0.325,2,6.5,8.0,6242.0,Standard,No,520.2,556.4,No
C0608,43,female,Central,47.1,17,No,Store,3,55.44,0.478,0,5.4,3.0,2018.0,New offer,No,168.2,165.7,No
C0609,46,male,South,47.5,19,Yes,Mobile app,2,100.65,0.211,0,7.1,7.0,2654.0,New offer,No,221.2,240.8,No
C0610,52,female,West,44.4,70,Yes,Store,5,126.76,0.318,0,9.5,9.0,5940.0,New offer,No,495.0,535.3,No
C0611,31,female,West,50.5,20,Yes,Online,2,112.88,0.134,1,4.9,4.0,2271.0,New offer,Yes,189.2,224.8,No
C0612,41,female,North,35.4,33,Yes,Online,4,74.47,0.558,1,7.1,10.0,2365.0,Standard,No,197.1,196.1,No
C0613,26,female,South,129.0,16,No,Store,4,122.19,0.036,1,5.9,7.0,4755.0,Standard,No,396.2,420.6,No
C0614,59,female,North,39.6,35,No,Online,0,96.87,0.147,1,5.7,,0.0,Standard,No,0.0,4.3,Yes
C0615,72,female,North,29.1,12,No,Online,4,94.98,0.27,2,7.2,6.0,2914.0,Standard,No,242.8,254.3,No
C0616,21,female,North,34.3,26,Yes,Store,3,74.28,0.015,1,5.8,6.0,2534.0,New offer,No,211.2,209.5,No
C0617,19,female,East,34.8,42,No,Store,3,87.0,0.138,0,5.2,5.0,3125.0,Standard,No,260.4,267.1,No
C0618,23,male,Central,65.9,63,No,Online,2,88.31,0.343,0,8.4,9.0,1571.0,Standard,No,130.9,145.6,No
C0619,39,male,East,31.9,30,Yes,Store,3,97.38,0.242,0,5.6,5.0,2784.0,New offer,No,232.0,229.9,No
C0620,44,male,South,88.5,14,No,Store,5,97.37,0.232,0,6.6,9.0,6515.0,Standard,No,542.9,552.1,No
C0621,54,male,Central,33.9,27,Yes,Online,1,75.1,0.189,0,6.1,7.0,714.0,New offer,No,59.5,62.1,No
C0622,48,male,West,131.2,3,No,Online,3,99.63,0.227,1,4.6,,2966.0,Standard,Yes,247.2,263.9,Yes
C0623,42,male,Central,55.9,21,No,Online,5,65.81,0.582,0,5.7,6.0,3828.0,Standard,No,319.0,324.5,No
C0624,28,female,South,72.7,20,Yes,Mobile app,3,85.37,0.166,1,2.6,5.0,2358.0,New offer,Yes,196.5,234.2,Yes
C0625,58,male,Central,26.8,79,Yes,Online,5,88.3,0.444,0,10.0,10.0,3950.0,New offer,Yes,329.2,390.9,No
C0626,23,male,East,37.8,37,Yes,Store,1,87.48,0.191,0,9.9,10.0,988.0,Standard,No,82.3,94.3,No
C0627,43,female,North,60.6,6,No,Mobile app,5,76.59,0.317,1,4.9,4.0,3710.0,Standard,No,309.2,337.6,No
C0628,26,female,Central,71.4,14,No,Store,2,98.02,0.28,2,5.8,8.0,2388.0,New offer,Yes,199.0,240.5,No
C0629,26,female,North,39.7,21,No,Store,2,109.84,0.437,2,5.7,4.0,2838.0,New offer,No,236.5,240.3,No
C0630,37,female,East,81.2,27,Yes,Store,3,107.1,0.347,0,10.0,10.0,2660.0,Standard,Yes,221.7,243.5,No
C0631,44,male,Central,56.7,29,No,Mobile app,3,138.88,0.11,1,8.9,10.0,4025.0,Standard,No,335.4,349.4,No
C0632,60,female,South,108.2,26,No,Mobile app,5,125.83,0.123,1,6.2,9.0,8167.0,New offer,Yes,680.6,826.8,No
C0633,67,male,Central,,176,Yes,Store,6,98.03,0.048,0,10.0,10.0,8894.0,New offer,No,741.2,778.1,No
C0634,50,male,West,70.1,27,No,Store,6,59.16,0.259,2,5.4,6.0,3979.0,Standard,No,331.6,340.8,No
C0635,39,male,North,34.4,39,Yes,Store,5,111.49,0.609,1,9.0,10.0,5318.0,Standard,No,443.2,465.7,No
C0636,46,female,West,32.7,3,No,Online,2,111.9,0.338,2,5.4,5.0,1482.0,Standard,No,123.5,140.6,No
C0637,48,male,North,27.5,12,No,Store,1,76.51,0.162,0,2.8,3.0,780.0,Standard,No,65.0,56.3,No
C0638,34,female,North,43.6,26,No,Mobile app,7,94.46,0.127,2,7.0,6.0,7854.0,Standard,No,654.5,681.2,No
C0639,33,female,West,37.9,22,No,Mobile app,2,71.9,0.355,3,7.9,8.0,2110.0,Standard,No,175.8,178.3,No
C0640,61,male,South,35.4,8,Yes,Online,4,77.28,0.103,2,4.5,2.0,3335.0,Standard,No,277.9,292.3,No
C0641,29,male,North,74.9,36,Yes,Store,5,124.88,0.434,0,4.3,6.0,10120.0,Standard,No,843.3,880.3,No
C0642,37,male,West,182.7,50,Yes,Store,3,153.99,0.299,2,7.8,8.0,4580.0,Standard,No,381.7,380.9,No
C0643,39,male,Central,62.3,63,No,Online,1,116.02,0.381,1,7.2,4.0,1457.0,New offer,No,121.4,131.4,No
C0644,33,male,South,69.9,9,No,Mobile app,2,89.51,0.136,3,6.2,5.0,2209.0,Standard,Yes,184.1,180.8,No
C0645,18,female,North,55.3,10,No,Store,1,79.59,0.168,0,7.8,8.0,1094.0,Standard,Yes,91.2,107.0,No
C0646,36,female,West,66.8,52,No,Store,2,75.55,0.351,1,4.3,4.0,1425.0,Standard,No,118.8,108.8,No
C0647,56,male,North,50.9,35,No,Store,3,89.25,0.183,1,3.9,0.0,3892.0,Standard,No,324.3,331.4,Yes
C0648,51,male,Central,64.0,13,No,Mobile app,4,143.53,0.359,0,8.8,8.0,7762.0,New offer,No,646.8,674.1,No
C0649,38,female,East,43.8,18,No,Store,0,92.97,0.136,3,8.5,8.0,0.0,New offer,No,0.0,0.0,No
C0650,62,male,East,43.1,19,Yes,Online,4,114.16,0.221,1,6.0,8.0,4908.0,Standard,Yes,409.0,448.6,No
C0651,19,male,East,101.6,57,No,Store,3,94.28,0.458,2,6.4,8.0,2906.0,New offer,No,242.2,260.0,No
C0652,63,female,South,41.4,94,No,Store,2,76.53,0.154,1,8.0,10.0,1821.0,New offer,No,151.8,160.7,No
C0653,40,female,North,35.3,10,No,Store,1,105.4,0.052,0,3.0,2.0,1376.0,Standard,No,114.7,123.0,No
C0654,37,female,West,35.3,38,No,Mobile app,3,71.21,0.211,1,,8.0,2402.0,Standard,No,200.2,214.0,No
C0655,48,male,Central,50.6,20,Yes,Mobile app,5,80.62,0.297,0,7.1,10.0,4896.0,Standard,No,408.0,422.9,No
C0656,27,female,East,47.1,60,Yes,Store,1,81.28,0.15,0,7.9,9.0,838.0,Standard,Yes,69.8,71.1,No
C0657,47,female,Central,74.2,43,Yes,Online,4,113.57,0.409,1,8.7,7.0,5353.0,New offer,No,446.1,469.1,No
C0658,49,male,South,40.9,10,No,Online,2,66.9,0.104,3,1.6,3.0,1518.0,New offer,No,126.5,141.3,Yes
C0659,39,male,West,37.1,116,Yes,Online,2,83.74,0.07,0,10.0,10.0,1570.0,Standard,No,130.8,135.5,No
C0660,55,female,Central,63.5,24,No,Store,4,100.62,0.272,0,6.5,6.0,4048.0,Standard,Yes,337.3,358.4,Yes
C0661,32,female,Central,70.9,6,No,Mobile app,4,92.07,0.484,0,4.8,4.0,3769.0,Standard,Yes,314.1,330.6,Yes
C0662,27,male,Central,39.2,34,No,Store,2,39.73,0.403,3,5.3,5.0,811.0,New offer,Yes,67.6,77.6,No
C0663,31,male,East,62.9,19,No,Mobile app,5,73.25,0.297,1,4.5,4.0,5403.0,Standard,No,450.2,462.4,Yes
C0664,28,female,Central,84.5,18,No,Store,1,95.92,0.276,0,8.4,9.0,1059.0,Standard,No,88.2,67.8,No
C0665,28,male,West,60.4,10,No,Online,8,57.27,0.473,2,3.8,4.0,4203.0,New offer,No,350.2,363.4,No
C0666,33,female,Central,43.6,7,No,Online,5,117.71,0.504,0,7.0,8.0,5190.0,New offer,No,432.5,450.9,No
C0667,47,male,Central,31.5,6,No,Store,1,66.66,0.113,2,7.7,8.0,624.0,New offer,No,52.0,65.4,No
C0668,45,male,Central,17.4,30,No,Store,3,114.73,0.311,2,6.0,5.0,4791.0,Standard,No,399.2,422.6,No
C0669,38,female,North,42.7,9,No,Store,4,80.05,0.123,2,2.9,3.0,3449.0,Standard,No,287.4,288.0,Yes
C0670,38,male,West,36.4,20,No,Store,2,69.98,0.455,0,6.5,7.0,1098.0,New offer,Yes,91.5,118.3,No
C0671,33,male,East,81.8,32,Yes,Store,2,87.27,0.002,0,5.4,6.0,1711.0,Standard,Yes,142.6,147.4,Yes
C0672,37,female,West,27.2,45,Yes,Online,4,90.87,0.195,1,6.4,7.0,4402.0,New offer,Yes,366.8,444.3,No
C0673,46,female,Central,,24,No,Store,0,79.12,0.5,1,7.6,7.0,0.0,Standard,No,0.0,0.0,No
C0674,49,male,Central,115.7,31,Yes,Online,4,115.86,0.164,0,5.5,,5745.0,New offer,Yes,478.8,570.9,No
C0675,36,male,East,,42,Yes,Online,4,67.16,0.177,1,8.2,9.0,3162.0,New offer,No,263.5,275.0,No
C0676,44,female,Central,57.1,136,No,Store,2,61.12,0.471,0,6.4,8.0,1206.0,Standard,No,100.5,100.6,No
C0677,40,female,West,78.2,54,No,Store,2,73.59,0.265,1,4.0,5.0,2051.0,New offer,Yes,170.9,201.1,Yes
C0678,27,male,East,30.1,75,No,Online,1,90.85,0.346,0,,5.0,669.0,New offer,Yes,55.8,75.3,No
C0679,39,male,East,57.6,42,No,Online,3,92.87,0.219,0,8.9,8.0,3822.0,New offer,No,318.5,328.6,No
C0680,41,female,North,56.4,43,No,Store,1,64.02,0.19,2,3.4,4.0,687.0,Standard,No,57.2,55.1,No
C0681,30,female,South,53.7,10,No,Mobile app,1,71.2,0.233,0,6.5,6.0,910.0,Standard,Yes,75.8,71.8,No
C0682,38,male,West,17.6,88,No,Store,1,89.08,0.113,0,9.7,10.0,809.0,New offer,Yes,67.4,83.5,No
C0683,74,female,South,81.0,37,Yes,Online,1,117.43,0.279,2,8.7,10.0,1410.0,New offer,No,117.5,127.5,No
C0684,46,female,West,58.9,20,No,Online,2,88.98,0.577,2,9.0,8.0,1750.0,Standard,No,145.8,144.1,No
C0685,26,male,South,34.8,43,No,Online,4,56.66,0.235,0,8.0,9.0,2302.0,Standard,No,191.8,204.6,No
C0686,40,male,West,52.2,18,Yes,Online,3,80.18,0.143,1,7.8,7.0,2622.0,Standard,Yes,218.5,217.4,No
C0687,57,male,Central,32.5,43,No,Store,3,89.04,0.263,1,5.6,8.0,2902.0,Standard,No,241.8,245.4,Yes
C0688,42,female,West,36.5,21,No,Online,1,119.15,0.464,2,6.9,6.0,1144.0,New offer,No,95.3,116.4,Yes
C0689,32,female,North,80.4,46,No,Store,3,92.21,0.219,1,6.0,7.0,2519.0,Standard,No,209.9,236.1,No
C0690,32,female,South,35.2,24,No,Online,1,80.54,0.209,1,5.5,8.0,1001.0,Standard,No,83.4,79.1,No
C0691,48,female,South,61.7,61,Yes,Store,4,104.83,0.067,3,6.1,5.0,4429.0,Standard,No,369.1,382.4,No
C0692,31,female,Central,75.2,53,Yes,Online,4,117.24,0.346,0,9.9,10.0,4668.0,Standard,Yes,389.0,421.3,No
C0693,41,male,East,19.6,10,No,Online,6,108.16,0.104,0,7.3,8.0,7062.0,Standard,Yes,588.5,622.9,No
C0694,31,male,West,34.4,61,Yes,Store,3,77.29,0.087,2,7.7,8.0,2752.0,Standard,No,229.3,240.3,No
C0695,26,female,South,61.5,23,No,Store,5,176.89,0.114,0,9.4,9.0,8964.0,New offer,No,747.0,791.6,No
C0696,18,male,West,51.1,6,Yes,Online,8,83.04,0.45,0,6.5,6.0,7131.0,New offer,No,594.2,608.3,No
C0697,51,male,North,33.4,32,No,Mobile app,3,71.97,0.602,0,9.4,10.0,2261.0,New offer,No,188.4,211.9,No
C0698,47,male,North,51.1,4,No,Online,2,84.0,0.201,0,8.1,8.0,1800.0,New offer,No,150.0,147.9,No
C0699,38,female,West,37.3,34,No,Online,1,81.59,0.382,0,5.2,5.0,1024.0,Standard,No,85.3,82.0,No
C0700,45,male,Central,38.5,55,Yes,Online,3,102.78,0.55,0,7.0,,3226.0,Standard,No,268.8,282.9,No
C0701,31,female,North,50.9,29,No,Store,5,91.2,0.456,1,,3.0,4102.0,New offer,No,341.8,357.9,Yes
C0702,34,female,West,77.7,12,No,Store,4,92.15,0.238,1,4.7,4.0,3797.0,Standard,No,316.4,334.4,Yes
C0703,53,female,West,31.1,42,No,Store,4,60.92,0.312,1,4.2,4.0,2907.0,Standard,No,242.2,251.0,No
C0704,48,male,North,23.9,33,Yes,Online,1,84.25,0.371,0,7.9,8.0,805.0,New offer,No,67.1,68.6,No
C0705,39,female,South,41.3,39,Yes,Store,1,95.15,0.271,0,7.1,8.0,729.0,New offer,Yes,60.8,74.8,No
C0706,40,female,East,42.7,9,No,Store,4,42.85,0.464,4,,1.0,1822.0,Standard,No,151.8,155.9,Yes
C0707,45,male,West,29.1,20,No,Online,8,66.76,0.513,1,5.2,7.0,5336.0,New offer,Yes,444.7,547.7,No
C0708,21,female,North,56.3,56,No,Store,1,70.44,0.198,2,5.6,4.0,825.0,Standard,No,68.8,79.3,No
C0709,55,female,East,56.1,27,No,Store,1,76.44,0.183,1,6.0,6.0,780.0,New offer,No,65.0,65.5,No
C0710,33,male,North,46.0,41,No,Mobile app,6,84.26,0.03,0,6.4,9.0,5367.0,Standard,No,447.2,455.6,No
C0711,52,male,East,57.1,13,No,Store,1,116.36,0.127,1,9.7,10.0,1528.0,Standard,No,127.3,118.8,No
C0712,59,male,South,42.6,13,No,Store,3,85.87,0.054,2,7.6,6.0,3913.0,Standard,No,326.1,345.8,No
C0713,63,male,North,55.6,37,Yes,Store,2,107.39,0.21,3,4.4,2.0,1828.0,Standard,No,152.3,163.2,No
C0714,45,male,South,43.2,42,Yes,Store,3,118.28,0.247,0,7.9,,4563.0,Standard,Yes,380.2,393.0,No
C0715,26,male,Central,50.2,32,No,Online,1,113.39,0.337,1,,8.0,1342.0,New offer,Yes,111.8,139.9,No
C0716,18,female,North,37.7,40,Yes,Store,1,63.76,0.248,1,4.7,5.0,635.0,New offer,Yes,52.9,58.4,No
C0717,35,female,South,82.2,13,No,Store,3,79.3,0.481,2,4.5,7.0,1951.0,New offer,Yes,162.6,182.9,Yes
C0718,27,female,East,40.2,19,Yes,Online,5,68.45,0.325,0,5.8,5.0,4523.0,Standard,No,376.9,388.9,No
C0719,68,female,Central,37.9,19,No,Store,2,73.62,0.326,1,7.1,7.0,1587.0,Standard,No,132.2,125.9,No
C0720,31,female,North,61.0,38,No,Online,4,129.07,0.338,0,7.2,6.0,6181.0,Standard,No,515.1,530.1,No
C0721,41,male,South,31.4,116,Yes,Mobile app,6,94.14,0.428,0,7.7,6.0,6732.0,Standard,No,561.0,575.3,No
C0722,33,female,West,43.2,52,No,Store,4,78.12,0.385,3,6.3,7.0,3378.0,Standard,No,281.5,303.4,No
C0723,65,female,East,76.9,63,Yes,Store,7,131.47,0.181,0,6.5,6.0,8425.0,Standard,Yes,702.1,742.5,No
C0724,53,female,North,131.6,43,No,Store,0,161.52,0.297,3,7.2,7.0,0.0,New offer,No,0.0,0.0,No
C0725,35,male,East,60.9,11,Yes,Store,4,95.67,0.321,2,10.0,10.0,3607.0,Standard,No,300.6,307.9,No
C0726,45,female,South,14.8,9,No,Store,0,117.02,0.287,1,6.9,7.0,0.0,Standard,No,0.0,0.0,No
C0727,29,male,Central,56.7,67,No,Store,2,73.5,0.386,1,5.6,6.0,1424.0,New offer,No,118.7,127.9,No
C0728,49,male,West,30.8,26,No,Store,1,80.33,0.11,1,5.9,,1020.0,Standard,Yes,85.0,96.5,No
C0729,47,male,East,32.9,42,No,Online,0,59.18,0.8,0,6.9,8.0,0.0,New offer,Yes,0.0,8.2,No
C0730,44,female,North,29.3,47,Yes,Store,5,132.41,0.424,3,6.4,5.0,8216.0,Standard,Yes,684.7,719.0,Yes
C0731,43,male,South,,18,No,Online,3,100.31,0.256,0,2.8,1.0,3370.0,Standard,No,280.8,280.8,No
C0732,31,male,South,49.1,68,Yes,Store,4,103.59,0.269,0,8.7,8.0,4040.0,Standard,Yes,336.7,369.8,No
C0733,44,male,Central,23.8,23,No,Store,5,54.91,0.148,0,3.4,1.0,2819.0,Standard,No,234.9,258.7,Yes
C0734,43,female,West,42.8,8,Yes,Mobile app,1,86.22,0.37,1,7.8,9.0,1018.0,New offer,No,84.8,86.5,No
C0735,72,male,West,44.5,34,No,Store,2,82.75,0.151,3,5.4,5.0,2709.0,Standard,Yes,225.8,224.2,No
C0736,33,female,South,79.3,11,No,Store,3,136.1,0.258,0,7.1,,5435.0,New offer,Yes,452.9,536.1,No
C0737,53,female,Central,,31,Yes,Mobile app,7,85.12,0.339,1,,7.0,6160.0,New offer,No,513.3,524.9,No
C0738,40,male,Central,30.1,31,No,Online,3,109.65,0.318,0,8.7,8.0,3821.0,New offer,No,318.4,335.8,No
C0739,36,female,Central,33.3,71,Yes,Store,7,99.17,0.074,2,6.5,6.0,8348.0,New offer,Yes,695.7,835.5,No
C0740,47,female,South,47.9,33,Yes,Mobile app,7,141.58,0.208,1,3.9,3.0,9711.0,Standard,No,809.2,836.9,No
C0741,36,female,South,73.4,21,Yes,Online,1,123.85,0.624,0,6.6,8.0,976.0,New offer,Yes,81.3,79.7,No
C0742,62,male,South,70.5,39,No,Mobile app,4,87.17,0.305,1,8.3,7.0,5214.0,Standard,No,434.5,450.2,No
C0743,49,female,Central,24.6,23,Yes,Store,4,65.18,0.091,0,7.3,8.0,2464.0,Standard,No,205.3,217.7,No
C0744,24,other,South,55.7,47,No,Store,4,73.99,0.185,0,6.3,6.0,3561.0,New offer,Yes,296.8,362.9,No
C0745,73,female,Central,55.0,17,Yes,Online,3,95.31,0.258,0,7.2,8.0,2516.0,New offer,Yes,209.7,248.7,No
C0746,64,male,East,67.0,9,No,Store,2,71.57,0.563,1,6.0,5.0,1330.0,Standard,Yes,110.8,122.7,Yes
C0747,47,female,Central,42.4,16,No,Store,4,46.95,0.463,1,2.1,3.0,2002.0,New offer,No,166.8,177.1,Yes
C0748,37,female,North,49.6,6,No,Store,1,77.69,0.161,0,5.9,8.0,842.0,Standard,No,70.2,77.3,No
C0749,40,male,Central,18.3,18,No,Mobile app,3,98.98,0.51,0,4.9,5.0,3240.0,New offer,No,270.0,282.6,Yes
C0750,30,female,South,78.6,31,Yes,Mobile app,6,129.63,0.319,0,7.5,9.0,8552.0,New offer,No,712.7,725.5,No
C0751,68,female,East,46.2,27,Yes,Store,3,119.79,0.26,2,,6.0,3779.0,New offer,No,314.9,334.0,Yes
C0752,50,male,East,42.1,26,No,Store,0,83.64,0.366,1,6.1,9.0,0.0,Standard,No,0.0,0.0,No
C0753,56,female,North,109.0,9,Yes,Store,8,127.84,0.225,0,7.8,6.0,12118.0,New offer,Yes,1009.8,1205.0,No
C0754,20,male,Central,39.1,11,Yes,Mobile app,6,145.51,0.023,0,9.2,9.0,8189.0,Standard,No,682.4,703.4,No
C0755,18,male,Central,49.6,37,No,Store,4,86.64,0.213,3,5.2,6.0,4306.0,Standard,No,358.8,388.0,No
C0756,42,male,South,85.4,26,Yes,Mobile app,6,115.08,0.374,0,8.9,9.0,7390.0,Standard,Yes,615.8,630.3,No
C0757,25,male,West,36.4,45,Yes,Mobile app,5,80.85,0.127,1,8.7,10.0,3690.0,Standard,No,307.5,316.7,No
C0758,48,female,West,34.5,11,Yes,Online,0,80.49,0.11,1,8.3,8.0,0.0,New offer,Yes,0.0,0.0,No
C0759,44,female,West,54.2,44,Yes,Store,3,80.82,0.055,4,6.0,5.0,2436.0,Standard,No,203.0,216.1,No
C0760,31,male,North,33.9,21,No,Online,0,86.15,0.1,2,4.4,4.0,0.0,Standard,No,0.0,0.0,Yes
C0761,35,male,West,38.6,15,Yes,Store,2,112.35,0.395,0,10.0,9.0,2230.0,New offer,Yes,185.8,215.8,No
C0762,37,female,North,78.0,16,Yes,Store,4,89.33,0.202,2,6.5,5.0,3337.0,Standard,No,278.1,311.3,No
C0763,27,male,East,48.9,20,Yes,Store,3,109.56,0.554,0,7.9,8.0,3132.0,New offer,Yes,261.0,324.1,No
C0764,57,other,North,59.5,34,No,Online,0,109.9,0.203,1,7.9,8.0,0.0,New offer,No,0.0,0.0,Yes
C0765,75,female,Central,31.9,44,Yes,Online,3,74.32,0.408,1,3.7,2.0,2246.0,New offer,Yes,187.2,214.0,Yes
C0766,36,female,Central,50.7,31,No,Online,4,86.17,0.509,1,10.0,10.0,3199.0,New offer,No,266.6,263.5,No
C0767,32,male,Central,51.8,31,Yes,Store,2,77.67,0.213,2,,6.0,1943.0,New offer,Yes,161.9,196.2,No
C0768,43,female,Central,39.1,37,No,Online,2,82.82,0.13,1,7.1,,1963.0,New offer,No,163.6,172.1,No
C0769,43,male,South,36.9,25,Yes,Store,4,91.69,0.281,1,7.2,8.0,4205.0,Standard,No,350.4,366.0,No
C0770,37,female,West,39.4,14,No,Store,3,74.23,0.119,2,6.6,6.0,2925.0,Standard,No,243.8,253.4,No
C0771,52,female,North,52.1,112,Yes,Store,3,120.42,0.342,0,10.0,10.0,3916.0,Standard,Yes,326.3,335.1,No
C0772,66,female,East,44.1,44,No,Store,2,84.68,0.194,1,5.3,6.0,2173.0,New offer,Yes,181.1,227.7,Yes
C0773,53,male,North,60.0,5,Yes,Mobile app,2,119.86,0.123,0,7.0,6.0,2472.0,Standard,No,206.0,207.6,No
C0774,34,male,North,41.2,11,No,Store,2,97.14,0.211,0,6.0,6.0,2495.0,New offer,No,207.9,190.7,No
C0775,43,female,Central,47.1,12,No,Mobile app,2,87.29,0.147,1,6.2,6.0,2090.0,Standard,No,174.2,199.1,Yes
C0776,56,female,East,37.2,17,No,Online,4,59.62,0.428,1,7.2,7.0,3318.0,New offer,No,276.5,283.9,No
C0777,34,female,North,49.6,27,Yes,Store,5,118.38,0.142,1,7.8,10.0,6942.0,Standard,Yes,578.5,596.6,Yes
C0778,36,female,East,56.0,49,Yes,Online,2,96.67,0.138,0,6.6,7.0,2457.0,Standard,Yes,204.8,227.3,No
C0779,19,female,North,82.9,10,No,Mobile app,4,87.53,0.068,3,5.0,6.0,3766.0,Standard,No,313.8,331.8,No
C0780,46,male,South,,29,Yes,Store,6,92.02,0.376,0,4.0,5.0,4524.0,Standard,No,377.0,405.8,Yes
C0781,42,male,South,45.2,25,No,Store,3,69.94,0.145,1,4.3,5.0,2077.0,Standard,No,173.1,201.0,Yes
C0782,58,male,North,27.8,15,Yes,Store,2,88.57,0.22,1,6.8,7.0,2331.0,Standard,No,194.2,201.0,No
C0783,29,male,Central,58.9,67,Yes,Store,5,120.59,0.245,2,6.4,8.0,6363.0,Standard,Yes,530.2,560.8,No
C0784,44,female,North,39.5,24,Yes,Online,2,62.27,0.134,2,6.1,6.0,1234.0,New offer,No,102.8,113.9,No
C0785,36,female,East,24.5,15,No,Store,3,70.11,0.138,0,6.0,7.0,2333.0,New offer,No,194.4,201.3,No
C0786,61,male,East,33.6,24,No,Online,1,55.52,0.257,0,5.2,5.0,568.0,New offer,No,47.3,44.0,No
C0787,69,male,West,68.0,23,Yes,Online,1,111.45,0.143,0,8.0,9.0,1377.0,New offer,No,114.8,120.7,No
C0788,37,male,Central,33.3,20,No,Online,2,71.84,0.3,0,6.4,8.0,1323.0,Standard,No,110.2,119.2,No
C0789,38,female,Central,39.2,10,Yes,Online,1,108.21,0.151,0,6.6,6.0,1184.0,New offer,No,98.7,102.8,No
C0790,62,female,East,76.8,12,No,Store,1,135.5,0.142,0,6.4,8.0,2032.0,Standard,No,169.3,169.9,No
C0791,35,male,South,87.1,17,No,Mobile app,4,88.88,0.194,1,3.9,,3076.0,New offer,Yes,256.3,307.2,No
C0792,38,female,West,46.0,13,No,Store,3,62.54,0.129,0,5.3,7.0,1910.0,Standard,No,159.2,174.6,No
C0793,57,female,Central,45.2,20,No,Store,6,84.87,0.192,0,3.8,5.0,6001.0,New offer,No,500.1,517.5,Yes
C0794,53,male,South,36.6,10,Yes,Store,3,63.27,0.104,1,6.2,6.0,1992.0,Standard,No,166.0,188.8,No
C0795,44,male,West,38.0,58,No,Store,1,45.19,0.014,2,6.3,6.0,509.0,New offer,No,42.4,37.9,No
C0796,38,female,North,27.9,39,No,Store,4,43.28,0.064,3,5.9,5.0,2054.0,New offer,Yes,171.2,211.8,Yes
C0797,34,female,West,61.4,12,No,Store,2,111.63,0.448,1,4.0,2.0,2677.0,Standard,No,223.1,243.0,No
C0798,18,female,East,53.3,34,No,Store,4,76.62,0.059,1,7.2,8.0,2760.0,Standard,No,230.0,239.7,No
C0799,54,female,North,36.4,64,Yes,Mobile app,6,106.88,0.184,1,9.5,10.0,8362.0,Standard,Yes,696.8,725.7,No
C0800,20,male,South,42.9,42,Yes,Online,6,117.35,0.383,2,8.0,8.0,7806.0,Standard,No,650.5,666.2,No
C0801,25,male,West,42.9,33,No,Store,4,103.86,0.1,0,4.6,4.0,4308.0,New offer,Yes,359.0,432.8,No
C0802,32,male,South,59.7,31,No,Store,2,107.6,0.06,1,3.3,4.0,2704.0,Standard,No,225.3,235.8,No
C0803,38,female,North,41.1,19,No,Online,5,63.36,0.386,1,5.6,5.0,3541.0,New offer,No,295.1,324.0,Yes
C0804,42,female,South,35.1,48,Yes,Mobile app,7,80.0,0.127,2,5.8,7.0,5615.0,Standard,Yes,467.9,487.5,No
C0805,40,male,East,54.7,19,Yes,Online,9,100.78,0.156,0,5.2,5.0,10625.0,Standard,No,885.4,904.3,Yes
C0806,56,female,Central,,72,Yes,Store,4,145.61,0.665,0,5.2,5.0,6405.0,New offer,No,533.8,546.1,No
C0807,41,female,East,43.6,8,Yes,Store,8,111.06,0.109,0,8.1,10.0,8485.0,Standard,Yes,707.1,732.1,No
C0808,52,male,Central,47.4,6,Yes,Mobile app,1,111.95,0.225,1,,,1246.0,New offer,Yes,103.8,109.3,No
C0809,49,female,Central,44.7,54,Yes,Online,2,66.46,0.195,1,7.7,9.0,1285.0,New offer,No,107.1,109.7,No
C0810,35,male,South,52.3,40,No,Mobile app,7,101.25,0.403,1,7.2,5.0,6988.0,New offer,Yes,582.3,706.9,No
C0811,42,female,North,42.8,31,Yes,Store,5,100.85,0.376,1,7.6,7.0,4908.0,Standard,No,409.0,419.7,No
C0812,54,male,East,37.5,17,Yes,Online,1,104.32,0.502,1,8.3,,949.0,Standard,No,79.1,77.5,No
C0813,73,female,Central,59.3,11,Yes,Store,7,93.31,0.296,0,3.7,4.0,7890.0,New offer,No,657.5,690.0,No
C0814,78,male,North,,29,No,Store,1,60.22,0.428,2,6.4,,563.0,New offer,No,46.9,45.3,No
C0815,23,female,East,23.4,35,Yes,Mobile app,8,68.13,0.195,2,6.0,6.0,6438.0,Standard,No,536.5,559.3,No
C0816,53,female,East,55.5,25,No,Store,2,68.96,0.536,0,6.3,6.0,1725.0,New offer,No,143.8,145.5,No
C0817,50,male,East,52.0,20,Yes,Store,2,109.19,0.487,1,9.7,10.0,2126.0,Standard,Yes,177.2,186.1,No
C0818,19,male,Central,62.7,14,Yes,Store,0,81.5,0.378,0,8.1,8.0,0.0,New offer,Yes,0.0,0.0,No
C0819,37,male,South,96.8,57,No,Mobile app,3,118.82,0.122,0,6.6,7.0,4440.0,New offer,No,370.0,379.7,No
C0820,29,female,West,38.2,11,No,Store,2,48.67,0.139,2,6.6,7.0,1164.0,Standard,No,97.0,92.0,No
C0821,35,male,South,143.6,7,No,Online,2,154.36,0.24,1,7.1,7.0,3112.0,Standard,No,259.3,263.9,No
C0822,31,female,South,31.5,40,No,Online,2,67.94,0.454,1,7.8,6.0,1399.0,New offer,No,116.6,108.9,No
C0823,33,male,East,21.0,42,Yes,Mobile app,3,72.71,0.245,1,5.6,5.0,1954.0,New offer,No,162.8,177.0,No
C0824,36,female,South,65.2,57,No,Store,3,74.84,0.043,0,7.6,8.0,2597.0,New offer,Yes,216.4,257.1,No
C0825,52,male,North,59.5,18,Yes,Online,4,82.69,0.32,0,,5.0,3163.0,Standard,Yes,263.6,269.2,No
C0826,37,female,East,89.3,60,Yes,Store,0,89.5,0.166,1,7.8,8.0,0.0,New offer,Yes,0.0,3.1,No
C0827,37,female,Central,36.5,97,No,Online,4,70.23,0.359,1,6.2,5.0,2815.0,Standard,No,234.6,259.9,No
C0828,50,male,South,,7,No,Store,2,67.32,0.446,1,2.6,1.0,1300.0,New offer,No,108.3,104.1,No
C0829,64,male,West,68.2,9,No,Store,4,81.2,0.375,1,1.4,2.0,4456.0,New offer,No,371.3,374.1,Yes
C0830,20,female,South,70.6,62,Yes,Store,7,91.25,0.117,0,8.5,9.0,6768.0,Standard,Yes,564.0,586.0,No
C0831,56,female,South,75.4,32,Yes,Store,5,132.38,0.272,3,6.1,6.0,6590.0,Standard,Yes,549.2,570.2,No
C0832,18,female,South,53.8,10,No,Mobile app,5,70.8,0.3,1,7.5,7.0,3413.0,Standard,Yes,284.4,293.8,No
C0833,29,male,Central,,38,No,Store,2,86.7,0.377,0,6.6,8.0,1789.0,Standard,No,149.1,169.5,No
C0834,44,other,South,61.8,93,No,Store,4,75.05,0.082,6,4.0,5.0,3541.0,New offer,Yes,295.1,361.5,Yes
C0835,52,male,South,17.8,11,No,Store,1,51.82,0.525,2,5.8,7.0,561.0,Standard,No,46.8,51.7,No
C0836,59,female,North,86.6,58,No,Online,2,115.97,0.266,2,7.9,6.0,2676.0,New offer,Yes,223.0,272.8,No
C0837,44,female,South,104.9,49,Yes,Online,3,145.72,0.217,2,,6.0,5671.0,New offer,No,472.6,496.4,No
C0838,36,female,East,37.3,57,No,Store,6,100.87,0.551,0,9.2,9.0,5277.0,New offer,No,439.8,457.2,No
C0839,33,female,West,30.7,106,Yes,Store,4,86.8,0.068,0,6.5,8.0,4287.0,Standard,Yes,357.2,368.2,No
C0840,39,male,Central,31.2,21,No,Mobile app,1,89.71,0.081,2,4.1,,1135.0,New offer,No,94.6,86.5,Yes
C0841,53,male,South,68.4,18,No,Online,3,89.05,0.526,0,5.8,,2203.0,Standard,No,183.6,182.8,No
C0842,37,male,Central,98.8,23,No,Store,2,129.43,0.296,2,7.1,7.0,2945.0,Standard,Yes,245.4,253.4,Yes
C0843,69,female,North,32.3,24,No,Mobile app,4,40.17,0.334,1,5.2,5.0,1297.0,New offer,No,108.1,106.8,No
C0844,43,male,West,28.1,70,No,Mobile app,4,47.39,0.424,1,5.1,7.0,2091.0,New offer,Yes,174.2,210.7,No
C0845,34,female,East,,53,Yes,Online,3,108.46,0.155,1,5.0,6.0,2912.0,New offer,Yes,242.7,288.5,No
C0846,35,female,South,54.4,24,Yes,Mobile app,3,92.51,0.179,0,5.4,5.0,4064.0,Standard,Yes,338.7,359.1,No
C0847,28,female,West,63.5,18,Yes,Online,5,83.48,0.165,1,8.6,8.0,3716.0,Standard,Yes,309.7,331.1,No
C0848,57,female,East,49.6,38,Yes,Online,6,100.89,0.26,3,6.1,6.0,5199.0,New offer,Yes,433.2,513.1,No
C0849,35,female,Central,22.8,11,No,Online,2,61.05,0.18,0,8.9,9.0,1163.0,New offer,No,96.9,98.1,No
C0850,38,male,East,72.7,77,No,Online,1,108.19,0.453,2,7.5,8.0,1125.0,Standard,No,93.8,96.3,No
C0851,41,female,Central,60.1,40,Yes,Store,6,111.26,0.079,3,5.3,5.0,7687.0,Standard,No,640.6,676.6,Yes
C0852,20,male,South,39.6,21,No,Mobile app,5,96.37,0.405,0,5.4,7.0,6287.0,Standard,No,523.9,543.7,No
C0853,34,male,West,44.6,14,No,Store,0,73.85,0.24,1,6.7,7.0,0.0,Standard,No,0.0,0.0,No
C0854,47,female,West,16.2,13,Yes,Store,5,55.79,0.466,1,7.3,6.0,3038.0,New offer,No,253.2,264.1,No
C0855,20,male,Central,98.4,9,No,Online,0,112.3,0.324,2,6.0,6.0,0.0,Standard,No,0.0,0.0,No
C0856,59,male,East,60.5,9,Yes,Store,3,96.24,0.114,1,7.3,8.0,2477.0,Standard,No,206.4,224.0,No
C0857,47,female,North,44.4,51,Yes,Mobile app,6,172.35,0.563,1,10.0,8.0,11188.0,Standard,Yes,932.3,973.0,No
C0858,41,male,South,32.7,54,Yes,Mobile app,3,120.9,0.254,1,5.3,5.0,3529.0,Standard,No,294.1,308.7,No
C0859,69,female,East,47.7,85,Yes,Store,4,77.34,0.181,1,8.0,7.0,3504.0,New offer,No,292.0,314.2,No
C0860,45,male,East,,15,No,Store,2,83.92,0.165,0,8.3,,1724.0,New offer,Yes,143.7,164.1,No
C0861,42,female,Central,54.1,12,No,Store,3,68.37,0.131,0,6.0,5.0,2041.0,Standard,No,170.1,169.8,Yes
C0862,31,female,North,,4,No,Mobile app,4,57.58,0.197,1,6.1,6.0,2587.0,Standard,No,215.6,224.9,No
C0863,53,male,Central,84.5,27,Yes,Store,5,103.86,0.107,0,8.6,9.0,6343.0,Standard,No,528.6,536.6,No
C0864,52,female,West,49.3,106,Yes,Online,5,86.97,0.238,1,,8.0,3940.0,New offer,Yes,328.3,383.4,No
C0865,36,male,East,43.2,21,No,Store,2,61.72,0.101,0,6.0,5.0,1159.0,Standard,No,96.6,110.5,No
C0866,33,female,East,62.3,5,No,Online,5,111.02,0.316,0,6.8,,8402.0,Standard,No,700.2,728.1,No
C0867,21,male,East,45.0,4,Yes,Store,3,85.57,0.166,0,,10.0,2855.0,Standard,No,237.9,242.3,No
C0868,54,male,North,42.3,40,Yes,Mobile app,5,95.17,0.582,0,7.1,7.0,3907.0,Standard,No,325.6,343.4,No
C0869,26,male,South,83.5,28,No,Online,2,62.87,0.131,1,4.3,7.0,1661.0,Standard,No,138.4,140.5,No
C0870,30,male,East,90.5,59,Yes,Online,2,115.31,0.165,0,5.4,6.0,2647.0,Standard,Yes,220.6,228.4,No
C0871,18,female,East,27.5,33,No,Online,2,53.15,0.502,2,5.1,,1151.0,New offer,Yes,95.9,112.5,No
C0872,32,female,West,54.2,38,No,Store,2,103.32,0.133,1,6.7,6.0,2056.0,Standard,No,171.3,171.9,No
C0873,31,male,South,127.2,14,No,Mobile app,6,128.28,0.308,3,7.3,6.0,7387.0,Standard,No,615.6,645.5,No
C0874,26,female,East,41.8,4,No,Mobile app,4,77.28,0.244,2,3.5,3.0,3417.0,New offer,No,284.8,300.9,Yes
C0875,80,male,Central,65.7,17,Yes,Store,8,114.33,0.15,1,7.9,10.0,9166.0,Standard,Yes,763.8,783.8,No
C0876,29,male,South,83.9,20,No,Mobile app,5,90.75,0.278,2,7.6,8.0,6187.0,New offer,No,515.6,544.8,No
C0877,32,male,West,41.8,19,Yes,Store,5,72.42,0.26,1,5.2,6.0,3992.0,New offer,Yes,332.7,398.5,Yes
C0878,30,male,East,51.2,44,Yes,Online,3,69.79,0.215,1,7.8,7.0,2450.0,Standard,No,204.2,207.7,No
C0879,37,male,East,50.1,62,Yes,Online,1,118.75,0.359,2,,8.0,997.0,Standard,No,83.1,96.4,Yes
C0880,32,female,South,118.1,44,No,Mobile app,2,160.53,0.639,1,7.3,7.0,2927.0,New offer,Yes,243.9,286.9,No
C0881,18,male,East,135.7,80,Yes,Mobile app,7,117.3,0.354,0,9.0,8.0,7687.0,New offer,No,640.6,670.0,No
C0882,42,male,Central,30.0,61,Yes,Mobile app,5,52.16,0.314,0,4.6,5.0,2040.0,Standard,No,170.0,182.2,No
C0883,19,other,North,82.5,19,No,Store,3,94.3,0.399,0,2.7,,2902.0,Standard,Yes,241.8,244.6,No
C0884,42,female,North,36.0,32,No,Store,1,90.0,0.204,1,5.5,7.0,1009.0,New offer,No,84.1,81.3,No
C0885,46,male,South,49.7,39,No,Store,0,60.98,0.029,0,6.6,4.0,0.0,Standard,Yes,0.0,0.0,No
C0886,19,female,South,102.3,11,Yes,Online,6,128.83,0.277,1,6.7,6.0,8363.0,Standard,No,696.9,725.3,No
C0887,32,female,West,66.8,22,No,Store,0,70.93,0.557,0,8.5,9.0,0.0,Standard,No,0.0,0.0,No
C0888,55,male,West,55.5,39,No,Online,1,66.43,0.187,1,5.3,4.0,822.0,New offer,Yes,68.5,73.9,Yes
C0889,51,male,East,125.3,53,Yes,Store,5,147.71,0.205,0,5.9,5.0,7898.0,Standard,No,658.2,685.3,No
C0890,43,female,West,85.6,24,No,Online,1,98.73,0.17,0,7.1,6.0,1221.0,New offer,No,101.8,101.6,No
C0891,58,female,Central,32.7,51,Yes,Store,3,67.41,0.206,1,3.8,2.0,2579.0,Standard,No,214.9,217.8,No
C0892,37,female,Central,60.7,6,Yes,Store,2,100.24,0.292,1,7.0,,2337.0,Standard,No,194.8,206.2,Yes
C0893,42,female,North,45.8,39,No,Online,0,104.0,0.28,1,6.6,7.0,0.0,New offer,Yes,0.0,0.0,No
C0894,41,male,Central,61.9,35,No,Store,3,88.61,0.425,0,6.7,7.0,2944.0,New offer,No,245.3,255.9,No
C0895,50,male,North,73.5,31,Yes,Store,4,87.1,0.261,0,8.8,,2651.0,New offer,Yes,220.9,258.8,No
C0896,29,female,Central,,34,No,Store,4,89.27,0.191,1,5.7,7.0,3878.0,Standard,No,323.2,330.9,No
C0897,31,male,Central,69.8,25,Yes,Mobile app,8,94.69,0.083,0,5.8,6.0,7672.0,Standard,No,639.3,647.0,No
C0898,53,male,West,27.3,21,Yes,Online,2,83.46,0.364,0,8.9,10.0,2099.0,New offer,Yes,174.9,197.6,No
C0899,51,female,East,39.9,64,Yes,Mobile app,4,87.25,0.163,0,6.8,4.0,4146.0,New offer,Yes,345.5,421.7,No
C0900,55,female,West,53.7,11,No,Store,2,88.16,0.048,2,6.5,6.0,2189.0,Standard,No,182.4,173.4,Yes
C0901,33,female,West,70.1,22,No,Store,1,108.77,0.161,1,6.8,5.0,1218.0,New offer,Yes,101.5,118.6,No
C0902,51,female,East,39.3,10,No,Online,3,62.82,0.472,2,6.8,6.0,2132.0,New offer,No,177.7,188.7,No
C0903,40,male,East,54.4,37,Yes,Mobile app,6,97.66,0.194,1,7.7,6.0,7013.0,Standard,Yes,584.4,611.6,No
C0904,38,female,East,65.1,12,Yes,Mobile app,5,125.5,0.248,0,9.2,7.0,6302.0,New offer,Yes,525.2,615.5,No
C0905,35,female,Central,47.6,30,No,Store,4,89.47,0.176,0,7.5,7.0,5809.0,Standard,Yes,484.1,511.2,Yes
C0906,32,female,Central,51.1,20,No,Store,1,91.74,0.392,1,7.7,7.0,1097.0,Standard,No,91.4,92.3,No
C0907,45,female,East,57.9,24,Yes,Online,3,108.28,0.218,0,4.3,1.0,2973.0,Standard,No,247.8,283.3,No
C0908,52,male,East,49.2,80,No,Mobile app,4,108.44,0.209,3,7.8,7.0,4353.0,New offer,Yes,362.8,433.7,No
C0909,57,male,South,64.2,9,No,Store,2,89.81,0.06,1,6.4,7.0,1872.0,Standard,No,156.0,164.9,No
C0910,18,female,West,30.6,30,No,Online,1,71.81,0.159,3,4.7,6.0,905.0,Standard,Yes,75.4,75.0,Yes
C0911,40,female,Central,39.0,2,No,Store,1,64.84,0.074,1,4.6,4.0,782.0,New offer,No,65.2,73.5,Yes
C0912,76,female,Central,47.9,32,No,Store,1,67.66,0.496,0,7.6,7.0,651.0,Standard,No,54.2,68.0,Yes
C0913,44,female,East,63.8,19,Yes,Mobile app,8,106.85,0.111,0,7.7,10.0,11665.0,New offer,Yes,972.1,1169.6,No
C0914,59,male,West,40.3,7,Yes,Online,3,123.56,0.161,1,6.9,7.0,4451.0,Standard,No,370.9,391.6,No
C0915,23,male,East,137.3,9,Yes,Mobile app,10,116.86,0.509,1,,7.0,10661.0,New offer,Yes,888.4,1067.2,No
C0916,31,male,North,,37,Yes,Store,4,132.31,0.459,1,9.0,9.0,4363.0,Standard,No,363.6,375.6,No
C0917,46,female,South,46.5,20,No,Mobile app,0,58.92,0.101,2,4.8,4.0,0.0,New offer,Yes,0.0,5.1,Yes
C0918,41,male,North,26.0,57,Yes,Store,3,91.12,0.159,0,5.2,5.0,2659.0,Standard,Yes,221.6,234.3,No
C0919,57,female,North,75.5,18,No,Online,1,153.17,0.148,1,6.5,8.0,1934.0,New offer,No,161.2,170.5,No
C0920,46,male,Central,59.7,55,No,Online,1,123.75,0.371,5,6.2,7.0,1040.0,New offer,No,86.7,101.9,Yes
C0921,47,male,East,36.3,14,Yes,Store,2,112.85,0.198,1,7.4,8.0,2486.0,Standard,No,207.2,195.6,No
C0922,44,male,South,110.7,3,Yes,Mobile app,7,106.9,0.044,1,5.8,6.0,5826.0,Standard,No,485.5,493.6,No
C0923,26,female,East,39.9,19,Yes,Online,5,114.02,0.122,0,6.3,5.0,5981.0,New offer,No,498.4,502.5,No
C0924,36,female,South,62.5,16,No,Online,2,85.2,0.541,0,7.9,9.0,1747.0,Standard,Yes,145.6,148.8,Yes
C0925,23,female,Central,142.7,55,Yes,Store,3,135.16,0.186,0,8.3,9.0,3778.0,Standard,No,314.8,332.1,No
C0926,66,male,East,69.3,62,Yes,Store,5,108.2,0.166,2,8.6,9.0,5085.0,New offer,No,423.8,429.4,No
C0927,46,female,West,27.9,71,Yes,Store,8,70.03,0.153,1,6.0,6.0,6610.0,New offer,No,550.8,563.9,No
C0928,40,male,West,80.5,29,No,Online,3,99.62,0.282,0,9.4,9.0,3533.0,New offer,Yes,294.4,353.3,No
C0929,48,female,North,66.4,8,Yes,Store,3,71.94,0.045,2,6.4,8.0,2262.0,Standard,Yes,188.5,206.8,No
C0930,71,female,Central,,14,No,Mobile app,4,63.09,0.154,0,4.3,4.0,2575.0,Standard,Yes,214.6,228.6,No
C0931,35,other,South,28.4,13,No,Online,1,86.64,0.279,1,4.5,5.0,1135.0,Standard,No,94.6,100.4,Yes
C0932,63,female,North,35.7,59,Yes,Online,3,91.13,0.173,2,,10.0,2844.0,New offer,Yes,237.0,276.6,No
C0933,32,male,North,69.5,46,No,Store,4,57.52,0.431,1,5.7,5.0,2231.0,New offer,Yes,185.9,221.1,No
C0934,54,female,Central,33.3,18,Yes,Store,3,90.28,0.175,1,7.9,7.0,2903.0,Standard,Yes,241.9,256.1,Yes
C0935,49,female,South,24.7,31,No,Store,4,47.32,0.241,0,6.6,7.0,2325.0,New offer,No,193.8,206.7,No
C0936,40,male,Central,31.3,43,No,Store,4,55.98,0.131,0,,4.0,2948.0,New offer,Yes,245.7,294.6,No
C0937,51,male,Central,89.9,19,Yes,Online,8,130.62,0.109,1,5.8,4.0,9152.0,Standard,No,762.7,795.3,No
C0938,43,male,Central,54.9,17,No,Mobile app,2,103.38,0.295,0,5.2,3.0,1912.0,New offer,No,159.3,166.6,Yes
C0939,46,male,South,56.8,7,No,Mobile app,2,95.92,0.184,1,4.5,5.0,2746.0,New offer,Yes,228.8,268.0,Yes
C0940,41,female,Central,23.5,101,Yes,Mobile app,6,179.81,0.181,0,10.0,8.0,11839.0,New offer,No,986.6,1019.3,No
C0941,36,male,West,49.3,31,Yes,Online,4,112.15,0.3,0,4.8,,6682.0,Standard,Yes,556.8,561.0,No
C0942,41,male,West,30.6,49,No,Online,0,77.62,0.101,0,7.0,8.0,0.0,New offer,No,0.0,0.0,No
C0943,38,female,East,29.8,76,No,Mobile app,3,139.18,0.305,1,7.3,6.0,4853.0,New offer,No,404.4,439.9,No
C0944,52,male,Central,100.4,11,No,Store,3,100.98,0.393,2,,2.0,2678.0,New offer,No,223.2,227.1,Yes
C0945,53,female,South,41.4,14,No,Store,1,101.58,0.279,0,7.3,7.0,1316.0,Standard,No,109.7,122.2,No
C0946,36,female,North,90.9,37,Yes,Online,3,204.6,0.273,1,10.0,7.0,6830.0,New offer,Yes,569.2,686.5,No
C0947,57,female,West,23.2,30,Yes,Online,3,71.2,0.28,1,3.9,2.0,2788.0,Standard,No,232.3,241.9,Yes
C0948,35,female,North,34.5,14,No,Store,1,84.93,0.217,0,,3.0,1000.0,Standard,Yes,83.3,89.9,No
C0949,25,female,South,25.0,11,Yes,Online,6,90.49,0.066,0,6.6,6.0,6956.0,New offer,Yes,579.7,686.5,No
C0950,27,male,Central,39.3,4,No,Mobile app,6,120.12,0.425,1,5.9,5.0,8144.0,Standard,No,678.7,713.3,Yes
C0951,50,male,North,57.3,17,No,Online,2,95.94,0.179,0,6.1,7.0,2057.0,New offer,Yes,171.4,204.1,Yes
C0952,39,male,Central,79.4,34,No,Mobile app,3,93.96,0.091,0,8.0,8.0,3237.0,Standard,No,269.8,275.5,No
C0953,61,other,North,35.3,28,No,Store,4,75.35,0.069,2,4.5,3.0,4068.0,Standard,No,339.0,361.1,Yes
C0954,32,male,Central,,10,Yes,Online,5,96.66,0.328,0,,10.0,5913.0,New offer,Yes,492.8,590.9,No
C0955,21,female,East,147.5,67,Yes,Mobile app,7,118.93,0.191,0,6.7,8.0,9589.0,New offer,Yes,799.1,966.4,No
C0956,41,female,South,21.7,79,Yes,Online,4,83.45,0.377,0,8.1,9.0,3339.0,Standard,No,278.2,282.9,No
C0957,33,male,South,25.0,41,Yes,Store,6,87.15,0.525,0,7.5,9.0,5306.0,New offer,No,442.2,448.2,No
C0958,40,male,North,39.6,19,Yes,Online,1,105.66,0.13,1,6.0,5.0,1686.0,New offer,No,140.5,139.9,No
C0959,23,female,North,37.9,11,No,Online,4,64.88,0.172,0,7.8,,2953.0,New offer,No,246.1,278.2,Yes
C0960,57,male,South,41.3,15,No,Store,1,59.87,0.266,3,5.1,4.0,607.0,New offer,No,50.6,40.8,No
C0961,57,female,Central,32.1,36,Yes,Online,3,78.3,0.341,0,6.9,7.0,2348.0,New offer,No,195.7,201.7,No
C0962,44,female,West,53.5,78,No,Online,1,114.44,0.393,0,7.9,8.0,936.0,New offer,Yes,78.0,89.8,No
C0963,63,female,Central,62.6,13,Yes,Online,6,91.24,0.239,0,7.7,9.0,5859.0,New offer,No,488.2,495.2,No
C0964,22,female,East,41.3,20,No,Online,3,62.08,0.361,0,6.9,6.0,1676.0,Standard,No,139.7,138.9,No
C0965,56,female,East,34.8,51,No,Online,4,94.76,0.343,0,8.6,7.0,5383.0,Standard,No,448.6,467.0,No
C0966,37,female,Central,34.4,45,Yes,Store,7,112.59,0.093,0,4.9,4.0,9940.0,New offer,No,828.3,849.2,No
C0967,36,other,South,29.6,95,Yes,Online,4,77.36,0.131,0,7.8,9.0,2819.0,New offer,Yes,234.9,289.8,No
C0968,38,male,West,30.7,36,Yes,Online,1,137.82,0.122,1,8.6,10.0,1639.0,Standard,No,136.6,138.4,No
C0969,41,male,Central,53.6,15,No,Store,4,89.36,0.208,1,5.7,6.0,4474.0,New offer,No,372.8,385.9,Yes
C0970,50,female,West,43.5,10,Yes,Store,7,103.14,0.334,1,4.7,4.0,6753.0,New offer,No,562.8,581.7,No
C0971,36,male,North,31.5,21,Yes,Store,5,66.35,0.436,1,5.3,3.0,4293.0,Standard,No,357.8,377.6,No
C0972,29,male,North,52.5,24,Yes,Online,1,79.08,0.221,0,6.2,7.0,872.0,New offer,No,72.7,61.1,Yes
C0973,35,female,North,54.4,49,No,Store,4,110.29,0.091,0,6.0,8.0,5903.0,New offer,Yes,491.9,593.3,No
C0974,63,male,North,20.1,10,No,Mobile app,3,83.89,0.175,1,4.5,3.0,2713.0,Standard,No,226.1,233.5,Yes
C0975,75,male,North,54.7,16,Yes,Online,4,94.2,0.606,0,7.7,7.0,2641.0,Standard,No,220.1,229.5,No
C0976,18,female,North,65.0,20,No,Mobile app,4,67.47,0.156,2,6.1,7.0,3391.0,Standard,No,282.6,307.1,No
C0977,25,female,North,88.0,10,No,Mobile app,5,149.02,0.215,0,6.4,5.0,7784.0,New offer,Yes,648.7,777.3,No
C0978,39,female,South,,60,Yes,Online,4,101.43,0.358,1,7.6,8.0,3848.0,Standard,Yes,320.7,332.1,No
C0979,59,other,Central,23.6,49,No,Store,3,58.67,0.202,1,4.3,4.0,1817.0,New offer,No,151.4,148.7,Yes
C0980,30,male,South,60.5,50,No,Online,0,80.29,0.14,1,4.5,5.0,0.0,Standard,No,0.0,0.0,Yes
C0981,46,female,West,87.4,47,No,Online,1,86.84,0.653,0,5.5,3.0,966.0,New offer,No,80.5,65.4,No
C0982,45,male,West,22.0,46,No,Store,0,77.29,0.436,2,6.6,5.0,0.0,Standard,No,0.0,3.8,No
C0983,32,female,North,46.4,26,Yes,Store,6,95.97,0.291,1,8.2,7.0,6319.0,Standard,Yes,526.6,564.0,No
C0984,54,male,North,46.2,34,No,Store,2,82.59,0.28,1,6.9,6.0,1968.0,New offer,Yes,164.0,194.8,No
C0985,49,female,North,36.3,25,No,Mobile app,5,74.82,0.11,0,8.0,8.0,5041.0,Standard,No,420.1,426.7,No
C0986,25,female,East,46.7,15,Yes,Mobile app,6,90.16,0.08,1,7.8,8.0,5510.0,Standard,No,459.2,472.4,No
C0987,39,male,East,37.0,43,No,Online,3,54.3,0.218,1,4.7,2.0,1431.0,Standard,Yes,119.2,121.7,No
C0988,47,female,South,36.8,31,No,Mobile app,4,94.15,0.16,1,5.6,3.0,3860.0,Standard,No,321.7,330.3,No
C0989,49,male,South,33.5,56,Yes,Mobile app,2,102.48,0.021,0,8.9,8.0,2309.0,Standard,Yes,192.4,192.5,No
C0990,23,male,West,19.7,25,Yes,Mobile app,5,81.1,0.424,1,8.4,7.0,4133.0,Standard,No,344.4,342.8,No
C0991,38,female,North,89.9,85,Yes,Online,2,92.6,0.153,2,6.3,4.0,2844.0,Standard,Yes,237.0,243.5,No
C0992,50,female,South,43.7,8,No,Online,2,103.79,0.32,0,8.2,6.0,2424.0,New offer,No,202.0,212.2,No
C0993,56,male,South,61.7,11,No,Store,4,70.03,0.098,0,7.3,8.0,4399.0,New offer,Yes,366.6,432.8,No
C0994,25,female,West,47.0,41,No,Store,1,69.76,0.406,0,6.5,6.0,858.0,Standard,Yes,71.5,81.3,Yes
C0995,51,female,South,48.7,14,No,Online,1,62.8,0.544,1,7.2,7.0,551.0,New offer,No,45.9,47.0,No
C0996,25,female,East,81.7,28,No,Store,4,89.28,0.183,0,8.0,8.0,4144.0,Standard,No,345.3,368.5,No
C0997,55,male,West,,9,Yes,Online,3,78.26,0.427,1,3.6,5.0,1809.0,New offer,No,150.8,149.6,Yes
C0998,45,female,West,62.3,25,No,Store,1,109.51,0.143,0,5.1,5.0,1195.0,Standard,No,99.6,98.0,No
C0999,60,male,North,37.0,16,No,Mobile app,3,59.71,0.135,1,5.6,6.0,1755.0,New offer,No,146.2,168.2,Yes
C1000,33,male,East,40.0,5,No,Online,1,73.18,0.283,0,4.9,5.0,746.0,New offer,Yes,62.2,79.2,No
C1001,53,female,Central,33.8,15,Yes,Online,1,76.41,0.315,1,7.7,7.0,861.0,New offer,Yes,71.8,83.3,No
C1002,45,female,South,42.7,41,No,Store,1,110.8,0.197,1,6.0,6.0,1272.0,New offer,No,106.0,111.4,No
C1003,23,male,Central,99.9,19,No,Online,5,102.81,0.351,0,7.1,8.0,4424.0,Standard,No,368.7,393.8,No
C1004,18,male,West,24.8,12,No,Store,2,59.88,0.067,2,5.6,7.0,1137.0,Standard,No,94.8,111.5,No
C1005,46,male,North,30.9,27,No,Mobile app,1,105.03,0.271,2,7.6,9.0,1492.0,Standard,No,124.3,142.9,Yes
C1006,41,other,Central,48.4,34,No,Mobile app,2,108.71,0.061,0,7.2,9.0,2705.0,Standard,No,225.4,224.7,No
C1007,27,female,South,63.1,22,No,Online,2,111.29,0.308,0,10.0,10.0,1933.0,Standard,No,161.1,160.9,No
C1008,35,female,North,18.0,4,No,Mobile app,2,64.4,0.167,0,7.4,5.0,1430.0,Standard,Yes,119.2,116.5,No
C1009,31,female,North,32.5,59,Yes,Store,3,121.93,0.285,0,5.9,5.0,3845.0,New offer,Yes,320.4,397.6,Yes
C1010,50,male,East,64.5,2,No,Store,1,73.57,0.389,1,4.8,5.0,675.0,New offer,Yes,56.2,78.0,No
C1011,18,female,North,36.0,37,Yes,Mobile app,4,89.18,0.474,1,8.3,9.0,4804.0,Standard,No,400.3,418.2,No
C1012,54,female,East,65.9,105,Yes,Mobile app,6,106.39,0.468,2,7.7,5.0,8409.0,New offer,No,700.8,743.7,No
C1013,57,male,East,36.1,46,Yes,Mobile app,4,70.3,0.145,2,5.9,6.0,3044.0,New offer,Yes,253.7,294.2,No
C1014,38,male,Central,64.1,36,Yes,Store,3,156.85,0.206,0,9.9,10.0,4885.0,New offer,No,407.1,421.6,No
C1015,35,male,North,19.0,21,No,Mobile app,4,118.61,0.53,1,4.9,5.0,4681.0,Standard,No,390.1,419.1,No
C1016,44,male,East,25.4,35,No,Store,4,62.3,0.166,0,5.6,6.0,2330.0,Standard,Yes,194.2,214.5,No
C1017,35,male,South,,21,Yes,Store,1,149.74,0.229,2,8.4,9.0,2219.0,New offer,Yes,184.9,202.6,No
C1018,36,female,West,48.5,31,No,Mobile app,2,104.73,0.402,1,4.9,5.0,2154.0,Standard,No,179.5,181.4,No
C1019,42,male,West,52.2,34,Yes,Online,6,98.56,0.487,1,7.3,7.0,5520.0,New offer,No,460.0,464.2,Yes
C1020,18,male,North,44.4,31,No,Mobile app,1,70.26,0.104,1,7.6,6.0,1206.0,Standard,No,100.5,101.2,No
C1021,51,male,South,,24,Yes,Online,2,88.1,0.227,1,9.2,10.0,2420.0,New offer,Yes,201.7,243.0,No
C1022,63,male,North,47.4,35,No,Store,1,71.48,0.508,0,8.3,10.0,930.0,New offer,Yes,77.5,92.6,No
C1023,46,female,South,55.8,111,No,Online,2,75.75,0.313,1,10.0,9.0,1759.0,New offer,No,146.6,155.1,No
C1024,53,female,West,55.5,10,No,Store,1,78.0,0.19,3,6.0,6.0,1275.0,Standard,No,106.2,122.0,Yes
C1025,42,female,East,46.4,10,No,Store,0,93.09,0.199,1,5.1,4.0,0.0,New offer,No,0.0,11.9,Yes
C1026,31,female,Central,168.0,15,No,Mobile app,3,135.13,0.147,0,4.9,5.0,3872.0,New offer,No,322.7,330.0,No
C1027,41,female,North,75.6,6,No,Mobile app,2,93.54,0.228,1,6.8,6.0,1804.0,New offer,No,150.3,155.8,No
C1028,49,male,North,63.4,11,No,Online,3,70.92,0.355,0,6.8,8.0,2045.0,New offer,No,170.4,183.3,No
C1029,67,female,North,,55,Yes,Mobile app,4,100.15,0.255,0,5.5,5.0,4601.0,Standard,Yes,383.4,407.3,No
C1030,34,female,North,86.4,26,No,Mobile app,5,116.77,0.19,1,8.9,8.0,8543.0,Standard,No,711.9,734.9,No
C1031,23,female,South,76.6,75,Yes,Mobile app,6,141.92,0.435,0,9.1,10.0,9152.0,New offer,Yes,762.7,916.4,No
C1032,57,female,South,78.1,19,Yes,Online,1,129.5,0.407,2,6.4,6.0,1442.0,Standard,No,120.2,125.9,No
C1033,37,female,East,54.6,44,Yes,Store,4,106.14,0.101,0,6.2,7.0,4829.0,New offer,No,402.4,415.1,No
C1034,57,female,East,159.6,17,Yes,Store,1,123.36,0.518,0,7.2,9.0,1145.0,Standard,Yes,95.4,116.7,No
C1035,71,female,North,49.0,13,No,Online,0,93.47,0.095,1,6.6,8.0,0.0,New offer,No,0.0,0.0,No
C1036,30,male,South,,43,No,Store,6,86.87,0.229,1,6.0,7.0,5535.0,New offer,No,461.2,482.0,No
C1037,54,female,South,51.6,5,No,Mobile app,6,77.46,0.456,0,9.6,10.0,4713.0,Standard,No,392.8,397.2,No
C1038,38,female,Central,52.7,14,Yes,Online,4,77.12,0.331,1,4.8,6.0,2723.0,New offer,No,226.9,242.6,Yes
C1039,37,female,West,21.5,42,No,Mobile app,2,63.16,0.091,1,5.6,7.0,1584.0,New offer,Yes,132.0,158.3,No
C1040,45,male,South,33.2,10,Yes,Mobile app,4,106.32,0.208,0,6.2,6.0,4665.0,Standard,No,388.8,397.7,No
C1041,21,female,Central,77.9,23,No,Store,0,83.01,0.071,0,,8.0,0.0,Standard,No,0.0,0.0,No
C1042,25,male,West,48.4,24,Yes,Store,4,87.89,0.193,1,7.2,7.0,4170.0,Standard,Yes,347.5,362.6,No
C1043,53,female,Central,79.4,46,Yes,Store,6,115.19,0.283,0,7.2,7.0,7782.0,New offer,No,648.5,676.1,Yes
C1044,35,male,North,37.1,21,No,Mobile app,2,76.64,0.49,0,6.1,6.0,1537.0,New offer,No,128.1,131.4,No
C1045,59,male,Central,104.0,42,No,Mobile app,3,114.67,0.238,2,6.0,8.0,4764.0,New offer,Yes,397.0,474.6,No
C1046,54,male,East,70.4,63,Yes,Online,3,125.78,0.368,1,8.4,10.0,4207.0,New offer,Yes,350.6,423.2,No
C1047,33,female,Central,34.7,26,Yes,Mobile app,4,86.48,0.056,0,6.9,,4123.0,Standard,Yes,343.6,362.9,No
C1048,36,female,North,17.5,57,Yes,Online,7,58.69,0.452,0,7.2,7.0,3741.0,New offer,No,311.8,324.5,No
C1049,43,female,South,23.6,14,No,Online,4,82.71,0.32,0,7.1,9.0,2437.0,New offer,No,203.1,223.1,No
C1050,44,male,South,117.1,12,Yes,Online,4,128.83,0.239,1,6.1,,6375.0,Standard,No,531.2,526.0,No
C1051,52,male,Central,37.2,29,Yes,Mobile app,7,79.51,0.134,0,6.4,5.0,6478.0,New offer,Yes,539.8,653.1,No
C1052,37,female,Central,82.3,35,Yes,Store,2,97.96,0.061,0,6.7,7.0,2588.0,New offer,No,215.7,219.2,No
C1053,27,male,West,57.4,37,No,Store,2,82.22,0.321,0,5.0,5.0,2332.0,Standard,No,194.3,188.2,No
C1054,36,male,East,45.4,41,No,Mobile app,3,70.53,0.299,0,5.2,6.0,2267.0,New offer,No,188.9,200.7,No
C1055,47,male,West,56.6,21,No,Store,2,86.25,0.219,0,4.8,3.0,2815.0,Standard,No,234.6,243.0,No
C1056,35,female,Central,58.6,16,No,Mobile app,1,65.16,0.215,0,5.7,7.0,802.0,Standard,Yes,66.8,56.9,No
C1057,18,female,South,55.0,5,No,Online,1,71.21,0.367,1,6.1,,641.0,New offer,No,53.4,68.1,No
C1058,37,male,Central,25.9,19,No,Mobile app,2,84.57,0.414,1,7.7,8.0,2229.0,Standard,No,185.8,201.3,No
C1059,26,male,West,44.9,64,No,Store,1,71.26,0.35,2,6.5,7.0,590.0,Standard,No,49.2,47.9,No
C1060,58,female,North,52.4,71,Yes,Mobile app,4,67.06,0.057,0,5.3,6.0,3139.0,New offer,Yes,261.6,318.0,No
C1061,40,female,North,30.0,15,Yes,Online,2,82.42,0.089,3,5.7,3.0,1773.0,Standard,Yes,147.8,151.3,No
C1062,58,male,West,111.2,40,Yes,Mobile app,2,168.77,0.087,0,7.7,8.0,4315.0,New offer,No,359.6,364.9,No
C1063,42,female,South,23.0,12,No,Mobile app,1,75.79,0.338,2,7.2,9.0,872.0,Standard,No,72.7,59.6,No
C1064,33,female,South,,20,No,Online,2,67.82,0.218,1,5.3,6.0,1241.0,New offer,Yes,103.4,116.5,No
C1065,64,male,East,,71,No,Store,0,87.41,0.55,0,,8.0,0.0,Standard,Yes,0.0,0.0,No
C1066,18,female,Central,39.1,19,Yes,Online,5,87.3,0.181,4,3.3,4.0,4368.0,Standard,No,364.0,368.0,Yes
C1067,35,female,Central,102.8,19,No,Online,1,124.67,0.151,0,7.7,7.0,1440.0,New offer,No,120.0,131.1,No
C1068,45,male,Central,45.2,25,No,Store,3,68.49,0.314,0,4.1,3.0,2486.0,Standard,No,207.2,213.0,No
C1069,50,female,Central,49.0,15,No,Store,4,74.43,0.225,1,,6.0,3369.0,New offer,No,280.8,283.0,No
C1070,41,male,South,46.5,5,No,Online,1,79.39,0.488,0,7.7,9.0,935.0,Standard,No,77.9,90.9,Yes
C1071,53,female,West,62.5,25,No,Mobile app,6,66.32,0.166,1,6.0,,5374.0,Standard,No,447.8,476.2,No
C1072,50,female,South,,11,No,Online,2,85.74,0.312,3,7.2,7.0,1729.0,New offer,No,144.1,143.7,Yes
C1073,58,male,Central,40.0,7,No,Store,1,69.78,0.298,2,4.6,4.0,834.0,New offer,No,69.5,91.3,No
C1074,47,female,West,51.7,18,No,Store,2,67.71,0.171,0,3.9,4.0,1257.0,New offer,No,104.8,119.3,No
C1075,45,female,South,54.7,27,Yes,Store,0,120.13,0.215,1,7.0,9.0,0.0,New offer,Yes,0.0,8.1,No
C1076,18,male,Central,54.3,21,No,Store,2,86.43,0.209,2,3.7,4.0,1704.0,Standard,No,142.0,142.5,No
C1077,47,male,Central,78.5,20,Yes,Online,4,113.01,0.205,3,6.2,7.0,3769.0,Standard,Yes,314.1,332.9,No
C1078,65,female,South,22.7,11,No,Store,2,102.8,0.239,0,6.1,6.0,2859.0,New offer,Yes,238.2,283.8,Yes
C1079,37,female,South,58.5,38,Yes,Store,2,112.98,0.336,0,10.0,10.0,2398.0,New offer,Yes,199.8,227.8,No
C1080,41,female,West,89.6,24,No,Online,4,84.35,0.455,1,6.2,4.0,3879.0,New offer,No,323.2,343.9,Yes
C1081,56,female,South,39.0,5,No,Store,4,62.39,0.089,3,4.8,8.0,2865.0,Standard,No,238.8,260.3,Yes
C1082,38,female,Central,32.2,15,Yes,Online,5,102.73,0.324,2,6.1,7.0,5020.0,Standard,No,418.3,450.1,No
C1083,38,male,North,33.0,10,Yes,Online,5,88.01,0.136,1,5.6,4.0,6467.0,Standard,No,538.9,559.1,No
C1084,47,female,East,50.1,51,No,Online,3,83.23,0.063,3,4.5,6.0,3052.0,New offer,No,254.3,265.2,Yes
C1085,26,female,South,19.0,7,No,Online,3,61.3,0.149,0,7.3,8.0,2251.0,New offer,No,187.6,200.6,No
C1086,43,male,North,76.1,13,No,Online,3,83.88,0.288,3,4.4,4.0,3438.0,Standard,No,286.5,300.6,Yes
C1087,23,female,North,57.4,8,No,Store,3,76.88,0.448,2,4.9,4.0,2479.0,Standard,No,206.6,220.7,Yes
C1088,69,female,South,74.5,31,No,Online,3,86.91,0.45,2,,7.0,2609.0,New offer,No,217.4,237.8,Yes
C1089,49,male,South,99.4,31,Yes,Store,5,144.09,0.369,1,7.9,6.0,8832.0,Standard,No,736.0,759.7,Yes
C1090,21,male,South,52.0,19,No,Online,1,66.32,0.125,0,7.0,8.0,788.0,Standard,No,65.7,59.5,No
C1091,59,male,North,40.8,11,No,Online,4,86.95,0.426,0,7.1,6.0,3197.0,Standard,No,266.4,285.8,No
C1092,19,male,North,80.1,57,Yes,Mobile app,4,174.81,0.031,0,7.3,7.0,7223.0,New offer,Yes,601.9,717.1,Yes
C1093,43,female,East,78.1,43,Yes,Online,5,130.47,0.351,1,8.1,9.0,5530.0,New offer,Yes,460.8,553.8,No
C1094,57,female,North,31.7,11,No,Online,2,112.83,0.155,3,6.6,5.0,2556.0,New offer,No,213.0,229.5,Yes
C1095,46,male,North,28.4,28,No,Mobile app,8,78.0,0.378,1,5.5,6.0,6732.0,Standard,No,561.0,577.7,No
C1096,36,male,East,33.2,76,Yes,Store,2,88.06,0.409,0,8.9,8.0,2061.0,New offer,Yes,171.8,227.3,No
C1097,42,male,South,24.7,11,Yes,Mobile app,1,77.82,0.439,1,8.9,9.0,846.0,Standard,No,70.5,75.1,No
C1098,42,male,Central,33.3,49,Yes,Mobile app,2,95.69,0.265,1,9.1,10.0,2666.0,Standard,Yes,222.2,237.1,No
C1099,53,male,South,14.8,13,No,Mobile app,5,61.85,0.239,1,7.9,5.0,4403.0,New offer,No,366.9,375.5,No
C1100,49,female,Central,41.9,7,Yes,Store,5,90.31,0.347,1,7.2,7.0,5417.0,New offer,No,451.4,472.6,No
C1101,43,other,West,,22,No,Online,3,70.11,0.257,0,5.4,8.0,1870.0,Standard,No,155.8,171.0,No
C1102,31,male,East,25.9,18,No,Online,3,73.99,0.277,0,,7.0,1878.0,New offer,No,156.5,164.7,Yes
C1103,51,female,South,,22,No,Online,1,61.87,0.363,1,5.6,3.0,695.0,New offer,No,57.9,49.5,No
C1104,31,male,North,83.9,22,No,Online,2,96.08,0.069,1,6.8,5.0,2529.0,New offer,No,210.8,237.0,No
C1105,41,male,Central,43.5,11,No,Mobile app,3,82.1,0.092,0,8.3,7.0,2924.0,Standard,No,243.7,257.7,No
C1106,60,male,Central,27.1,10,No,Mobile app,2,53.41,0.353,3,5.3,4.0,1251.0,New offer,No,104.2,116.7,No
C1107,20,male,South,190.8,61,No,Mobile app,0,138.49,0.141,2,6.1,6.0,0.0,New offer,Yes,0.0,0.0,No
C1108,38,female,South,72.8,26,No,Mobile app,1,88.21,0.374,1,5.8,5.0,959.0,Standard,No,79.9,81.8,Yes
C1109,39,male,South,33.2,9,No,Mobile app,6,65.78,0.195,0,8.1,8.0,4500.0,New offer,No,375.0,391.6,No
C1110,32,female,East,28.5,44,Yes,Store,1,73.75,0.182,0,7.4,7.0,819.0,Standard,No,68.2,70.6,No
C1111,21,female,South,84.7,9,No,Mobile app,3,152.84,0.217,2,8.2,9.0,4990.0,New offer,Yes,415.8,493.7,No
C1112,41,female,Central,20.3,29,No,Online,2,45.64,0.143,0,7.2,6.0,1260.0,Standard,Yes,105.0,108.3,No
C1113,39,female,North,,73,Yes,Store,9,95.35,0.251,1,8.3,9.0,8180.0,New offer,Yes,681.7,825.8,No
C1114,47,male,East,35.6,11,Yes,Store,4,77.33,0.4,0,7.0,7.0,3196.0,Standard,Yes,266.3,278.5,No
C1115,31,male,Central,46.7,35,No,Mobile app,4,69.1,0.283,1,7.8,8.0,3222.0,New offer,Yes,268.5,317.8,No
C1116,45,male,West,34.5,45,No,Online,3,52.29,0.266,4,3.4,4.0,1471.0,New offer,Yes,122.6,141.7,Yes
C1117,45,female,North,28.9,16,No,Store,0,72.22,0.355,1,7.9,6.0,0.0,Standard,No,0.0,0.0,No
C1118,48,female,South,57.0,43,No,Mobile app,5,97.16,0.079,2,6.5,9.0,5669.0,Standard,Yes,472.4,495.3,No
C1119,57,male,East,55.4,34,No,Online,1,80.41,0.179,0,7.9,7.0,865.0,Standard,No,72.1,70.2,No
C1120,26,male,West,55.8,7,No,Store,4,81.84,0.142,2,3.2,2.0,4071.0,New offer,Yes,339.2,417.8,Yes
C1121,52,female,West,48.4,9,No,Online,0,120.6,0.223,0,7.1,9.0,0.0,Standard,No,0.0,1.7,No
C1122,50,female,East,73.5,36,Yes,Store,4,113.53,0.34,0,,7.0,4809.0,Standard,Yes,400.8,421.1,No
C1123,38,male,North,87.2,18,Yes,Store,4,98.46,0.34,0,5.2,7.0,4352.0,New offer,No,362.7,364.3,No
C1124,18,female,South,,28,Yes,Store,3,86.72,0.109,0,6.6,6.0,3803.0,New offer,Yes,316.9,384.8,No
C1125,35,female,East,85.7,14,No,Store,1,77.62,0.207,0,4.3,4.0,780.0,Standard,Yes,65.0,56.6,No
C1126,52,female,Central,88.2,37,No,Online,4,135.62,0.181,0,5.5,7.0,7551.0,New offer,No,629.2,650.1,No
C1127,39,other,Central,33.0,26,No,Mobile app,1,68.7,0.551,2,6.5,6.0,675.0,New offer,Yes,56.2,64.2,Yes
C1128,31,female,East,30.6,12,No,Store,5,93.18,0.081,0,9.4,7.0,5788.0,New offer,No,482.3,497.6,No
C1129,31,female,West,48.9,20,No,Store,1,86.65,0.374,0,7.5,6.0,816.0,New offer,No,68.0,80.8,No
C1130,42,male,West,162.8,28,No,Online,3,135.48,0.606,1,4.5,7.0,3183.0,New offer,No,265.2,268.1,Yes
C1131,68,female,North,39.8,60,No,Mobile app,0,118.52,0.347,0,9.1,8.0,0.0,Standard,Yes,0.0,10.9,No
C1132,62,female,North,67.7,28,No,Store,3,69.22,0.018,1,5.7,4.0,2549.0,Standard,Yes,212.4,225.4,Yes
C1133,74,female,East,33.2,38,No,Online,2,51.35,0.164,1,6.2,7.0,1141.0,New offer,No,95.1,101.6,No
C1134,37,male,Central,74.3,25,No,Store,1,78.92,0.106,0,5.7,6.0,718.0,New offer,No,59.8,66.1,No
C1135,31,female,West,36.9,22,No,Online,1,79.2,0.377,1,6.9,7.0,846.0,Standard,Yes,70.5,69.4,No
C1136,60,female,West,,22,Yes,Online,5,94.17,0.676,0,7.9,8.0,3978.0,New offer,Yes,331.5,400.5,No
C1137,51,female,East,68.9,30,No,Store,3,94.51,0.376,0,8.0,9.0,2317.0,Standard,No,193.1,198.9,No
C1138,31,female,West,75.7,7,No,Online,2,92.63,0.501,4,5.3,5.0,2002.0,Standard,No,166.8,179.6,No
C1139,32,female,South,,22,No,Mobile app,3,66.86,0.374,0,7.4,7.0,2376.0,Standard,Yes,198.0,207.3,No
C1140,52,female,East,19.9,3,No,Online,2,56.21,0.463,1,6.3,7.0,1104.0,New offer,No,92.0,95.9,Yes
C1141,67,female,West,30.2,87,Yes,Store,7,101.23,0.099,0,9.5,10.0,9235.0,New offer,No,769.6,786.1,No
C1142,57,male,Central,85.4,15,Yes,Store,5,100.53,0.597,0,,7.0,5520.0,Standard,No,460.0,479.4,No
C1143,34,female,East,106.4,42,Yes,Online,5,115.94,0.756,1,6.6,7.0,7309.0,New offer,No,609.1,627.3,No
C1144,52,male,South,24.1,12,No,Online,3,68.24,0.226,1,5.6,7.0,1750.0,Standard,No,145.8,153.4,Yes
C1145,41,male,West,80.4,21,No,Mobile app,8,148.19,0.185,1,7.1,7.0,12460.0,New offer,Yes,1038.3,1246.0,No
C1146,44,female,South,,27,No,Store,2,149.44,0.495,0,5.8,7.0,3264.0,Standard,No,272.0,285.0,No
C1147,59,female,East,65.7,26,Yes,Online,6,129.24,0.197,0,9.2,9.0,9875.0,Standard,Yes,822.9,857.6,No
C1148,48,male,East,108.9,79,Yes,Store,4,141.23,0.087,1,10.0,10.0,5300.0,New offer,No,441.7,468.3,No
C1149,40,female,North,44.9,25,Yes,Mobile app,5,122.72,0.099,0,6.9,6.0,7966.0,Standard,Yes,663.8,705.9,No
C1150,33,female,Central,37.3,63,No,Store,1,76.13,0.525,1,3.9,5.0,592.0,Standard,No,49.3,54.4,No
C1151,31,female,South,,45,No,Online,2,197.48,0.335,0,6.1,7.0,4636.0,Standard,No,386.3,408.7,No
C1152,32,male,East,98.4,79,No,Mobile app,1,117.94,0.22,1,7.2,9.0,1291.0,New offer,No,107.6,114.3,No
C1153,39,female,South,64.3,5,No,Store,2,97.59,0.18,1,7.1,7.0,1903.0,New offer,Yes,158.6,190.9,Yes
C1154,51,female,North,,62,No,Online,0,65.12,0.259,3,,5.0,0.0,New offer,Yes,0.0,0.0,No
C1155,45,female,West,46.7,48,Yes,Online,5,78.74,0.262,4,6.1,5.0,3703.0,New offer,No,308.6,316.0,No
C1156,39,female,South,139.1,14,Yes,Store,9,137.18,0.024,2,9.6,10.0,12403.0,Standard,No,1033.6,1063.9,No
C1157,46,female,North,98.5,5,Yes,Mobile app,4,123.54,0.137,0,7.5,8.0,6036.0,New offer,No,503.0,519.6,No
C1158,60,male,Central,39.8,11,No,Store,3,60.39,0.074,2,3.5,4.0,1884.0,Standard,No,157.0,161.4,No
C1159,46,male,South,26.8,11,Yes,Store,8,80.16,0.325,2,,6.0,7789.0,New offer,No,649.1,669.9,No
C1160,28,female,Central,68.9,16,No,Online,1,96.67,0.241,0,5.6,6.0,1071.0,Standard,Yes,89.2,86.0,No
C1161,40,female,West,20.6,14,No,Store,2,72.31,0.151,2,,,1668.0,New offer,No,139.0,148.3,Yes
C1162,69,female,Central,118.2,18,No,Store,1,131.3,0.232,0,5.2,5.0,1357.0,New offer,No,113.1,111.4,No
C1163,51,male,Central,,23,No,Online,2,136.8,0.381,1,,7.0,2868.0,Standard,No,239.0,264.7,No
C1164,38,male,Central,51.4,56,Yes,Store,3,87.96,0.199,1,6.7,7.0,2879.0,New offer,Yes,239.9,276.8,Yes
C1165,30,female,East,91.2,33,Yes,Mobile app,5,113.99,0.278,1,9.6,10.0,6193.0,New offer,Yes,516.1,616.3,No
C1166,44,male,North,47.7,46,No,Online,3,75.98,0.202,1,6.1,7.0,2453.0,New offer,No,204.4,200.4,No
C1167,43,male,East,53.0,49,No,Online,0,92.42,0.378,1,6.0,8.0,0.0,Standard,No,0.0,0.0,No
C1168,35,female,South,83.2,27,Yes,Mobile app,9,96.32,0.109,0,7.3,9.0,10508.0,New offer,No,875.7,919.1,No
C1169,30,female,North,61.8,14,No,Online,4,63.53,0.224,1,5.0,5.0,2760.0,New offer,Yes,230.0,284.4,No
C1170,34,female,Central,13.1,35,No,Mobile app,1,71.58,0.23,0,,6.0,676.0,New offer,No,56.3,54.6,No
C1171,48,male,Central,38.9,3,No,Store,1,104.0,0.387,0,7.8,,1282.0,New offer,No,106.8,99.0,No
C1172,44,male,East,15.7,35,No,Store,3,50.93,0.241,0,3.2,5.0,2357.0,Standard,Yes,196.4,212.5,No
C1173,25,male,East,66.1,51,Yes,Mobile app,4,121.35,0.399,2,5.8,8.0,5441.0,New offer,Yes,453.4,545.7,Yes
C1174,43,female,East,102.2,16,Yes,Mobile app,8,147.06,0.091,0,6.3,5.0,13695.0,Standard,Yes,1141.2,1179.3,No
C1175,41,female,North,34.2,27,No,Online,2,52.1,0.491,1,7.3,6.0,831.0,New offer,Yes,69.2,85.5,No
C1176,41,male,North,59.7,59,No,Mobile app,3,117.21,0.13,1,9.4,9.0,4139.0,New offer,No,344.9,356.6,No
C1177,26,female,East,27.0,21,Yes,Mobile app,4,65.98,0.194,2,7.9,9.0,2567.0,New offer,Yes,213.9,260.2,No
C1178,59,female,South,47.0,45,Yes,Store,3,74.17,0.07,1,7.1,6.0,2096.0,New offer,No,174.7,189.1,No
C1179,31,female,West,30.1,47,Yes,Online,4,100.04,0.097,0,9.2,10.0,4675.0,Standard,No,389.6,413.4,No
C1180,18,male,Central,29.7,33,No,Store,5,69.37,0.708,2,4.3,1.0,3262.0,Standard,Yes,271.8,283.0,Yes
C1181,40,male,South,47.7,12,No,Mobile app,2,101.58,0.263,0,5.2,5.0,1894.0,New offer,Yes,157.8,190.0,No
C1182,18,male,North,87.0,33,No,Online,2,99.18,0.22,1,6.0,7.0,2296.0,Standard,Yes,191.3,207.6,Yes
C1183,36,female,South,57.0,2,No,Mobile app,4,102.7,0.232,0,5.7,6.0,5746.0,New offer,Yes,478.8,563.9,No
C1184,34,female,Central,71.8,5,No,Mobile app,5,80.71,0.104,1,4.8,5.0,4253.0,Standard,No,354.4,372.6,No
C1185,21,male,South,48.1,6,No,Online,1,89.97,0.381,0,8.3,9.0,1167.0,New offer,No,97.2,95.8,No
C1186,49,female,Central,37.8,16,No,Online,4,60.26,0.179,1,6.8,8.0,2837.0,New offer,No,236.4,256.1,No
C1187,42,male,North,116.7,21,Yes,Store,2,107.12,0.362,1,6.8,7.0,1999.0,New offer,No,166.6,184.3,No
C1188,43,female,North,64.5,84,Yes,Store,5,82.92,0.423,1,7.4,6.0,3900.0,Standard,No,325.0,341.6,No
C1189,51,male,South,52.6,7,Yes,Store,2,90.43,0.202,2,5.8,4.0,2126.0,New offer,Yes,177.2,220.7,Yes
C1190,42,female,West,90.0,16,Yes,Online,5,126.5,0.156,0,4.1,4.0,7294.0,New offer,No,607.8,626.3,Yes
C1191,33,female,East,31.7,26,Yes,Online,4,82.25,0.19,1,,7.0,3522.0,Standard,Yes,293.5,295.7,No
C1192,23,female,South,46.1,35,Yes,Store,1,90.34,0.277,1,8.9,10.0,874.0,New offer,Yes,72.8,69.7,No
C1193,62,female,Central,38.7,56,Yes,Online,3,89.32,0.33,1,10.0,10.0,2639.0,New offer,Yes,219.9,271.6,No
C1194,20,male,West,34.0,19,Yes,Online,8,73.88,0.298,2,5.3,6.0,5052.0,New offer,No,421.0,441.3,No
C1195,56,female,Central,60.1,17,No,Mobile app,4,114.2,0.262,1,4.7,5.0,5368.0,New offer,Yes,447.3,539.4,No
C1196,48,female,West,26.8,33,Yes,Online,1,86.56,0.541,1,6.7,3.0,940.0,Standard,No,78.3,82.2,No
C1197,62,male,North,59.3,34,No,Online,3,96.8,0.243,2,5.2,6.0,2733.0,Standard,No,227.8,232.8,No
C1198,46,female,East,34.2,13,No,Store,2,69.15,0.333,2,5.0,6.0,1531.0,Standard,No,127.6,140.6,No
C1199,39,female,East,94.7,27,No,Mobile app,4,95.6,0.235,0,4.2,5.0,5081.0,New offer,Yes,423.4,505.4,No
C1200,53,female,North,42.6,27,Yes,Mobile app,3,107.1,0.132,0,8.3,6.0,3685.0,Standard,No,307.1,312.5,No
C1201,48,female,South,129.3,18,No,Online,2,175.82,0.331,1,7.1,8.0,4146.0,Standard,No,345.5,367.3,No
C1202,34,male,West,69.1,42,Yes,Store,5,140.31,0.59,0,10.0,8.0,5783.0,Standard,Yes,481.9,498.8,No
C1203,44,male,Central,40.8,11,Yes,Online,2,65.09,0.306,2,,3.0,1229.0,New offer,Yes,102.4,113.3,No
C1204,58,male,Central,26.0,26,No,Mobile app,3,99.91,0.355,1,7.2,8.0,3646.0,Standard,No,303.8,318.1,No
C1205,50,female,West,72.2,23,Yes,Store,2,88.25,0.37,3,5.7,8.0,1726.0,Standard,No,143.8,141.2,No
C1206,36,male,West,21.2,20,No,Online,1,92.26,0.247,1,3.5,4.0,1046.0,Standard,No,87.2,83.5,No
C1207,30,female,West,27.3,36,Yes,Store,5,77.36,0.32,0,6.6,7.0,4237.0,New offer,No,353.1,358.1,No
C1208,47,male,West,,19,No,Store,3,99.15,0.197,1,6.0,7.0,2876.0,Standard,No,239.7,242.4,Yes
C1209,33,female,North,114.8,42,No,Store,3,135.65,0.284,0,8.9,10.0,4516.0,New offer,Yes,376.3,452.1,No
C1210,44,male,South,,5,No,Store,3,80.71,0.168,1,5.1,6.0,2582.0,Standard,No,215.2,224.0,Yes
C1211,40,male,South,57.1,23,Yes,Mobile app,4,99.14,0.33,0,8.6,8.0,4360.0,New offer,Yes,363.3,430.6,No
C1212,34,female,East,79.2,54,No,Store,4,85.06,0.225,1,7.3,7.0,4048.0,Standard,No,337.3,348.9,No
C1213,28,female,North,66.7,11,Yes,Mobile app,7,101.84,0.379,0,9.0,9.0,6803.0,New offer,Yes,566.9,677.6,No
C1214,56,male,East,38.4,12,No,Store,3,66.93,0.055,1,5.2,3.0,3286.0,Standard,No,273.8,260.1,Yes
C1215,26,male,Central,45.1,21,No,Store,0,100.34,0.241,2,4.7,6.0,0.0,New offer,No,0.0,0.0,No
C1216,40,male,North,45.4,35,Yes,Online,4,118.76,0.179,0,7.4,9.0,5924.0,Standard,No,493.7,523.5,No
C1217,58,male,North,48.2,16,Yes,Online,3,74.44,0.409,1,7.3,7.0,1804.0,New offer,Yes,150.3,176.3,Yes
C1218,53,female,West,83.9,5,No,Store,2,84.66,0.565,0,5.1,5.0,2029.0,Standard,No,169.1,172.1,No
C1219,41,female,East,42.8,16,No,Mobile app,4,96.43,0.125,1,6.2,6.0,3668.0,Standard,No,305.7,307.4,Yes
C1220,54,female,East,25.2,42,Yes,Online,6,95.86,0.228,2,6.8,7.0,7637.0,New offer,Yes,636.4,768.5,No
C1221,18,female,Central,34.7,32,Yes,Online,3,84.83,0.239,0,8.0,10.0,2746.0,New offer,No,228.8,235.1,No
C1222,25,female,South,63.8,10,No,Store,2,130.0,0.161,2,5.3,5.0,3230.0,Standard,No,269.2,280.6,No
C1223,44,male,West,35.0,35,Yes,Store,2,135.85,0.203,1,8.1,10.0,3024.0,New offer,Yes,252.0,313.5,No
C1224,61,female,South,46.7,16,Yes,Store,5,73.8,0.29,1,6.4,9.0,4764.0,Standard,Yes,397.0,431.4,No
C1225,57,male,South,53.5,23,Yes,Online,3,81.61,0.364,0,7.2,5.0,2223.0,Standard,Yes,185.2,177.3,No
C1226,34,female,North,96.4,38,Yes,Store,7,130.57,0.356,1,7.2,7.0,10733.0,Standard,Yes,894.4,939.3,No
C1227,60,other,Central,43.8,27,Yes,Online,3,81.5,0.498,2,5.7,8.0,2421.0,Standard,Yes,201.8,196.8,No
C1228,37,female,West,25.2,43,No,Online,3,90.09,0.256,1,7.3,9.0,2288.0,Standard,Yes,190.7,194.1,No
C1229,55,male,South,75.5,38,Yes,Store,10,143.36,0.206,3,5.5,6.0,13817.0,Standard,No,1151.4,1191.3,No
C1230,31,male,West,48.6,10,Yes,Store,2,101.67,0.6,0,8.2,10.0,1738.0,New offer,Yes,144.8,184.4,No
C1231,30,male,North,48.8,10,No,Mobile app,2,70.28,0.333,1,5.6,,1369.0,New offer,Yes,114.1,128.0,No
C1232,43,female,West,70.8,6,Yes,Store,9,100.55,0.331,0,4.6,5.0,9914.0,New offer,Yes,826.2,988.2,Yes
C1233,40,female,West,64.0,63,Yes,Online,7,115.92,0.274,0,6.8,10.0,10692.0,New offer,Yes,891.0,1064.1,No
C1234,60,female,West,,37,Yes,Mobile app,7,50.47,0.155,2,2.8,2.0,4174.0,Standard,No,347.8,373.6,No
C1235,42,female,Central,29.7,64,Yes,Online,1,82.83,0.165,3,8.1,7.0,1129.0,New offer,Yes,94.1,112.9,Yes
C1236,40,male,South,57.2,33,Yes,Store,0,145.16,0.088,0,10.0,10.0,0.0,New offer,Yes,0.0,9.9,No
C1237,38,female,North,,73,No,Online,2,127.12,0.463,1,5.9,6.0,2590.0,New offer,Yes,215.8,257.2,No
C1238,47,female,North,106.3,24,No,Online,2,92.81,0.634,1,,5.0,2444.0,Standard,No,203.7,213.7,No
C1239,47,male,West,156.7,17,No,Store,4,122.01,0.11,2,6.4,5.0,6079.0,Standard,No,506.6,524.9,No
C1240,45,other,East,25.4,16,Yes,Store,7,72.69,0.105,0,5.0,3.0,6775.0,Standard,No,564.6,581.4,No
C1241,37,male,West,48.1,14,Yes,Online,4,85.03,0.242,0,5.2,3.0,3624.0,New offer,No,302.0,304.9,No
C1242,46,male,East,49.1,36,No,Store,1,103.91,0.117,0,6.8,8.0,1156.0,New offer,Yes,96.3,113.1,No
C1243,47,female,South,76.2,37,No,Store,0,108.16,0.156,3,,4.0,0.0,Standard,No,0.0,2.4,Yes
C1244,35,male,Central,55.2,66,Yes,Store,3,96.89,0.234,0,7.1,6.0,3203.0,New offer,Yes,266.9,322.3,No
C1245,47,male,Central,44.4,103,No,Mobile app,4,75.31,0.085,0,9.2,9.0,3783.0,New offer,No,315.2,325.4,No
C1246,34,female,Central,43.3,18,Yes,Store,0,81.9,0.305,0,8.0,10.0,0.0,New offer,Yes,0.0,0.0,No
C1247,18,male,South,44.8,37,No,Store,5,79.59,0.275,1,7.8,8.0,4860.0,New offer,No,405.0,418.9,No
C1248,27,female,West,42.9,27,Yes,Store,5,97.68,0.203,0,7.4,7.0,4689.0,New offer,No,390.8,415.6,No
C1249,44,female,Central,102.7,62,No,Store,2,101.12,0.128,2,5.9,7.0,2470.0,Standard,No,205.8,228.7,No
C1250,37,female,Central,45.4,68,Yes,Store,3,104.99,0.061,0,8.3,8.0,3122.0,Standard,No,260.2,272.0,No
C1251,34,male,Central,48.9,8,No,Mobile app,3,142.87,0.317,0,6.3,7.0,6112.0,New offer,No,509.3,513.1,No
C1252,43,female,South,83.6,59,No,Online,3,113.86,0.178,0,8.4,8.0,5343.0,New offer,No,445.2,477.2,No
C1253,46,female,South,56.6,7,No,Store,6,84.22,0.164,1,7.5,7.0,7791.0,New offer,No,649.2,677.3,No
C1254,34,female,South,114.8,23,No,Mobile app,3,103.77,0.09,0,5.4,4.0,3624.0,New offer,Yes,302.0,355.9,No
C1255,42,female,South,14.2,34,No,Online,1,69.32,0.158,1,6.6,,859.0,Standard,No,71.6,62.1,No
C1256,33,male,South,51.7,13,Yes,Mobile app,3,122.63,0.259,2,7.0,8.0,3786.0,New offer,Yes,315.5,381.4,No
C1257,50,male,North,61.6,33,Yes,Online,6,88.29,0.755,0,7.0,7.0,5286.0,Standard,Yes,440.5,460.3,No
C1258,34,male,South,52.9,28,Yes,Mobile app,7,88.47,0.056,0,8.6,7.0,7431.0,Standard,No,619.2,628.8,No
C1259,39,male,Central,45.4,13,No,Store,3,77.06,0.121,2,4.4,4.0,2163.0,New offer,No,180.2,185.4,Yes
C1260,54,male,East,38.5,30,No,Store,0,57.86,0.175,3,6.1,6.0,0.0,New offer,Yes,0.0,1.8,No
C1261,54,female,West,30.2,27,No,Mobile app,3,75.13,0.186,1,5.3,7.0,2581.0,New offer,Yes,215.1,263.3,No
C1262,18,female,South,32.2,18,No,Online,1,70.77,0.388,1,6.0,7.0,709.0,New offer,Yes,59.1,61.2,No
C1263,59,male,West,50.8,33,Yes,Online,3,73.67,0.313,0,8.8,10.0,2966.0,New offer,Yes,247.2,291.2,No
C1264,58,female,Central,46.9,35,No,Mobile app,4,111.78,0.202,0,7.6,7.0,4075.0,New offer,No,339.6,353.8,No
C1265,51,female,South,68.5,12,No,Store,3,97.0,0.217,2,6.0,4.0,2998.0,Standard,Yes,249.8,261.8,No
C1266,35,male,Central,,20,Yes,Store,5,85.44,0.105,0,7.9,8.0,5122.0,Standard,Yes,426.8,442.4,No
C1267,38,female,North,98.6,6,Yes,Mobile app,3,111.19,0.48,0,6.2,4.0,3079.0,Standard,Yes,256.6,265.1,No
C1268,40,male,East,27.4,20,No,Mobile app,7,69.39,0.003,0,10.0,10.0,5389.0,Standard,Yes,449.1,467.6,No
C1269,49,female,South,,15,No,Online,4,81.1,0.222,1,5.7,5.0,3939.0,New offer,No,328.2,342.5,No
C1270,28,female,North,80.6,11,No,Online,5,111.81,0.287,0,4.1,,7205.0,Standard,No,600.4,631.2,Yes
C1271,36,male,North,63.1,69,No,Online,2,84.09,0.3,1,9.6,10.0,1127.0,Standard,No,93.9,101.9,No
C1272,43,female,Central,39.5,16,Yes,Online,2,97.97,0.229,3,4.7,3.0,1765.0,Standard,Yes,147.1,146.5,Yes
C1273,18,male,Central,,20,No,Store,2,109.73,0.206,0,5.0,5.0,2070.0,New offer,No,172.5,183.6,Yes
C1274,48,male,West,41.1,25,No,Mobile app,3,73.36,0.26,1,4.9,4.0,2556.0,New offer,No,213.0,217.8,No
C1275,36,male,East,77.3,63,No,Store,3,109.91,0.073,2,5.7,6.0,2839.0,Standard,No,236.6,254.2,No
C1276,49,male,East,27.4,8,No,Online,4,97.33,0.463,1,6.2,6.0,3612.0,New offer,No,301.0,338.8,No
C1277,50,male,East,55.7,29,No,Online,3,118.5,0.132,1,5.6,4.0,3397.0,New offer,No,283.1,294.8,Yes
C1278,57,male,South,80.8,26,No,Online,2,75.45,0.434,0,6.4,7.0,1823.0,Standard,No,151.9,165.2,No
C1279,51,male,West,65.4,34,No,Online,2,72.75,0.065,2,4.5,4.0,1776.0,Standard,No,148.0,169.9,No
C1280,51,male,South,59.7,51,Yes,Store,3,120.66,0.183,0,7.8,7.0,4959.0,New offer,Yes,413.2,493.7,No
C1281,71,male,North,82.9,63,No,Mobile app,3,75.64,0.172,0,7.3,7.0,2890.0,Standard,No,240.8,256.4,No
C1282,43,female,South,24.2,48,No,Online,2,56.67,0.221,0,5.4,6.0,1318.0,Standard,No,109.8,118.0,No
C1283,19,female,Central,76.6,39,No,Store,3,58.45,0.287,1,,5.0,2156.0,New offer,Yes,179.7,220.8,No
C1284,37,female,North,51.9,42,No,Store,2,78.74,0.283,2,3.4,2.0,2034.0,Standard,No,169.5,182.0,Yes
C1285,62,male,South,49.5,13,No,Mobile app,4,85.76,0.228,2,6.7,7.0,3262.0,New offer,No,271.8,281.9,No
C1286,49,female,Central,34.9,24,No,Store,1,74.17,0.214,1,7.2,10.0,767.0,Standard,No,63.9,54.7,No
C1287,42,male,South,40.4,3,Yes,Online,6,84.59,0.18,2,5.4,5.0,5167.0,New offer,Yes,430.6,495.3,No
C1288,21,female,East,,48,Yes,Mobile app,4,126.58,0.285,1,7.1,5.0,5950.0,New offer,Yes,495.8,600.5,No
C1289,41,female,North,46.3,60,Yes,Mobile app,8,65.9,0.127,1,4.4,5.0,5472.0,New offer,Yes,456.0,544.9,No
C1290,41,female,North,40.0,41,No,Online,2,70.6,0.16,0,5.2,4.0,1659.0,New offer,No,138.2,152.8,No
C1291,47,female,North,32.0,26,Yes,Online,4,64.76,0.221,1,6.7,5.0,3822.0,New offer,Yes,318.5,382.4,No
C1292,76,female,North,36.9,11,No,Store,4,95.91,0.383,0,5.3,5.0,5073.0,Standard,No,422.8,447.2,No
C1293,44,female,East,70.2,7,No,Store,6,98.5,0.145,2,4.4,4.0,8044.0,Standard,No,670.3,692.4,Yes
C1294,53,male,North,44.3,58,Yes,Online,6,94.01,0.376,1,7.5,7.0,5120.0,New offer,Yes,426.7,499.3,No
C1295,31,male,East,42.3,43,Yes,Online,3,102.19,0.445,2,8.1,9.0,3130.0,Standard,Yes,260.8,253.4,No
C1296,54,female,North,68.1,23,Yes,Online,2,93.13,0.082,0,6.1,7.0,2124.0,New offer,Yes,177.0,207.3,No
C1297,28,male,West,57.2,18,Yes,Mobile app,4,111.56,0.272,0,6.0,7.0,3982.0,Standard,No,331.8,341.5,No
C1298,41,male,West,29.2,11,Yes,Store,3,85.27,0.035,0,,8.0,3054.0,Standard,Yes,254.5,265.0,No
C1299,55,other,North,64.2,35,No,Mobile app,2,66.19,0.422,1,4.7,3.0,1507.0,Standard,No,125.6,129.6,Yes
C1300,55,other,Central,82.9,49,No,Store,0,72.64,0.236,1,5.3,4.0,0.0,Standard,No,0.0,2.3,No
C1301,36,female,North,41.2,31,No,Online,1,87.47,0.14,0,6.7,8.0,937.0,Standard,No,78.1,85.3,No
C1302,43,female,South,28.2,10,No,Online,4,87.51,0.644,0,6.2,7.0,3037.0,New offer,No,253.1,266.7,No
C1303,36,female,Central,79.9,27,No,Store,2,116.81,0.309,1,7.4,10.0,2482.0,New offer,No,206.8,213.3,No
C1304,38,male,North,66.4,14,No,Store,3,85.06,0.082,3,,5.0,3323.0,Standard,No,276.9,288.4,No
C1305,38,male,East,29.2,19,Yes,Store,2,90.22,0.24,2,5.9,6.0,2285.0,New offer,No,190.4,202.7,No
C1306,40,female,North,83.7,11,Yes,Online,2,123.18,0.3,1,8.4,6.0,2347.0,Standard,No,195.6,198.1,No
C1307,55,female,South,67.2,22,No,Mobile app,3,74.33,0.064,1,5.4,7.0,2245.0,New offer,No,187.1,208.8,No
C1308,61,female,East,137.9,33,No,Mobile app,1,165.67,0.471,3,6.2,7.0,1929.0,New offer,Yes,160.8,199.6,No
C1309,52,female,Central,87.5,9,No,Mobile app,3,95.26,0.259,0,7.4,8.0,2712.0,New offer,Yes,226.0,276.0,Yes
C1310,60,male,East,144.2,5,Yes,Mobile app,0,153.44,0.109,0,9.0,10.0,0.0,Standard,Yes,0.0,4.7,No
C1311,46,male,Central,29.7,69,Yes,Store,5,77.59,0.36,0,9.0,8.0,3927.0,New offer,No,327.2,331.9,No
C1312,18,male,North,39.3,14,No,Mobile app,4,68.13,0.038,1,6.2,7.0,3374.0,Standard,No,281.2,300.0,No
C1313,31,female,North,49.9,16,Yes,Online,8,65.38,0.254,4,6.3,7.0,4572.0,Standard,Yes,381.0,399.1,No
C1314,45,female,North,38.2,55,Yes,Store,3,93.76,0.272,0,6.2,6.0,3561.0,Standard,Yes,296.8,315.6,No
C1315,40,male,North,41.2,39,No,Mobile app,4,87.5,0.1,0,7.1,5.0,4108.0,Standard,No,342.3,362.1,No
C1316,39,female,West,18.9,23,Yes,Store,4,85.24,0.054,0,6.3,7.0,4581.0,Standard,No,381.8,409.9,No
C1317,29,male,North,,27,Yes,Online,2,100.46,0.597,1,5.9,6.0,1989.0,New offer,No,165.8,177.8,No
C1318,39,male,South,32.5,12,No,Store,3,61.48,0.09,5,1.3,2.0,2463.0,Standard,No,205.2,224.1,Yes
C1319,29,female,North,27.6,26,Yes,Store,3,122.74,0.272,1,7.6,10.0,3256.0,New offer,No,271.3,280.8,No
C1320,18,female,North,63.2,24,No,Store,1,66.68,0.407,1,7.5,7.0,809.0,Standard,No,67.4,73.0,No
C1321,41,female,East,65.5,38,No,Mobile app,2,86.14,0.393,1,6.0,6.0,1822.0,New offer,No,151.8,159.9,No
C1322,50,female,Central,22.6,26,No,Mobile app,4,91.47,0.11,1,6.1,7.0,3736.0,New offer,Yes,311.3,382.3,No
C1323,44,male,West,23.6,21,Yes,Mobile app,9,88.56,0.152,0,6.8,5.0,7624.0,Standard,No,635.3,664.6,No
C1324,37,male,East,46.2,43,Yes,Mobile app,4,85.36,0.237,0,8.4,8.0,4397.0,New offer,Yes,366.4,423.9,No
C1325,52,female,South,,8,Yes,Store,4,126.85,0.189,1,5.5,4.0,7940.0,New offer,Yes,661.7,793.8,No
C1326,23,female,Central,66.8,17,No,Online,2,98.68,0.166,0,6.8,9.0,2495.0,Standard,No,207.9,209.3,No
C1327,38,female,South,98.7,28,No,Mobile app,3,112.9,0.171,0,7.6,7.0,5870.0,Standard,No,489.2,512.6,No
C1328,74,female,North,28.9,47,No,Store,2,110.79,0.423,0,8.7,9.0,2249.0,New offer,Yes,187.4,234.2,No
C1329,39,male,West,35.9,37,No,Online,2,89.11,0.376,0,7.6,8.0,1766.0,Standard,No,147.2,145.2,No
C1330,38,female,Central,30.3,20,No,Mobile app,8,88.06,0.148,1,4.7,4.0,7094.0,New offer,No,591.2,625.3,Yes
C1331,56,female,Central,42.6,80,Yes,Mobile app,5,128.32,0.044,0,10.0,10.0,7848.0,New offer,No,654.0,681.8,No
C1332,32,female,North,22.0,60,No,Online,3,52.02,0.244,0,8.1,8.0,1552.0,Standard,No,129.3,145.2,No
C1333,41,male,Central,46.9,46,Yes,Online,1,88.16,0.102,1,7.9,7.0,980.0,Standard,Yes,81.7,82.4,No
C1334,47,female,South,92.6,43,Yes,Store,3,127.73,0.135,0,9.3,8.0,5717.0,New offer,Yes,476.4,570.9,No
C1335,37,female,West,80.4,58,Yes,Store,1,105.36,0.377,0,10.0,10.0,874.0,New offer,Yes,72.8,78.5,No
C1336,51,male,West,49.0,30,No,Mobile app,3,93.91,0.189,3,6.4,5.0,2972.0,New offer,No,247.7,255.7,Yes
C1337,50,female,East,77.0,22,No,Online,2,93.55,0.414,3,5.5,5.0,2499.0,New offer,Yes,208.2,249.9,No
C1338,49,male,North,23.1,40,No,Store,2,55.39,0.129,0,7.5,6.0,1458.0,New offer,No,121.5,133.2,No
C1339,44,female,East,46.7,64,Yes,Online,2,86.73,0.112,0,8.5,8.0,1780.0,New offer,Yes,148.3,165.9,No
C1340,46,female,North,148.4,32,Yes,Online,2,145.52,0.669,0,9.5,9.0,2684.0,Standard,No,223.7,221.1,No
C1341,60,female,East,40.8,8,No,Online,3,99.48,0.104,2,5.3,5.0,3144.0,Standard,No,262.0,279.9,No
C1342,35,female,South,35.4,32,Yes,Online,2,101.5,0.14,0,9.0,8.0,2735.0,New offer,No,227.9,232.1,No
C1343,49,male,East,62.2,10,No,Store,1,90.61,0.253,0,8.0,,1132.0,Standard,No,94.3,105.4,No
C1344,38,female,East,59.1,9,Yes,Mobile app,6,113.93,0.11,2,6.2,7.0,7840.0,Standard,Yes,653.3,685.5,No
C1345,27,male,South,76.8,8,No,Online,1,115.05,0.251,2,5.8,7.0,1302.0,Standard,No,108.5,111.1,No
C1346,31,female,West,46.6,14,No,Store,8,106.4,0.518,0,5.6,6.0,9041.0,New offer,No,753.4,770.6,No
C1347,36,female,South,44.0,68,No,Online,2,106.79,0.159,0,,10.0,2120.0,New offer,Yes,176.7,212.6,No
C1348,43,female,South,38.4,54,Yes,Mobile app,4,91.64,0.061,0,7.5,8.0,4843.0,Standard,No,403.6,413.3,No
C1349,58,male,North,24.9,11,No,Store,3,92.22,0.01,1,5.9,,2749.0,New offer,No,229.1,239.7,No
C1350,44,female,West,31.6,54,Yes,Mobile app,6,93.96,0.249,0,8.2,7.0,5810.0,New offer,Yes,484.2,576.9,No
C1351,41,female,Central,38.6,10,No,Online,1,71.51,0.216,0,4.0,3.0,919.0,Standard,No,76.6,83.7,Yes
C1352,77,male,West,42.4,19,No,Online,1,73.37,0.258,0,7.2,7.0,1046.0,Standard,No,87.2,92.7,No
C1353,74,female,East,32.0,17,No,Mobile app,7,114.62,0.251,2,5.0,6.0,8380.0,Standard,No,698.3,730.5,No
C1354,56,female,East,37.1,7,Yes,Online,4,101.56,0.449,1,,9.0,4028.0,New offer,Yes,335.7,398.8,No
C1355,20,female,North,49.4,34,Yes,Mobile app,3,114.38,0.104,0,9.5,10.0,3467.0,New offer,Yes,288.9,341.4,No
C1356,55,male,East,32.1,39,No,Store,2,87.57,0.603,1,5.5,7.0,2470.0,New offer,Yes,205.8,239.2,No
C1357,27,male,South,49.8,26,Yes,Store,4,74.75,0.121,1,7.0,5.0,4109.0,New offer,No,342.4,349.4,No
C1358,58,female,Central,52.4,54,No,Store,0,70.68,0.022,1,4.8,6.0,0.0,Standard,Yes,0.0,15.9,No
C1359,39,male,South,48.5,11,Yes,Store,6,68.64,0.179,0,6.7,4.0,5769.0,New offer,No,480.8,505.5,Yes
C1360,44,male,North,39.7,23,Yes,Online,6,102.03,0.634,2,5.1,7.0,4506.0,New offer,Yes,375.5,438.6,No
C1361,60,male,Central,70.3,14,Yes,Online,3,128.79,0.486,1,7.0,5.0,4214.0,Standard,No,351.2,368.4,No
C1362,37,male,South,,68,No,Mobile app,1,122.18,0.162,0,4.7,7.0,1189.0,Standard,Yes,99.1,107.6,No
C1363,22,female,Central,37.9,46,No,Store,5,92.57,0.277,0,7.2,5.0,5044.0,Standard,No,420.3,439.6,No
C1364,45,female,West,46.3,16,No,Mobile app,1,136.88,0.727,0,6.9,8.0,1463.0,New offer,No,121.9,130.1,No
C1365,18,female,Central,57.2,23,No,Store,3,63.5,0.307,1,5.1,5.0,1790.0,Standard,No,149.2,165.2,No
C1366,37,female,West,127.4,18,No,Store,5,88.04,0.252,5,3.8,5.0,4152.0,New offer,Yes,346.0,417.5,Yes
C1367,35,male,Central,73.8,26,No,Mobile app,2,139.47,0.288,3,6.8,7.0,3731.0,Standard,No,310.9,325.8,No
C1368,26,female,West,150.6,43,No,Online,3,113.98,0.264,3,7.0,7.0,3855.0,New offer,No,321.2,329.6,No
C1369,52,male,West,48.8,30,Yes,Mobile app,5,119.59,0.109,5,6.3,6.0,6089.0,Standard,No,507.4,525.1,No
C1370,18,female,South,58.2,31,Yes,Mobile app,4,84.25,0.097,1,6.1,6.0,4495.0,New offer,Yes,374.6,451.9,Yes
C1371,43,male,South,69.5,16,Yes,Store,1,109.88,0.53,1,6.2,7.0,1102.0,Standard,Yes,91.8,87.1,No
C1372,25,male,East,57.6,37,Yes,Mobile app,6,86.91,0.081,0,7.8,9.0,5697.0,New offer,No,474.8,513.1,No
C1373,34,other,Central,,67,No,Online,2,66.61,0.397,3,6.7,7.0,1080.0,Standard,Yes,90.0,102.7,No
C1374,20,male,West,85.8,19,No,Online,4,119.1,0.073,3,6.2,7.0,5311.0,New offer,No,442.6,466.8,No
C1375,32,female,West,40.1,18,Yes,Store,4,68.05,0.149,0,6.2,5.0,2882.0,Standard,No,240.2,251.3,No
C1376,47,female,West,43.2,8,Yes,Store,2,103.85,0.661,0,8.5,8.0,2105.0,Standard,No,175.4,181.1,No
C1377,52,female,South,28.6,28,No,Store,1,93.87,0.166,2,8.9,9.0,951.0,New offer,No,79.2,86.6,No
C1378,22,male,East,63.9,7,Yes,Online,6,94.05,0.732,0,7.7,8.0,5199.0,New offer,No,433.2,456.9,No
C1379,35,male,West,40.8,88,No,Online,4,56.33,0.161,0,3.1,3.0,3372.0,Standard,No,281.0,294.5,No
C1380,51,male,Central,52.7,20,Yes,Store,5,93.49,0.489,3,5.9,6.0,4346.0,Standard,Yes,362.2,369.7,No
C1381,49,female,Central,31.0,23,No,Online,3,66.31,0.4,2,4.9,6.0,1927.0,Standard,No,160.6,157.9,Yes
C1382,30,male,Central,65.6,22,No,Online,1,134.58,0.308,2,6.5,8.0,1766.0,New offer,No,147.2,172.6,No
C1383,26,male,West,42.6,56,Yes,Online,3,109.31,0.542,1,7.8,8.0,3120.0,Standard,No,260.0,272.1,No
C1384,42,female,East,30.8,28,Yes,Mobile app,5,94.38,0.202,0,8.2,10.0,4907.0,New offer,Yes,408.9,497.7,No
C1385,32,male,Central,28.8,15,Yes,Store,3,118.39,0.145,0,5.6,6.0,4737.0,New offer,Yes,394.8,471.0,No
C1386,31,other,West,43.6,19,Yes,Mobile app,6,91.21,0.199,0,7.5,7.0,7268.0,New offer,No,605.7,620.7,No
C1387,42,female,West,71.5,68,Yes,Online,1,133.64,0.119,0,9.5,10.0,1913.0,Standard,No,159.4,172.6,No
C1388,31,male,South,58.3,13,No,Store,3,75.49,0.121,1,4.5,6.0,2936.0,Standard,No,244.7,255.7,Yes
C1389,66,female,North,29.5,54,No,Store,2,65.39,0.241,1,7.1,6.0,1326.0,New offer,No,110.5,106.0,No
C1390,51,male,West,100.8,66,No,Online,1,130.14,0.394,0,,7.0,1392.0,New offer,No,116.0,122.8,No
C1391,42,female,North,115.3,65,Yes,Online,3,116.12,0.265,0,,7.0,4027.0,Standard,No,335.6,333.8,No
C1392,39,male,West,32.1,14,Yes,Online,6,90.53,0.237,2,6.5,4.0,7048.0,Standard,Yes,587.3,616.9,No
C1393,32,male,South,27.3,25,Yes,Online,8,79.69,0.088,1,6.5,6.0,7663.0,Standard,Yes,638.6,647.9,No
C1394,35,male,West,82.7,11,Yes,Online,3,102.79,0.067,0,7.3,7.0,2510.0,New offer,Yes,209.2,244.1,No
C1395,46,female,Central,38.1,29,No,Mobile app,1,73.65,0.23,0,7.9,8.0,1092.0,New offer,Yes,91.0,116.8,No
C1396,25,female,Central,72.8,15,No,Online,2,101.26,0.149,1,5.6,8.0,2639.0,Standard,No,219.9,222.4,No
C1397,18,male,Central,53.4,22,No,Mobile app,2,68.55,0.193,2,6.1,9.0,1498.0,New offer,Yes,124.8,156.2,No
C1398,48,female,North,,38,Yes,Online,0,108.7,0.055,1,6.0,5.0,0.0,Standard,No,0.0,0.0,No
C1399,58,female,West,37.9,5,Yes,Online,2,128.31,0.293,1,7.4,9.0,2677.0,Standard,No,223.1,241.3,No
C1400,44,female,West,59.4,4,No,Online,5,83.26,0.246,1,,5.0,4719.0,New offer,Yes,393.2,470.7,Yes
C1401,45,male,North,,18,No,Mobile app,3,102.21,0.254,1,6.4,4.0,3236.0,Standard,Yes,269.7,287.7,Yes
C1402,38,female,East,29.8,39,No,Online,3,59.93,0.152,0,7.8,6.0,1796.0,Standard,Yes,149.7,151.4,No
C1403,52,female,West,23.6,11,No,Mobile app,4,46.68,0.13,0,5.6,5.0,2055.0,Standard,No,171.2,176.9,Yes
C1404,43,male,North,16.3,44,No,Online,3,78.12,0.142,0,7.2,8.0,2529.0,New offer,Yes,210.8,249.4,No
C1405,51,female,Central,66.4,11,No,Mobile app,3,95.85,0.213,0,4.8,5.0,3623.0,New offer,No,301.9,319.6,No
C1406,32,male,West,98.5,18,No,Mobile app,4,115.36,0.196,2,,6.0,5741.0,Standard,Yes,478.4,508.4,No
C1407,39,male,East,,42,No,Mobile app,2,73.79,0.092,2,3.7,3.0,1517.0,New offer,No,126.4,149.2,No
C1408,47,male,South,71.7,42,No,Mobile app,1,87.88,0.127,0,,9.0,917.0,New offer,No,76.4,59.6,No
C1409,31,male,West,41.9,53,Yes,Online,4,89.36,0.165,1,5.0,6.0,3869.0,Standard,Yes,322.4,335.9,No
C1410,52,female,North,62.3,24,Yes,Online,2,102.56,0.274,1,5.9,5.0,3082.0,New offer,No,256.8,272.3,No
C1411,44,male,Central,51.4,5,Yes,Online,3,92.53,0.447,1,7.0,6.0,2851.0,New offer,Yes,237.6,298.1,No
C1412,47,female,West,58.3,15,No,Store,2,80.04,0.139,0,5.3,3.0,1894.0,Standard,No,157.8,159.4,No
C1413,31,female,South,49.9,9,Yes,Online,5,96.85,0.158,1,6.2,6.0,5831.0,Standard,Yes,485.9,511.7,No
C1414,52,female,North,61.5,13,No,Store,5,106.89,0.339,1,6.8,7.0,5467.0,Standard,Yes,455.6,472.5,No
C1415,31,male,North,74.8,51,Yes,Online,2,97.4,0.126,1,6.1,5.0,2641.0,New offer,Yes,220.1,264.7,No
C1416,37,female,North,71.1,65,Yes,Mobile app,6,103.71,0.395,0,7.4,6.0,6524.0,New offer,No,543.7,569.2,No
C1417,28,male,South,35.8,28,No,Store,2,76.43,0.191,0,7.9,7.0,1481.0,New offer,No,123.4,132.2,No
C1418,40,male,West,92.5,29,No,Store,5,86.87,0.117,1,6.7,7.0,6668.0,Standard,No,555.7,584.2,No
C1419,21,female,North,51.2,31,Yes,Online,4,82.36,0.539,0,5.3,3.0,3301.0,Standard,No,275.1,279.7,No
C1420,47,male,South,27.5,26,Yes,Mobile app,5,111.72,0.32,0,9.4,10.0,7508.0,New offer,Yes,625.7,751.0,No
C1421,37,female,South,46.1,68,Yes,Mobile app,3,79.83,0.326,0,7.4,6.0,2554.0,New offer,No,212.8,216.2,Yes
C1422,27,male,South,41.2,24,No,Store,2,95.06,0.073,1,3.8,3.0,2033.0,Standard,No,169.4,177.2,No
C1423,48,female,North,39.4,40,No,Store,2,94.75,0.388,0,,5.0,1870.0,Standard,Yes,155.8,169.4,No
C1424,35,female,South,33.2,5,Yes,Store,6,95.11,0.374,2,6.0,9.0,5876.0,New offer,Yes,489.7,593.4,No
C1425,21,female,Central,67.8,22,No,Store,6,90.74,0.321,0,8.3,,6026.0,New offer,No,502.2,521.8,No
C1426,40,male,Central,28.4,20,No,Store,1,147.76,0.476,2,4.9,7.0,1244.0,Standard,No,103.7,115.1,Yes
C1427,50,male,South,67.5,10,No,Online,1,79.45,0.177,0,5.9,8.0,779.0,Standard,No,64.9,40.9,No
C1428,55,male,North,28.8,57,No,Online,3,60.87,0.164,0,4.9,5.0,1874.0,New offer,No,156.2,156.7,No
C1429,39,male,Central,37.2,1,Yes,Online,4,81.24,0.099,2,7.6,9.0,3810.0,Standard,No,317.5,319.7,Yes
C1430,38,male,East,60.9,29,No,Mobile app,3,105.6,0.119,2,8.2,9.0,3701.0,New offer,No,308.4,323.3,No
C1431,63,female,Central,77.9,20,No,Store,2,111.1,0.332,3,5.9,4.0,2783.0,Standard,No,231.9,245.4,Yes
C1432,34,other,Central,56.0,24,Yes,Online,3,89.51,0.121,0,5.2,5.0,3107.0,Standard,No,258.9,274.3,Yes
C1433,50,male,South,55.6,34,Yes,Mobile app,5,109.63,0.16,1,9.1,9.0,7854.0,New offer,Yes,654.5,809.2,No
C1434,49,female,South,51.7,13,No,Store,4,80.2,0.237,1,6.0,6.0,3505.0,New offer,No,292.1,300.0,No
C1435,40,male,North,61.3,29,No,Store,6,130.38,0.088,3,8.3,7.0,8970.0,Standard,No,747.5,779.9,No
C1436,47,male,East,62.5,55,No,Mobile app,3,78.35,0.409,1,7.9,8.0,2609.0,Standard,No,217.4,235.7,No
C1437,34,female,East,53.5,60,Yes,Store,1,93.68,0.338,1,7.4,6.0,1232.0,New offer,No,102.7,103.8,Yes
C1438,36,female,South,39.5,50,Yes,Online,3,78.12,0.224,0,10.0,10.0,2002.0,New offer,No,166.8,187.9,No
C1439,39,male,South,44.6,14,Yes,Online,5,139.17,0.333,4,9.6,10.0,7414.0,Standard,No,617.8,648.1,No
C1440,53,male,West,54.5,11,No,Store,4,91.68,0.396,1,6.3,6.0,3723.0,Standard,No,310.2,316.5,No
C1441,33,female,East,26.8,14,Yes,Online,3,100.84,0.164,0,9.7,10.0,3472.0,New offer,Yes,289.3,360.5,No
C1442,36,female,East,47.2,24,No,Mobile app,3,112.3,0.224,2,4.4,6.0,3441.0,New offer,Yes,286.8,349.4,No
C1443,42,female,Central,101.0,31,No,Store,3,125.89,0.35,3,3.3,4.0,4109.0,Standard,No,342.4,368.6,No
C1444,18,male,East,42.0,20,No,Store,3,100.95,0.255,0,6.1,6.0,3940.0,Standard,No,328.3,340.2,No
C1445,42,male,East,50.2,22,No,Online,2,86.77,0.501,0,5.5,5.0,1705.0,Standard,No,142.1,147.8,Yes
C1446,54,female,East,34.3,45,Yes,Mobile app,4,93.34,0.403,2,6.5,7.0,3172.0,Standard,No,264.3,295.1,Yes
C1447,54,female,South,62.5,6,No,Mobile app,2,86.43,0.179,1,7.3,8.0,1939.0,Standard,Yes,161.6,161.0,No
C1448,24,male,North,52.6,15,Yes,Mobile app,3,92.73,0.227,2,,3.0,2541.0,Standard,Yes,211.8,214.1,Yes
C1449,38,female,West,77.7,22,Yes,Store,4,131.81,0.043,1,5.4,,6610.0,Standard,No,550.8,589.3,Yes
C1450,44,female,Central,57.4,17,Yes,Mobile app,4,112.81,0.198,1,10.0,9.0,3759.0,New offer,Yes,313.2,384.6,No
C1451,68,female,East,50.5,20,No,Store,4,72.29,0.163,1,,6.0,3338.0,Standard,No,278.2,304.8,No
C1452,46,male,North,85.1,16,No,Mobile app,2,104.96,0.371,1,7.3,9.0,2044.0,Standard,No,170.3,167.9,No
C1453,23,male,North,38.3,42,No,Store,4,93.56,0.343,0,7.4,6.0,3452.0,New offer,No,287.7,292.7,No
C1454,40,female,West,42.0,28,No,Store,2,84.75,0.303,1,9.0,9.0,1659.0,Standard,Yes,138.2,139.8,No
C1455,51,male,Central,23.7,25,Yes,Online,1,92.45,0.162,1,6.5,,1049.0,Standard,Yes,87.4,93.4,No
C1456,50,male,East,49.7,31,No,Mobile app,6,87.78,0.174,1,7.0,6.0,6045.0,Standard,Yes,503.8,523.3,No
C1457,53,male,North,39.6,28,Yes,Store,6,92.28,0.067,0,9.0,8.0,6665.0,New offer,Yes,555.4,673.4,No
C1458,22,male,South,36.8,42,No,Store,1,83.26,0.102,1,6.2,7.0,1086.0,Standard,No,90.5,85.5,No
C1459,32,male,West,17.5,30,Yes,Online,6,74.9,0.192,0,10.0,10.0,4606.0,New offer,Yes,383.8,452.4,No
C1460,52,female,Central,42.3,43,No,Online,2,93.99,0.178,1,,5.0,1949.0,New offer,No,162.4,166.1,No
C1461,51,female,South,41.1,45,No,Store,2,71.05,0.398,0,4.7,5.0,974.0,New offer,No,81.2,79.9,No
C1462,42,female,North,75.3,26,No,Online,3,155.66,0.164,0,4.1,6.0,5356.0,New offer,No,446.3,456.7,No
C1463,43,female,North,53.5,85,Yes,Mobile app,5,75.09,0.205,2,6.4,5.0,5442.0,Standard,Yes,453.5,469.2,No
C1464,51,male,North,49.6,31,Yes,Store,3,75.05,0.258,0,6.8,5.0,2694.0,New offer,No,224.5,226.7,No
C1465,34,male,Central,41.9,34,Yes,Online,0,87.88,0.458,0,10.0,9.0,0.0,Standard,No,0.0,2.7,No
C1466,56,female,South,54.0,15,Yes,Online,7,76.75,0.277,0,,7.0,5816.0,Standard,No,484.7,500.3,No
C1467,61,male,East,47.8,12,No,Mobile app,5,103.74,0.257,1,4.6,4.0,4443.0,Standard,No,370.2,396.2,Yes
C1468,45,female,Central,143.0,48,No,Mobile app,2,156.35,0.023,1,4.5,6.0,4217.0,Standard,No,351.4,365.7,Yes
C1469,59,female,North,84.1,30,Yes,Online,1,94.27,0.339,0,7.0,10.0,1193.0,New offer,No,99.4,94.7,No
C1470,49,male,West,31.4,39,Yes,Online,4,75.21,0.436,1,8.2,8.0,2728.0,Standard,No,227.3,239.4,No
C1471,39,female,South,24.7,10,No,Mobile app,5,80.33,0.339,0,4.9,4.0,4151.0,New offer,No,345.9,370.4,No
C1472,43,male,South,40.5,46,Yes,Store,8,111.61,0.468,1,8.6,8.0,8867.0,Standard,No,738.9,770.7,No
C1473,54,female,North,58.6,8,No,Store,1,85.57,0.104,0,8.7,10.0,1020.0,Standard,No,85.0,93.8,No
C1474,67,female,East,24.1,46,No,Online,1,97.73,0.25,0,5.8,7.0,1251.0,New offer,No,104.2,114.6,No
C1475,32,male,West,58.3,26,No,Mobile app,7,82.73,0.121,3,6.7,7.0,6226.0,New offer,No,518.8,557.9,No
C1476,60,male,Central,36.8,5,No,Store,2,67.91,0.083,0,8.2,7.0,1314.0,New offer,No,109.5,115.9,No
C1477,38,female,West,25.9,8,Yes,Online,1,86.31,0.377,2,10.0,8.0,880.0,Standard,No,73.3,65.8,No
C1478,46,female,South,51.0,40,No,Online,0,73.52,0.318,2,5.6,6.0,0.0,Standard,No,0.0,0.0,Yes
C1479,40,male,South,52.9,24,No,Online,1,93.51,0.155,0,10.0,9.0,963.0,New offer,No,80.2,88.5,No
C1480,18,male,West,38.1,9,No,Mobile app,2,127.27,0.25,1,5.2,4.0,3173.0,Standard,No,264.4,272.6,No
C1481,33,female,North,81.8,79,No,Store,4,89.58,0.082,2,6.7,5.0,4473.0,New offer,No,372.8,387.0,No
C1482,59,female,North,56.3,59,Yes,Mobile app,1,90.62,0.054,1,9.5,10.0,962.0,Standard,No,80.2,85.7,No
C1483,55,female,Central,85.1,79,No,Online,0,98.1,0.474,1,,6.0,0.0,Standard,No,0.0,0.0,No
C1484,53,male,East,,17,Yes,Mobile app,5,117.2,0.294,0,8.3,,5294.0,New offer,No,441.2,452.6,No
C1485,32,female,East,30.9,11,No,Online,3,102.21,0.089,1,6.1,5.0,2627.0,New offer,Yes,218.9,271.6,No
C1486,49,male,West,58.7,30,No,Store,3,76.05,0.557,0,7.3,7.0,2289.0,Standard,No,190.8,193.4,Yes
C1487,36,female,North,54.9,25,Yes,Mobile app,6,94.92,0.237,1,8.3,6.0,4974.0,New offer,Yes,414.5,503.7,No
C1488,36,female,East,33.5,33,No,Online,4,101.62,0.267,1,4.2,3.0,3523.0,Standard,Yes,293.6,309.8,No
C1489,32,male,Central,,7,Yes,Online,2,110.0,0.28,1,5.5,7.0,2209.0,New offer,Yes,184.1,223.6,No
C1490,70,female,North,45.7,48,Yes,Online,2,81.93,0.237,0,7.6,7.0,2048.0,New offer,Yes,170.7,213.0,No
C1491,31,female,South,,17,Yes,Store,7,81.04,0.058,0,5.8,6.0,5492.0,Standard,Yes,457.7,480.2,No
C1492,52,female,South,29.8,46,Yes,Store,4,110.8,0.15,0,7.3,7.0,6020.0,Standard,No,501.7,520.6,No
C1493,32,female,South,33.2,13,Yes,Mobile app,4,93.05,0.508,0,8.1,9.0,3408.0,Standard,No,284.0,306.9,No
C1494,61,female,West,50.8,9,No,Online,6,97.61,0.262,5,6.4,5.0,5166.0,New offer,No,430.5,438.1,No
C1495,47,female,Central,61.2,9,No,Mobile app,6,87.29,0.211,2,3.7,1.0,4698.0,Standard,No,391.5,399.0,No
C1496,56,male,West,37.6,13,Yes,Online,3,93.67,0.684,0,5.3,5.0,3243.0,Standard,Yes,270.2,283.6,Yes
C1497,34,female,Central,56.2,22,No,Mobile app,1,86.29,0.238,2,4.8,6.0,952.0,New offer,No,79.3,85.5,No
C1498,44,male,East,53.5,38,No,Online,3,89.79,0.216,0,7.3,8.0,3399.0,Standard,No,283.2,289.0,No
C1499,58,male,South,27.1,74,No,Online,2,68.35,0.39,2,4.0,5.0,1598.0,New offer,No,133.2,139.2,No
C1500,37,female,North,44.3,9,No,Store,3,81.28,0.157,0,4.5,4.0,3160.0,Standard,No,263.3,283.4,Yes
