EmployeeID,Department,Job_level,Gender,Age,Education,Tenure_years,Annual_salary,Performance_rating,Training_hours,Overtime_hours_month,Commute_km,Remote_days_week,Manager_support,Work_life_balance,Engagement,Job_satisfaction,Absence_days,Promoted_last_3y,Skills_test_before,Skills_test_after,Engagement_Q1,Engagement_Q2,Engagement_Q3,Engagement_Q4,Left_company
E0001,Finance,3,female,52,Master,2.4,67880.0,3,37.0,4.7,19.5,1,5.0,2.82,4.19,3.79,6,No,60.6,71.4,3.95,4.52,4.65,4.25,Yes
E0002,Operations,1,female,39,Bachelor,3.1,34030.0,3,52.0,16.5,11.0,1,3.02,2.62,3.97,3.35,3,No,54.3,63.7,3.96,3.72,3.88,3.64,No
E0003,IT,2,female,26,Bachelor,5.0,42200.0,3,15.0,7.3,9.3,2,2.29,4.73,5.0,3.97,3,No,58.5,59.1,4.95,4.97,5.0,5.0,No
E0004,Sales,2,female,42,Bachelor,1.4,42580.0,4,11.0,6.2,22.1,0,3.71,3.85,4.77,4.02,4,No,57.9,60.5,4.67,5.0,4.96,4.78,No
E0005,Sales,2,male,41,Bachelor,7.4,58020.0,3,22.0,9.4,11.3,0,2.53,3.51,5.0,3.98,1,No,59.3,70.5,5.0,4.82,5.0,4.75,No
E0006,HR,3,female,45,Bachelor,13.2,63330.0,3,22.0,5.8,7.0,3,3.89,2.29,4.1,4.09,0,No,60.6,65.0,4.26,3.65,4.26,4.37,No
E0007,Operations,1,female,42,Bachelor,2.3,25100.0,4,31.0,7.1,17.4,0,2.43,2.27,3.52,2.63,2,No,78.2,86.4,3.8,3.54,3.54,3.9,No
E0008,Sales,3,female,31,Master,10.0,48130.0,4,13.0,9.1,9.3,2,2.82,3.11,3.83,3.01,1,No,60.7,58.7,3.51,3.95,3.59,3.84,No
E0009,Operations,3,male,46,Bachelor,6.0,45080.0,3,21.0,38.4,0.9,0,,1.29,2.8,,5,No,63.3,71.2,2.71,3.01,3.18,2.97,No
E0010,IT,3,female,45,Diploma,16.3,56560.0,2,32.0,20.4,5.7,3,3.9,3.25,4.16,,3,No,74.9,83.9,4.32,4.59,4.47,4.35,No
E0011,IT,2,female,35,Master,3.3,56770.0,3,27.0,3.1,22.5,2,2.24,5.0,3.54,3.73,3,No,49.5,66.9,3.68,3.71,3.43,3.66,No
E0012,Operations,1,female,30,Diploma,0.9,24900.0,2,59.0,9.7,3.9,0,2.53,2.76,3.64,3.09,6,No,54.4,67.9,3.94,4.16,4.26,3.33,Yes
E0013,Operations,2,male,24,Master,3.0,42000.0,5,23.0,16.0,13.2,0,3.87,3.52,5.0,5.0,5,No,43.7,44.4,4.99,5.0,5.0,5.0,No
E0014,IT,3,female,37,Master,7.0,71110.0,3,8.0,7.7,5.6,0,4.24,2.69,4.54,4.2,4,No,49.9,57.9,4.79,4.55,4.54,4.63,No
E0015,Finance,1,female,21,Bachelor,0.1,28440.0,3,22.0,6.8,7.9,1,3.3,3.85,4.77,3.96,1,Yes,75.3,91.5,5.0,4.9,4.92,4.87,No
E0016,Finance,2,female,43,Doctorate,0.9,46320.0,3,9.0,7.2,1.1,2,3.96,3.58,4.08,3.97,5,No,59.4,71.9,4.29,4.21,3.75,4.24,No
E0017,IT,1,female,28,Bachelor,2.3,38090.0,4,30.0,5.3,12.3,3,3.62,3.32,4.51,3.84,2,No,61.2,74.3,4.35,4.66,4.9,4.43,No
E0018,Finance,2,female,43,Diploma,6.0,35380.0,4,43.0,10.9,11.9,0,3.5,3.57,4.12,3.29,5,Yes,56.4,68.8,4.11,4.5,4.25,3.77,No
E0019,Sales,2,female,52,Bachelor,10.4,42360.0,4,23.0,20.8,16.3,2,4.15,2.48,5.0,4.68,4,Yes,52.5,48.3,5.0,4.96,5.0,5.0,No
E0020,Finance,3,female,34,Bachelor,7.3,61070.0,4,49.0,3.1,9.4,2,4.49,2.64,3.36,3.6,4,No,63.9,68.9,3.57,3.46,3.15,3.43,No
E0021,Operations,1,female,35,Diploma,4.3,25020.0,4,39.0,5.6,25.6,0,4.42,3.74,4.19,3.79,7,No,56.7,66.6,4.42,3.61,4.6,3.91,Yes
E0022,HR,2,male,36,Bachelor,7.2,41740.0,4,17.0,21.4,10.5,0,4.75,2.53,5.0,3.55,6,Yes,44.1,49.6,4.91,5.0,5.0,5.0,No
E0023,IT,1,male,53,Diploma,2.9,40810.0,3,13.0,6.7,14.1,0,3.74,1.93,4.05,3.96,5,No,66.8,79.9,4.08,4.18,4.14,4.09,No
E0024,IT,2,male,45,Diploma,4.7,42930.0,3,14.0,17.5,10.6,3,2.15,3.81,5.0,5.0,1,No,73.1,72.8,4.68,5.0,4.49,4.71,No
E0025,Operations,1,male,43,Bachelor,2.0,37270.0,4,26.0,7.2,9.0,0,2.3,3.3,4.71,3.23,5,No,51.6,55.1,4.43,4.69,4.79,4.74,Yes
E0026,Operations,2,male,34,Bachelor,5.9,36390.0,3,17.0,5.9,4.8,0,3.28,3.85,3.98,3.43,5,No,55.9,59.1,4.05,4.12,4.24,4.32,No
E0027,Sales,3,male,32,Master,11.0,52760.0,5,36.0,7.1,2.5,0,3.25,3.09,4.64,4.11,4,No,78.4,86.0,4.67,5.0,5.0,5.0,No
E0028,Sales,3,male,44,Master,8.7,59000.0,3,18.0,14.8,4.2,0,2.29,3.44,2.92,3.37,3,No,51.0,46.8,2.88,3.29,2.21,3.06,No
E0029,IT,2,male,37,Bachelor,9.4,66230.0,5,38.0,4.6,14.2,0,1.74,4.29,3.87,3.88,4,No,62.9,63.6,4.05,4.33,4.25,4.17,No
E0030,Sales,3,male,36,Master,2.2,61260.0,4,24.0,4.2,13.6,3,3.24,3.78,5.0,3.75,2,No,48.1,51.9,4.61,4.86,5.0,5.0,No
E0031,IT,2,male,41,Diploma,6.4,54870.0,5,33.0,17.4,20.4,2,4.23,1.96,4.45,3.72,4,Yes,36.7,47.3,4.78,4.39,4.11,5.0,No
E0032,Sales,2,male,45,Bachelor,6.9,52050.0,4,18.0,2.3,14.2,0,3.59,3.4,4.34,3.84,4,No,74.2,69.4,4.28,4.68,4.49,4.17,No
E0033,Finance,2,female,36,Diploma,7.7,47900.0,4,36.0,2.6,9.3,0,4.45,3.05,5.0,4.43,2,No,49.5,54.5,5.0,5.0,5.0,5.0,No
E0034,Sales,4,male,38,Bachelor,17.0,77930.0,4,74.0,6.7,10.6,1,4.31,3.72,3.79,3.61,2,No,54.6,64.4,3.55,3.46,3.99,4.0,No
E0035,HR,4,female,44,Diploma,13.4,66450.0,4,8.0,3.3,26.9,2,3.89,3.54,4.87,4.72,2,No,57.5,66.5,5.0,5.0,4.78,5.0,No
E0036,Finance,4,male,49,Master,12.5,80490.0,3,47.0,6.7,14.4,2,3.47,3.71,4.29,4.37,8,No,54.6,72.1,4.31,4.17,4.86,4.69,No
E0037,IT,2,male,32,Master,2.8,54880.0,3,31.0,12.2,14.9,3,3.11,2.71,3.94,3.11,4,No,74.8,85.9,3.65,3.81,3.73,4.22,No
E0038,Sales,1,female,37,Bachelor,4.7,30530.0,2,5.0,18.4,21.6,0,4.75,3.51,4.75,4.67,7,No,48.3,55.3,4.9,4.81,4.68,4.29,No
E0039,Sales,2,female,27,Bachelor,6.0,37730.0,4,14.0,10.0,5.2,0,3.3,3.55,3.86,4.19,3,No,57.7,57.3,3.7,3.84,3.7,3.88,No
E0040,Sales,4,female,28,Master,7.0,61470.0,4,26.0,7.3,15.4,0,2.68,4.21,4.1,3.4,3,No,60.3,56.8,4.01,4.39,3.99,3.98,No
E0041,Operations,4,male,36,Master,6.9,73920.0,3,36.0,38.6,4.7,0,5.0,3.71,4.24,4.7,4,No,51.0,62.1,3.99,4.21,4.14,5.0,No
E0042,HR,1,female,42,Diploma,3.1,26780.0,4,12.0,0.9,22.7,0,4.03,3.79,3.94,3.25,6,No,70.1,77.4,3.79,4.12,4.6,3.8,No
E0043,Sales,3,male,33,Master,7.1,50110.0,5,15.0,19.9,2.9,1,4.18,3.13,4.02,3.67,1,Yes,60.2,58.3,4.07,4.37,3.73,3.89,No
E0044,Operations,1,female,38,Bachelor,4.5,36970.0,3,17.0,6.7,5.3,0,4.38,3.75,4.68,3.99,3,No,69.0,72.4,4.57,4.77,4.87,5.0,No
E0045,Operations,1,female,26,Bachelor,1.8,38040.0,3,23.0,11.4,5.1,0,3.37,3.06,5.0,4.09,2,No,50.7,47.5,5.0,4.95,4.76,4.61,No
E0046,HR,2,female,56,Bachelor,10.9,48100.0,4,31.0,3.5,14.0,1,2.77,4.02,4.63,4.41,5,No,67.5,72.4,5.0,5.0,4.75,4.59,No
E0047,HR,1,female,44,Bachelor,2.4,29410.0,2,23.0,12.9,9.2,2,2.56,2.16,2.89,2.93,5,No,66.2,68.9,3.04,3.24,2.88,2.71,Yes
E0048,Operations,3,female,32,Master,6.3,47540.0,4,43.0,6.9,19.1,0,3.18,2.58,3.96,2.62,2,Yes,42.3,47.8,4.32,4.01,4.15,3.79,No
E0049,Operations,2,male,47,Doctorate,2.9,43940.0,4,18.0,8.8,12.7,0,3.52,2.28,4.41,3.22,4,No,60.4,70.7,4.51,4.78,4.71,5.0,No
E0050,IT,1,male,29,Bachelor,5.1,41580.0,4,25.0,3.4,17.2,1,1.99,4.04,4.57,3.73,3,No,49.9,60.9,4.89,4.77,4.63,5.0,No
E0051,IT,1,male,49,Bachelor,3.4,46620.0,4,18.0,4.5,14.9,3,1.71,4.4,4.36,3.81,3,No,74.8,73.8,4.27,4.66,4.56,5.0,No
E0052,Finance,1,female,42,Diploma,3.0,38410.0,4,30.0,12.2,6.7,1,,2.75,5.0,3.97,5,No,67.4,76.1,5.0,5.0,5.0,5.0,No
E0053,Operations,2,male,57,Master,1.0,38900.0,4,17.0,4.4,33.9,0,3.5,3.49,4.26,4.17,5,No,63.8,78.6,3.93,4.11,4.64,4.5,No
E0054,Sales,3,female,29,Master,2.7,45420.0,3,9.0,3.1,7.6,0,3.23,4.19,4.47,3.89,5,No,76.7,73.6,4.71,5.0,4.07,4.16,No
E0055,Finance,3,male,29,Master,8.0,53930.0,4,30.0,6.0,10.4,2,3.04,5.0,4.53,3.68,5,No,40.4,46.1,4.52,4.45,4.44,4.79,No
E0056,Finance,2,female,37,Bachelor,7.0,43420.0,3,17.0,4.1,13.0,0,,4.18,4.36,4.96,5,No,67.3,73.9,4.39,4.17,4.37,4.36,No
E0057,HR,1,female,46,Diploma,1.5,25500.0,3,23.0,16.2,6.9,0,3.3,4.0,4.0,3.28,5,No,76.3,94.0,3.99,4.55,3.68,3.96,No
E0058,Sales,1,male,35,Bachelor,2.9,30650.0,4,16.0,2.3,5.6,0,2.66,3.24,3.38,2.64,5,Yes,56.0,64.7,3.01,3.13,3.77,3.33,Yes
E0059,IT,2,male,35,Diploma,3.2,40700.0,3,25.0,2.9,8.0,3,5.0,4.08,5.0,5.0,2,No,48.0,60.7,4.89,4.89,5.0,5.0,No
E0060,Sales,2,male,29,Bachelor,0.7,41960.0,4,20.0,10.2,22.0,1,4.25,3.45,3.52,3.29,3,No,30.2,39.4,3.72,3.81,3.42,3.55,No
E0061,Operations,3,female,21,Doctorate,0.1,49370.0,4,11.0,8.7,13.3,0,3.85,2.63,3.94,3.36,4,No,60.8,56.8,3.98,3.59,3.97,3.84,Yes
E0062,IT,2,female,46,Bachelor,6.1,49510.0,4,16.0,10.8,17.3,0,,3.33,3.45,3.77,4,No,53.3,50.5,3.04,3.13,3.22,3.36,No
E0063,Sales,2,male,48,Bachelor,8.0,37970.0,2,50.0,16.8,16.6,2,3.88,3.58,3.98,3.6,1,No,64.0,72.1,4.05,4.16,4.19,4.14,No
E0064,Operations,2,male,42,Master,5.4,42090.0,3,12.0,10.2,11.4,1,3.31,3.9,4.45,,1,No,54.8,47.9,4.43,5.0,4.63,4.02,No
E0065,Operations,1,female,39,Bachelor,0.5,26530.0,3,20.0,6.6,29.4,0,3.75,2.55,3.94,2.75,4,No,69.8,71.3,3.73,3.39,3.9,3.72,Yes
E0066,Finance,2,male,24,Master,3.0,50010.0,1,28.0,27.9,11.6,0,5.0,2.33,5.0,4.5,5,No,61.7,60.4,4.65,4.97,5.0,5.0,No
E0067,Operations,4,female,43,Bachelor,13.3,60450.0,4,31.0,5.9,7.4,0,4.73,4.1,5.0,4.7,2,Yes,44.4,52.6,5.0,5.0,5.0,4.99,No
E0068,Sales,3,male,34,Master,8.8,60010.0,4,21.0,4.5,6.7,0,3.12,3.53,4.95,4.21,1,No,44.8,46.0,4.62,4.68,4.86,5.0,No
E0069,Sales,2,female,42,Bachelor,9.3,40760.0,2,18.0,2.4,17.0,0,3.48,3.13,3.71,3.64,3,Yes,69.9,66.6,3.9,3.77,3.54,3.53,No
E0070,Operations,1,male,24,Bachelor,3.0,33640.0,3,12.0,5.1,18.2,0,3.97,3.47,5.0,3.93,4,No,54.2,65.8,5.0,4.92,5.0,4.92,No
E0071,Sales,2,male,53,Bachelor,11.2,51080.0,3,11.0,11.6,8.0,3,1.8,3.21,3.95,3.3,5,No,71.6,76.1,4.14,4.11,3.79,3.89,No
E0072,IT,1,male,44,Bachelor,3.4,35940.0,3,42.0,16.0,15.3,2,2.82,3.36,4.35,3.63,3,No,50.3,51.2,4.47,4.43,4.43,5.0,No
E0073,Finance,2,male,34,Bachelor,1.1,39780.0,4,3.0,2.7,19.9,0,2.99,2.28,4.21,3.72,1,No,48.6,55.6,4.12,4.44,4.65,3.76,No
E0074,Sales,1,male,24,Bachelor,3.0,39120.0,5,63.0,11.4,11.4,1,4.0,2.77,4.2,3.91,6,Yes,93.5,100.0,4.22,4.45,4.15,4.17,No
E0075,Finance,2,female,32,Diploma,11.0,42840.0,4,36.0,12.4,24.7,2,3.02,3.09,4.4,3.94,7,No,64.2,70.9,4.11,4.13,4.53,4.17,No
E0076,Operations,2,male,45,Diploma,4.1,39460.0,3,22.0,10.0,3.2,1,4.32,2.67,4.13,3.26,4,No,69.7,67.5,3.92,4.22,4.61,4.06,No
E0077,IT,3,male,49,Bachelor,17.6,72550.0,2,9.0,14.2,2.5,0,3.62,2.23,4.46,3.92,7,No,67.7,70.5,4.54,3.93,4.54,4.34,No
E0078,Sales,2,male,32,Bachelor,11.0,39100.0,3,15.0,7.5,12.0,1,1.85,2.78,3.97,3.93,6,No,61.3,65.5,4.21,3.49,4.34,3.95,No
E0079,HR,2,female,47,Diploma,2.8,37740.0,3,26.0,0.5,18.8,2,3.48,4.05,4.32,3.22,3,No,57.5,48.7,4.39,3.95,4.39,5.0,Yes
E0080,IT,3,female,33,Master,2.1,52990.0,4,8.0,6.8,4.0,1,2.68,5.0,4.32,3.59,2,No,41.9,50.2,4.33,4.33,4.6,4.47,No
E0081,HR,1,male,51,Diploma,5.2,30640.0,4,23.0,8.5,27.1,0,3.07,3.82,3.91,3.53,4,No,69.6,81.2,4.21,4.2,4.62,4.07,No
E0082,Operations,4,male,31,Master,9.7,57810.0,4,9.0,3.2,4.8,0,3.8,4.15,4.75,3.95,2,No,54.1,49.5,5.0,4.95,4.52,5.0,No
E0083,Sales,2,male,43,Diploma,4.8,37210.0,3,16.0,9.8,37.6,3,3.99,4.29,5.0,3.84,2,No,57.9,69.4,5.0,4.89,4.88,5.0,No
E0084,HR,1,male,21,Bachelor,0.1,29590.0,5,15.0,26.1,28.6,2,4.15,3.19,3.91,4.07,3,No,44.1,48.9,3.9,4.22,4.42,3.73,No
E0085,Operations,2,female,60,Bachelor,1.8,38370.0,3,21.0,7.9,11.8,1,,2.82,4.09,3.92,3,No,67.7,74.1,3.81,4.23,4.16,4.19,No
E0086,Sales,1,male,47,Bachelor,5.9,34320.0,2,52.0,0.8,9.5,0,3.86,2.88,4.0,3.72,4,No,33.7,42.8,3.81,4.22,4.02,3.67,No
E0087,Operations,2,female,39,Master,2.8,36930.0,5,65.0,5.7,27.2,0,3.32,3.0,4.79,3.15,3,No,55.5,68.9,5.0,4.5,4.76,5.0,No
E0088,Sales,3,male,35,Bachelor,11.9,65120.0,4,27.0,10.6,23.6,1,3.64,3.57,4.39,4.46,5,Yes,54.2,58.7,4.74,4.29,4.3,4.5,No
E0089,Finance,1,female,42,Diploma,5.6,29650.0,2,8.0,7.4,10.9,1,5.0,3.86,4.65,3.33,5,No,59.9,79.6,4.83,4.64,4.37,4.45,No
E0090,Operations,1,female,56,Bachelor,2.3,35160.0,3,17.0,3.8,11.4,0,3.45,4.36,5.0,4.4,3,No,47.5,49.6,4.81,5.0,5.0,5.0,No
E0091,Sales,3,male,29,Master,8.0,63400.0,3,62.0,8.7,,0,4.68,2.39,4.53,3.56,7,No,37.6,38.9,4.47,4.77,4.43,4.23,No
E0092,Operations,2,male,31,Bachelor,4.3,40010.0,4,12.0,10.9,13.5,0,3.51,4.43,4.33,3.16,3,No,62.1,69.4,4.64,4.41,4.18,4.78,No
E0093,Operations,2,male,33,Master,4.5,43620.0,4,53.0,9.0,4.8,0,3.95,3.53,4.79,3.6,10,No,71.0,70.4,4.4,4.62,4.54,5.0,No
E0094,Sales,1,male,58,Bachelor,5.5,30770.0,4,21.0,2.8,4.4,0,4.21,2.5,3.54,2.61,2,No,58.8,65.7,3.79,3.05,3.27,3.15,Yes
E0095,Operations,1,female,52,Bachelor,4.7,32620.0,3,12.0,11.8,17.6,0,3.63,1.12,3.71,3.37,5,No,70.5,70.2,4.29,3.92,4.11,3.81,No
E0096,Sales,3,male,49,Diploma,12.1,58050.0,4,27.0,6.4,18.5,3,3.53,3.04,3.69,3.36,7,No,63.7,82.8,3.99,4.3,4.02,4.07,No
E0097,Sales,3,male,40,Diploma,12.6,55110.0,4,28.0,2.6,16.6,1,3.09,4.8,4.31,3.93,4,Yes,53.8,51.3,4.54,4.1,4.4,4.21,No
E0098,Operations,2,male,35,Bachelor,6.2,48130.0,2,29.0,12.2,3.6,0,3.61,2.77,3.56,3.58,3,No,60.1,71.6,3.55,3.53,3.7,3.83,No
E0099,Operations,1,female,37,Diploma,5.4,30950.0,3,39.0,5.2,12.9,0,3.58,4.86,4.16,3.7,5,No,63.1,73.8,3.88,4.15,4.47,4.48,Yes
E0100,Operations,3,female,30,Master,2.0,48000.0,4,22.0,6.0,7.6,0,4.07,4.65,5.0,4.57,2,No,84.2,75.7,5.0,5.0,5.0,5.0,No
E0101,Operations,1,male,24,Bachelor,3.0,34740.0,3,14.0,21.8,33.0,0,4.51,2.97,3.71,3.44,1,No,54.0,59.7,3.36,3.89,3.34,3.9,No
E0102,Finance,1,male,59,Bachelor,5.6,31160.0,3,18.0,5.5,15.7,1,,3.94,5.0,3.99,6,No,70.7,88.4,4.9,4.95,4.49,4.93,No
E0103,Operations,1,female,45,Bachelor,4.8,31480.0,2,7.0,8.9,14.0,1,3.18,3.53,3.84,4.03,5,No,66.5,67.9,4.16,3.54,3.51,3.7,No
E0104,Finance,1,female,46,Diploma,3.7,33340.0,2,29.0,17.8,29.2,2,3.71,3.34,4.17,2.93,3,No,31.9,36.5,4.24,4.41,4.55,3.94,Yes
E0105,Sales,2,female,35,Bachelor,1.7,41570.0,3,14.0,4.4,19.2,3,3.56,3.03,4.19,4.04,3,No,61.5,63.0,4.2,4.58,4.17,4.28,No
E0106,IT,2,female,24,Bachelor,3.0,45520.0,4,24.0,10.3,12.8,2,2.14,2.95,4.65,3.53,3,No,52.8,53.5,4.76,4.97,4.73,4.71,No
E0107,IT,1,male,47,Diploma,3.5,41440.0,3,21.0,7.7,23.9,1,3.24,2.96,3.78,4.35,5,No,51.4,67.2,3.62,3.88,3.58,3.97,Yes
E0108,IT,1,male,30,Diploma,4.6,41600.0,3,30.0,4.7,1.9,1,4.48,3.48,4.15,,4,No,54.4,65.5,4.17,4.0,4.61,4.28,No
E0109,Finance,3,female,33,Diploma,12.0,56060.0,4,31.0,1.1,14.0,2,2.54,3.68,3.84,3.59,6,Yes,61.5,80.0,3.89,3.45,3.68,4.22,No
E0110,Operations,2,male,30,Diploma,5.7,36070.0,2,3.0,5.8,7.9,0,4.6,3.25,4.6,4.16,5,No,59.9,58.9,5.0,5.0,4.97,5.0,No
E0111,Operations,4,male,27,Master,6.0,55960.0,3,6.0,9.0,12.0,0,4.38,2.76,4.82,3.99,5,No,73.0,72.6,5.0,4.94,4.83,4.99,No
E0112,Finance,3,male,38,Master,4.7,62670.0,4,62.0,12.8,13.2,0,4.94,2.68,3.69,,4,No,49.6,59.5,3.71,3.64,4.05,3.68,No
E0113,Sales,2,male,32,Bachelor,8.5,38960.0,4,43.0,4.9,10.0,0,4.03,3.05,4.41,,0,No,74.2,89.5,4.26,3.8,4.66,4.46,No
E0114,Operations,2,male,28,Bachelor,0.4,43510.0,3,23.0,3.7,8.5,0,2.98,4.01,4.24,,5,Yes,44.1,56.2,4.18,4.6,4.6,4.14,Yes
E0115,IT,3,female,42,Master,7.9,70620.0,4,9.0,15.9,1.8,0,3.26,3.93,4.78,4.02,3,No,49.2,63.1,4.88,4.44,4.9,4.49,No
E0116,IT,1,female,30,Bachelor,4.1,47970.0,3,9.0,11.4,11.3,3,4.6,3.32,4.08,3.91,0,No,71.6,88.5,4.06,4.02,4.22,4.59,No
E0117,IT,1,male,42,Diploma,4.8,39250.0,3,22.0,5.9,2.7,2,3.2,3.01,3.72,2.87,4,No,42.0,44.9,3.65,4.16,3.32,3.62,No
E0118,Operations,2,male,63,Bachelor,0.3,47630.0,4,53.0,16.0,7.9,0,2.42,3.32,4.35,3.91,3,No,48.3,58.3,4.71,4.25,4.24,4.55,Yes
E0119,IT,2,female,26,Bachelor,3.2,42890.0,4,25.0,13.8,4.2,1,3.5,4.17,5.0,4.82,2,No,45.5,49.8,5.0,4.68,5.0,4.41,No
E0120,HR,3,female,43,Doctorate,10.4,59340.0,4,42.0,4.5,21.9,0,3.15,4.76,4.72,4.83,4,No,48.3,59.0,4.41,4.49,4.93,4.53,No
E0121,Sales,2,male,29,Master,5.6,47910.0,2,13.0,0.3,13.5,1,2.48,3.97,3.7,3.52,8,No,64.9,70.5,3.35,3.72,3.8,3.54,No
E0122,Operations,2,female,28,Diploma,7.0,36000.0,3,20.0,9.3,2.2,0,4.68,4.32,5.0,4.55,3,Yes,64.5,70.7,4.81,5.0,5.0,5.0,No
E0123,Sales,3,female,36,Bachelor,8.3,46980.0,4,30.0,2.2,20.3,2,5.0,3.69,4.36,3.94,1,No,42.5,48.8,4.33,4.31,4.86,4.75,No
E0124,Sales,3,male,42,Diploma,11.1,46010.0,4,29.0,7.2,14.1,0,3.27,3.85,4.89,5.0,4,No,59.0,66.3,4.55,4.66,4.47,5.0,No
E0125,Sales,2,male,44,Bachelor,10.9,42960.0,2,40.0,8.1,15.2,1,3.82,4.37,4.03,3.35,4,No,70.3,85.7,3.97,3.68,3.74,3.52,No
E0126,Finance,1,female,34,Bachelor,3.4,36570.0,3,12.0,12.4,12.1,2,2.94,3.04,3.35,3.94,9,No,46.0,52.9,3.55,3.36,3.26,2.98,No
E0127,IT,2,female,42,Diploma,11.0,48540.0,3,30.0,11.3,10.8,3,2.27,3.67,4.17,3.94,2,No,61.5,73.4,4.14,4.41,4.02,4.57,No
E0128,Sales,4,female,43,Master,13.4,69130.0,3,22.0,24.6,27.4,1,4.04,2.77,3.69,3.4,6,Yes,53.6,64.9,3.9,3.74,3.98,4.02,No
E0129,Finance,1,male,28,Bachelor,2.3,40930.0,5,33.0,10.4,4.8,0,4.37,2.65,4.13,3.51,6,No,56.3,75.1,4.2,4.27,3.64,3.98,No
E0130,Sales,1,male,26,Diploma,5.0,29580.0,3,54.0,15.4,35.7,0,4.31,3.73,5.0,4.02,10,No,66.1,71.2,4.93,4.53,4.88,4.19,Yes
E0131,Sales,3,male,36,Master,4.8,58730.0,4,34.0,27.1,30.3,1,2.05,3.52,3.31,3.67,4,Yes,50.6,65.9,3.66,3.31,3.16,3.25,Yes
E0132,Operations,2,male,38,Bachelor,4.3,47300.0,2,27.0,8.6,23.6,0,4.14,3.77,4.58,4.02,2,Yes,56.3,76.4,4.86,4.3,4.35,4.78,No
E0133,HR,1,male,26,Bachelor,5.0,33380.0,4,29.0,13.2,5.2,0,3.16,2.13,3.93,3.09,2,No,51.0,52.2,3.93,4.07,4.03,3.8,Yes
E0134,Sales,1,male,48,Diploma,1.6,31660.0,4,10.0,14.3,13.8,1,3.31,2.2,4.79,3.13,3,Yes,53.9,70.9,4.39,4.93,5.0,4.67,No
E0135,Finance,5,male,48,Master,25.1,124920.0,3,24.0,5.4,35.1,0,3.19,3.65,4.33,4.01,8,Yes,57.7,66.3,4.58,4.39,3.9,4.17,No
E0136,IT,2,male,62,Master,3.9,53910.0,4,16.0,8.0,9.7,1,2.85,3.74,4.82,3.98,4,Yes,64.4,67.5,4.25,4.88,4.77,4.53,No
E0137,Finance,2,male,26,Master,4.1,44670.0,4,19.0,3.1,14.8,1,2.24,3.32,3.43,2.83,3,No,61.2,82.9,3.33,3.94,3.64,3.19,No
E0138,Sales,2,female,37,Diploma,3.3,38770.0,5,15.0,12.9,14.9,1,3.49,2.85,4.51,4.21,2,No,82.1,89.8,4.67,4.36,4.31,5.0,No
E0139,Sales,1,female,35,Bachelor,2.9,30020.0,2,17.0,9.0,6.9,0,3.37,4.46,4.45,3.58,2,No,57.0,69.6,4.29,4.96,4.45,4.78,No
E0140,Operations,1,female,55,Diploma,3.3,27960.0,3,39.0,11.3,14.3,0,3.23,1.61,4.43,3.24,1,No,56.2,69.6,4.52,4.28,4.3,4.81,No
E0141,Operations,1,female,29,Bachelor,3.4,31670.0,3,20.0,5.7,18.4,0,3.22,4.74,4.46,4.27,7,No,68.2,65.2,4.36,4.28,4.89,4.76,No
E0142,Operations,2,male,25,Master,4.0,41410.0,3,37.0,15.5,26.2,0,3.38,4.02,4.95,4.38,2,No,44.6,49.8,4.96,5.0,5.0,5.0,No
E0143,Operations,2,female,42,Bachelor,2.5,52510.0,5,19.0,11.1,8.6,1,2.41,2.58,3.87,3.88,6,No,60.5,56.1,4.28,4.08,4.06,3.79,No
E0144,HR,3,male,26,Master,1.7,47500.0,4,14.0,23.4,35.7,0,3.79,3.04,4.01,3.81,3,No,49.4,47.5,4.37,4.59,3.94,4.3,No
E0145,Operations,2,female,28,Bachelor,4.4,34040.0,3,41.0,18.3,22.9,0,2.44,2.06,3.3,3.13,7,No,43.6,43.7,3.02,3.44,3.1,3.68,Yes
E0146,Operations,1,female,49,Bachelor,1.4,26370.0,4,9.0,4.7,8.4,0,4.87,3.0,4.41,3.57,2,No,59.1,70.7,4.23,4.51,4.97,5.0,No
E0147,Operations,2,female,38,Diploma,6.8,33810.0,3,18.0,21.9,8.4,0,5.0,2.32,4.98,4.27,3,Yes,78.5,91.0,4.83,4.85,5.0,4.96,No
E0148,HR,2,female,21,Bachelor,0.1,29940.0,3,30.0,1.6,0.5,2,3.25,3.6,4.08,2.46,3,No,76.4,74.9,4.56,4.22,4.55,4.3,No
E0149,Finance,2,male,29,Master,5.0,49940.0,4,21.0,3.7,26.8,0,3.0,3.99,4.12,2.95,5,Yes,67.8,73.9,3.74,4.07,3.99,4.39,No
E0150,Sales,2,female,23,Master,2.0,35040.0,2,26.0,3.7,8.4,1,1.68,5.0,3.48,3.66,6,No,78.4,94.1,3.42,3.11,3.57,3.35,No
E0151,Sales,2,male,40,Bachelor,6.8,48650.0,3,17.0,29.2,5.5,2,4.06,2.96,4.15,4.4,5,No,41.5,46.1,4.09,4.22,4.77,4.29,No
E0152,HR,2,female,42,Master,2.4,43610.0,3,24.0,19.8,3.1,2,3.04,3.07,3.22,2.67,8,No,68.4,79.8,3.17,3.21,3.18,3.63,Yes
E0153,Sales,2,male,22,Bachelor,1.0,30610.0,5,20.0,1.0,4.9,3,4.84,2.81,4.39,3.57,2,No,60.8,57.4,4.58,4.49,4.68,4.56,No
E0154,IT,1,male,39,Bachelor,3.5,43390.0,4,43.0,6.2,7.8,1,3.63,3.33,3.55,3.09,2,No,70.5,70.4,3.35,3.19,3.14,3.91,No
E0155,Operations,1,male,34,Bachelor,5.9,32550.0,3,38.0,9.8,8.4,0,2.43,3.59,4.59,4.13,2,No,68.4,70.1,4.46,4.61,4.35,4.86,No
E0156,Operations,2,male,42,Master,5.3,39410.0,3,39.0,11.4,8.6,1,2.29,3.02,4.13,3.65,5,No,53.5,55.7,3.89,4.37,4.55,3.55,Yes
E0157,Sales,1,male,44,Bachelor,5.2,34450.0,3,38.0,20.7,14.5,0,2.51,4.15,4.5,4.04,6,No,65.4,67.7,5.0,4.29,4.02,4.37,No
E0158,Operations,2,male,31,Master,2.0,42250.0,4,23.0,7.8,9.4,0,4.07,3.97,3.9,3.04,6,No,74.1,70.2,3.69,3.79,3.8,4.14,No
E0159,IT,4,female,32,Master,6.5,73550.0,5,9.0,3.6,9.8,3,4.68,2.91,4.28,4.07,9,No,76.1,71.3,4.38,4.45,4.71,4.26,No
E0160,Sales,4,female,32,Master,11.0,71090.0,3,6.0,2.8,21.4,0,3.11,3.29,3.95,3.96,7,No,42.2,42.1,3.97,3.94,4.08,4.15,No
E0161,Finance,2,male,39,Diploma,1.9,42390.0,4,21.0,3.9,14.5,3,4.05,3.47,4.84,3.96,4,No,81.1,83.5,4.88,5.0,4.79,5.0,No
E0162,Finance,2,female,31,Master,1.3,45320.0,3,23.0,12.9,7.7,1,,3.51,4.95,4.03,1,No,67.3,67.3,4.83,5.0,5.0,5.0,No
E0163,Operations,2,male,29,Diploma,1.9,34720.0,5,33.0,6.1,3.5,1,3.62,3.18,3.75,3.64,4,No,60.4,59.7,3.42,3.52,3.64,3.4,No
E0164,Operations,2,male,33,Master,4.0,41400.0,2,15.0,10.6,7.9,0,3.52,2.91,4.43,4.54,5,No,56.9,63.0,4.2,4.51,4.74,4.95,No
E0165,Sales,1,female,43,Diploma,2.9,35930.0,3,57.0,9.3,25.6,3,4.08,4.36,5.0,4.07,7,No,68.3,86.4,4.99,5.0,5.0,5.0,No
E0166,Operations,2,male,33,Master,4.0,38550.0,4,23.0,9.3,4.7,1,2.55,4.59,4.34,3.66,5,Yes,59.3,57.7,4.36,4.68,3.84,4.1,No
E0167,Sales,2,male,47,Bachelor,1.8,39930.0,3,29.0,19.2,10.7,2,5.0,3.73,4.4,4.21,3,No,56.4,60.1,4.56,4.49,4.14,4.8,No
E0168,IT,1,female,35,Bachelor,2.1,36050.0,3,26.0,12.1,4.0,0,3.74,3.77,4.94,3.83,5,No,50.8,54.0,5.0,4.83,4.83,5.0,No
E0169,Finance,1,female,38,Bachelor,1.0,37910.0,3,36.0,6.4,41.0,1,4.25,3.12,2.85,3.21,2,No,68.1,72.3,2.81,2.67,2.87,2.83,Yes
E0170,Operations,4,male,46,Diploma,15.3,63200.0,3,41.0,18.8,9.7,0,4.48,2.81,3.12,3.39,4,No,50.3,62.7,3.1,2.99,2.92,2.97,No
E0171,HR,2,female,38,Bachelor,6.6,36860.0,3,19.0,4.1,25.1,0,3.4,3.6,4.09,3.61,9,No,40.3,46.8,4.0,4.43,4.3,4.11,No
E0172,Finance,1,male,51,Bachelor,0.5,35070.0,3,32.0,0.6,6.9,3,4.04,3.42,4.79,4.37,5,Yes,47.7,53.6,4.81,5.0,4.76,4.78,No
E0173,Operations,1,male,49,Diploma,4.1,28970.0,3,22.0,4.7,30.3,0,3.87,3.09,4.22,3.59,4,No,65.2,67.8,4.24,4.62,3.91,3.86,No
E0174,Operations,1,male,26,Bachelor,3.6,29760.0,3,5.0,10.0,23.0,0,4.5,3.1,5.0,3.77,0,No,73.3,81.5,5.0,4.76,5.0,5.0,No
E0175,Operations,1,male,33,Diploma,4.3,29900.0,4,38.0,3.3,8.0,0,3.12,3.27,4.8,3.53,0,No,58.4,59.8,4.82,4.81,4.86,4.86,No
E0176,Finance,2,female,44,Bachelor,0.5,39700.0,2,22.0,3.0,31.1,2,1.86,4.15,4.24,4.14,3,No,58.8,59.4,4.08,4.43,4.1,4.73,No
E0177,Finance,2,male,34,Doctorate,4.8,49580.0,4,17.0,3.1,10.1,1,3.8,3.77,4.13,3.71,5,No,68.0,82.5,4.32,4.0,3.9,4.38,No
E0178,HR,2,female,25,Bachelor,4.0,45010.0,4,13.0,7.4,26.8,3,1.21,4.23,3.13,2.75,5,Yes,69.7,87.4,3.03,3.29,3.43,3.68,Yes
E0179,Finance,3,male,27,Bachelor,6.0,63880.0,3,46.0,20.5,8.5,1,3.31,3.3,3.96,4.27,6,No,62.6,60.9,4.18,3.8,3.57,4.38,No
E0180,Sales,1,female,30,Bachelor,2.4,34500.0,4,11.0,22.3,6.6,0,4.38,2.5,4.51,4.12,3,No,48.4,58.5,4.73,5.0,4.21,4.21,Yes
E0181,Operations,3,female,27,Diploma,6.0,42490.0,4,15.0,16.4,5.0,0,4.73,4.29,5.0,4.14,3,No,87.3,85.5,5.0,5.0,5.0,4.77,No
E0182,Sales,1,female,26,Bachelor,5.0,32930.0,4,17.0,16.3,5.5,2,4.45,3.04,5.0,4.04,4,No,69.1,76.5,4.74,4.85,5.0,5.0,No
E0183,Sales,2,female,37,Bachelor,1.9,32980.0,4,33.0,1.2,11.7,2,3.62,3.43,3.9,3.9,6,No,59.5,65.8,4.0,3.84,3.77,4.05,No
E0184,IT,2,female,54,Bachelor,5.9,43330.0,3,10.0,3.8,10.6,0,4.56,3.69,4.3,4.36,5,No,45.4,47.2,4.09,4.58,4.34,4.71,No
E0185,Operations,3,female,36,Master,2.9,40100.0,4,22.0,7.9,5.9,1,4.12,4.6,5.0,4.38,2,No,61.4,70.1,5.0,4.57,4.73,4.96,No
E0186,Operations,1,male,21,Diploma,0.1,31050.0,2,35.0,6.2,3.6,1,2.98,3.72,3.77,3.95,3,No,56.3,51.9,3.95,3.68,3.78,4.3,No
E0187,Operations,2,female,46,Master,0.8,44600.0,2,42.0,10.9,4.9,0,2.51,4.06,3.91,3.38,3,No,74.5,84.5,3.96,4.01,4.3,4.19,No
E0188,Finance,2,male,47,Bachelor,2.9,40700.0,3,19.0,4.3,17.8,3,2.57,3.71,4.36,4.04,2,No,67.5,82.2,4.29,4.55,4.34,5.0,No
E0189,Finance,3,male,27,Master,6.0,61400.0,5,30.0,16.8,10.6,1,1.11,3.28,3.34,2.96,2,No,60.5,72.3,3.25,3.28,3.83,3.13,No
E0190,IT,5,male,45,Doctorate,15.8,125020.0,2,7.0,2.5,17.2,3,3.2,3.82,4.16,4.38,4,No,67.4,72.9,3.84,3.99,3.99,4.17,No
E0191,HR,2,male,40,Master,5.5,46860.0,2,27.0,4.7,6.5,1,3.58,3.68,4.84,3.59,5,No,46.6,56.2,4.49,4.9,4.9,5.0,No
E0192,HR,5,male,34,Master,12.4,101150.0,3,7.0,24.7,13.2,3,5.0,2.58,4.27,4.87,4,No,57.5,73.0,4.11,4.24,3.97,4.62,No
E0193,IT,3,female,48,Bachelor,6.6,61920.0,4,11.0,6.8,1.5,1,2.98,3.71,4.41,3.47,5,No,46.5,48.2,4.35,4.58,4.78,4.9,No
E0194,HR,2,female,38,Bachelor,7.3,38600.0,4,24.0,11.1,12.9,1,3.6,3.12,4.03,,2,No,68.5,68.4,3.53,4.16,4.37,4.46,No
E0195,Operations,2,male,55,Master,5.2,47940.0,3,40.0,10.9,14.4,0,3.89,2.66,4.77,3.4,8,No,55.3,59.2,4.4,5.0,4.83,5.0,No
E0196,IT,3,male,37,Bachelor,8.1,61880.0,4,12.0,5.6,7.3,2,3.12,3.5,4.79,4.05,1,No,46.8,45.9,5.0,4.85,4.82,5.0,No
E0197,Operations,3,male,35,Master,10.3,52440.0,5,18.0,32.0,16.3,0,2.75,3.35,4.23,3.7,3,No,68.0,71.6,4.43,4.25,4.23,4.64,No
E0198,Finance,1,male,32,Bachelor,2.6,37880.0,2,33.0,6.4,12.7,2,5.0,3.23,4.09,3.58,2,No,61.2,66.3,4.1,4.02,3.17,3.83,No
E0199,IT,1,male,52,Bachelor,3.0,41610.0,3,13.0,3.7,,1,2.96,3.99,3.69,3.6,4,No,61.8,63.5,3.97,3.22,4.07,3.18,No
E0200,Sales,2,male,25,Doctorate,4.0,44780.0,3,12.0,7.7,5.3,3,,3.19,4.52,3.98,2,No,72.7,79.9,4.26,4.48,4.28,4.84,No
E0201,HR,2,female,38,Diploma,3.1,37990.0,2,30.0,5.0,24.3,2,3.32,3.94,3.84,3.46,2,Yes,44.6,50.1,3.97,4.42,4.15,3.22,Yes
E0202,Sales,2,female,47,Bachelor,5.8,38800.0,3,20.0,9.7,42.1,0,4.41,2.79,5.0,4.51,3,No,64.4,61.5,5.0,5.0,5.0,5.0,No
E0203,Operations,3,male,62,Diploma,10.7,58050.0,4,33.0,5.1,20.9,1,3.2,4.03,5.0,4.09,5,No,66.3,81.0,4.76,4.9,5.0,5.0,No
E0204,Operations,2,female,34,Diploma,9.9,43210.0,5,19.0,38.8,10.5,0,4.42,3.13,3.96,3.69,2,No,68.8,76.8,3.91,3.55,3.85,3.77,Yes
E0205,HR,1,female,28,Diploma,1.9,27240.0,2,17.0,16.1,23.8,2,3.54,3.79,4.4,3.67,1,No,45.6,64.5,4.21,4.58,4.3,4.5,No
E0206,Sales,3,male,45,Doctorate,4.3,73960.0,3,59.0,3.2,32.6,1,3.98,3.98,4.66,5.0,5,No,71.1,70.0,4.72,4.51,4.75,4.73,No
E0207,Operations,3,male,28,Doctorate,4.4,55950.0,2,5.0,10.0,14.6,0,3.38,3.12,4.66,4.86,2,No,62.7,69.7,4.57,4.71,4.49,4.76,No
E0208,IT,2,male,43,Bachelor,4.9,53490.0,2,14.0,6.9,24.6,0,2.86,3.35,4.3,3.48,4,No,69.1,57.7,4.39,4.24,4.29,4.29,No
E0209,Operations,2,female,35,Doctorate,5.2,39000.0,1,4.0,3.8,15.4,0,4.11,3.21,4.98,4.04,2,No,58.0,59.3,5.0,4.77,4.86,4.68,No
E0210,Finance,2,male,40,Bachelor,9.9,47820.0,3,18.0,6.9,3.4,2,3.42,3.6,3.81,3.2,2,No,75.7,87.4,3.92,3.32,4.19,4.4,No
E0211,Operations,1,female,43,Bachelor,1.5,30520.0,4,10.0,8.4,,1,3.82,3.9,4.19,3.28,3,No,27.1,23.6,4.24,4.28,4.65,4.11,No
E0212,HR,2,male,21,Bachelor,0.1,40670.0,3,37.0,4.8,3.0,0,4.84,1.87,4.42,4.01,1,No,51.4,47.1,4.2,4.49,4.77,4.5,No
E0213,Sales,4,male,38,Bachelor,14.4,97100.0,4,12.0,1.3,17.0,0,1.87,5.0,4.58,4.33,3,No,60.2,65.8,4.67,5.0,4.7,4.55,No
E0214,Operations,2,male,43,Diploma,10.2,35110.0,3,12.0,5.2,25.6,0,2.51,3.4,2.45,3.82,3,No,61.5,69.9,2.38,2.43,2.52,2.69,No
E0215,Finance,3,male,34,Master,2.5,61470.0,4,17.0,1.9,18.9,2,1.28,3.94,3.32,3.4,4,No,75.1,68.5,3.61,3.47,3.4,3.17,No
E0216,Sales,1,male,28,Diploma,3.8,36610.0,3,18.0,3.6,17.5,1,4.73,4.25,3.81,4.31,7,No,69.2,75.6,3.89,3.26,3.45,4.26,No
E0217,Finance,4,male,45,Bachelor,23.9,94870.0,4,42.0,3.9,5.6,1,3.08,3.26,5.0,4.79,3,No,37.7,40.5,4.95,4.82,5.0,4.94,No
E0218,Finance,3,male,28,Bachelor,7.0,69860.0,2,45.0,1.4,18.8,2,3.0,4.47,4.94,4.18,0,No,52.0,63.5,4.85,5.0,4.96,4.86,No
E0219,IT,3,male,41,Diploma,12.7,73130.0,4,11.0,3.7,22.0,0,,2.34,4.61,4.17,4,Yes,59.4,73.6,4.4,4.36,5.0,4.8,No
E0220,Sales,1,male,32,Diploma,1.8,38550.0,3,5.0,11.8,5.1,2,3.6,3.23,4.41,3.12,0,No,58.5,57.8,4.74,4.57,4.29,4.86,No
E0221,Sales,3,female,40,Bachelor,8.7,49060.0,2,14.0,3.2,1.1,0,3.14,2.5,3.62,3.22,4,No,50.4,57.0,3.81,3.56,3.91,3.79,Yes
E0222,Operations,1,male,27,Diploma,4.2,31970.0,3,20.0,7.0,4.7,1,4.35,3.49,4.12,3.0,1,No,67.1,63.6,4.11,4.16,3.71,3.87,No
E0223,Sales,1,female,33,Bachelor,3.6,28160.0,4,46.0,7.9,3.2,2,1.98,3.9,3.65,2.79,7,No,51.8,72.4,3.38,3.3,4.09,3.46,No
E0224,IT,4,male,43,Master,12.3,72440.0,4,35.0,8.6,18.6,1,2.49,4.06,3.41,3.32,5,No,54.3,58.0,3.68,3.43,3.09,3.79,No
E0225,IT,1,male,21,Bachelor,0.1,32970.0,3,14.0,4.3,2.7,0,2.08,2.48,2.39,2.57,3,No,36.6,35.5,2.39,2.61,2.46,2.27,No
E0226,Sales,4,male,39,Bachelor,17.1,64170.0,4,21.0,14.3,35.6,1,3.04,3.28,4.14,3.35,6,No,56.8,62.8,3.72,4.23,4.24,4.38,No
E0227,HR,3,female,47,Master,9.3,57340.0,3,44.0,5.5,6.8,0,4.94,4.54,5.0,,0,No,54.7,53.3,5.0,5.0,5.0,4.79,No
E0228,Finance,3,male,34,Bachelor,6.4,55470.0,4,24.0,27.3,1.2,1,2.78,1.89,4.45,3.32,1,No,37.0,43.0,3.75,4.59,4.43,5.0,No
E0229,Operations,1,male,48,Bachelor,1.2,27760.0,4,26.0,8.9,9.7,1,2.28,3.92,3.12,2.71,2,No,58.7,62.9,2.9,3.31,3.0,2.94,No
E0230,IT,3,male,39,Bachelor,8.7,55730.0,4,22.0,7.7,5.3,2,,3.06,4.98,4.17,5,No,65.4,68.1,4.9,5.0,5.0,4.91,No
E0231,Operations,2,male,45,Diploma,6.2,34180.0,4,21.0,3.2,19.9,0,3.68,3.13,4.64,3.48,2,No,79.7,84.1,4.33,4.56,3.85,4.26,No
E0232,IT,1,male,35,Bachelor,2.7,38140.0,3,23.0,14.8,8.8,1,,3.16,3.8,3.34,5,No,54.2,52.0,3.85,3.72,3.48,3.73,No
E0233,Operations,1,male,51,Bachelor,4.5,28130.0,3,14.0,12.8,19.5,0,4.56,2.7,4.38,4.25,6,No,59.2,53.1,4.6,4.37,4.17,4.3,No
E0234,IT,1,male,32,Diploma,4.0,40810.0,4,19.0,17.9,18.9,1,3.58,3.77,4.18,,3,No,66.1,73.1,4.1,4.3,4.15,4.35,No
E0235,Sales,2,female,27,Master,5.7,38770.0,4,52.0,8.0,15.4,1,2.25,4.07,4.25,3.68,4,No,68.9,68.9,4.5,4.28,4.28,4.36,No
E0236,HR,2,female,33,Diploma,10.0,38880.0,3,21.0,7.0,6.8,1,3.4,4.27,3.8,3.18,3,No,57.9,55.5,3.91,3.61,3.88,4.39,No
E0237,Finance,2,female,32,Bachelor,8.9,48020.0,3,34.0,3.0,2.8,1,5.0,4.44,3.93,,4,No,67.7,65.6,3.81,4.27,4.13,3.26,Yes
E0238,Finance,2,male,29,Diploma,3.0,43810.0,3,25.0,8.5,15.8,1,2.75,3.77,4.61,3.87,3,No,63.8,74.9,4.85,4.77,4.77,4.29,No
E0239,Operations,3,male,39,Diploma,15.2,49680.0,5,15.0,12.9,3.5,0,4.56,2.55,5.0,4.71,2,Yes,69.5,68.6,4.69,5.0,4.84,5.0,No
E0240,Operations,3,male,35,Master,8.6,60490.0,3,40.0,9.1,12.0,0,3.68,3.97,4.69,4.63,0,No,77.4,97.9,4.76,4.32,4.34,4.51,No
E0241,Finance,3,female,48,Diploma,14.6,51400.0,3,15.0,3.9,5.3,0,3.17,4.15,4.28,2.75,1,No,61.1,67.2,4.2,4.36,4.82,3.83,No
E0242,Sales,3,male,38,Master,8.0,56460.0,4,18.0,18.5,14.8,1,3.12,4.11,4.32,3.76,5,No,42.8,42.6,4.29,4.43,4.23,4.4,No
E0243,Operations,3,female,38,Master,8.9,51960.0,4,4.0,7.4,6.9,0,1.1,3.5,3.49,3.05,4,No,56.9,60.6,3.04,3.7,3.62,3.77,No
E0244,Sales,2,female,34,Diploma,11.6,44250.0,3,37.0,7.0,11.4,1,3.96,2.52,4.29,3.02,4,No,60.2,67.8,4.94,4.32,4.49,3.53,No
E0245,Finance,2,female,34,Master,5.7,50980.0,3,23.0,14.9,21.6,2,4.04,2.99,4.46,3.71,6,No,61.6,73.8,4.33,4.97,4.53,4.4,No
E0246,IT,1,female,22,Bachelor,1.0,37080.0,2,28.0,18.4,23.6,0,2.57,2.76,4.2,3.45,7,No,66.7,61.7,4.32,4.37,3.94,4.59,No
E0247,Sales,1,male,21,Diploma,0.1,31860.0,3,22.0,12.3,6.0,2,2.59,3.37,3.92,3.48,5,No,72.5,69.3,3.73,3.93,4.05,3.95,No
E0248,IT,2,female,30,Master,4.8,52450.0,4,19.0,3.9,25.7,0,3.87,4.15,4.71,3.84,6,No,73.0,78.7,4.46,4.77,4.2,4.86,No
E0249,Finance,2,male,24,Bachelor,3.0,42060.0,5,11.0,13.2,22.6,0,4.01,5.0,5.0,4.08,3,Yes,79.0,83.6,4.87,5.0,4.82,5.0,No
E0250,Operations,1,female,26,Diploma,5.0,26250.0,2,13.0,4.4,,0,2.26,3.76,3.08,2.59,7,No,48.8,63.1,2.71,3.12,2.83,3.05,No
E0251,Operations,4,male,33,Bachelor,12.0,75980.0,3,17.0,11.1,6.3,0,3.17,2.99,3.58,3.64,1,No,64.0,70.5,2.97,3.43,3.73,3.31,No
E0252,Operations,1,female,36,Bachelor,3.6,27450.0,3,10.0,7.3,21.4,0,2.11,3.26,2.8,2.5,3,No,54.9,52.7,2.46,2.79,2.64,2.86,Yes
E0253,Finance,1,male,32,Bachelor,3.9,34130.0,2,43.0,5.3,9.3,1,3.86,4.55,3.21,2.47,3,No,52.8,65.9,2.87,3.26,3.5,3.01,No
E0254,Finance,2,male,38,Bachelor,11.3,44160.0,3,9.0,11.1,12.9,3,1.97,3.77,4.2,3.69,5,No,56.9,63.5,4.51,5.0,4.37,3.96,No
E0255,Finance,1,male,50,Bachelor,2.2,45250.0,3,33.0,5.4,4.5,3,3.9,4.3,4.05,3.36,6,No,52.7,74.0,3.79,4.33,4.03,4.16,No
E0256,Operations,4,female,44,Diploma,18.2,61600.0,3,51.0,4.1,7.9,0,4.06,3.6,4.86,4.87,6,No,62.9,68.5,4.32,4.7,5.0,4.84,No
E0257,IT,1,male,41,Diploma,3.5,43970.0,3,28.0,4.3,2.8,2,2.3,3.06,4.74,4.21,6,No,59.8,61.2,4.89,4.54,5.0,4.66,No
E0258,Operations,1,female,40,Bachelor,1.0,25570.0,3,35.0,21.7,18.5,0,5.0,3.74,4.44,3.51,2,No,35.2,46.4,4.49,4.71,4.71,4.64,No
E0259,Sales,1,male,31,Diploma,2.5,29080.0,3,18.0,13.2,14.2,2,1.72,5.0,3.43,3.12,5,No,55.4,65.1,3.52,3.82,3.69,3.22,No
E0260,Finance,2,female,27,Bachelor,1.4,39920.0,3,40.0,2.3,20.8,0,3.12,4.15,4.31,3.21,6,No,59.1,73.9,4.57,4.4,5.0,4.48,No
E0261,Finance,3,male,50,Diploma,10.6,66100.0,4,10.0,3.5,13.3,0,3.58,4.34,4.85,4.38,1,No,65.9,75.8,5.0,4.73,4.77,5.0,No
E0262,Operations,3,female,48,Bachelor,6.4,53190.0,2,28.0,12.0,10.7,0,2.98,3.96,4.0,4.14,3,No,46.8,51.0,3.99,4.29,4.45,4.26,No
E0263,Operations,3,female,32,Bachelor,11.0,53530.0,4,19.0,13.9,14.8,0,4.24,3.71,4.94,4.1,4,Yes,57.3,66.9,4.93,4.73,5.0,5.0,No
E0264,Sales,2,male,39,Bachelor,11.1,40690.0,3,11.0,19.3,7.7,0,2.44,3.7,3.43,4.35,4,No,77.1,76.7,3.74,3.28,3.82,3.85,No
E0265,Operations,4,female,33,Master,7.5,61670.0,4,54.0,11.3,7.0,0,2.23,3.44,3.84,3.82,2,No,55.4,81.2,4.17,3.73,4.03,3.61,No
E0266,Sales,3,male,39,Bachelor,9.4,49170.0,4,57.0,3.2,,3,3.23,4.3,4.49,3.38,4,Yes,69.6,71.9,4.51,4.46,4.43,4.67,No
E0267,Sales,1,male,43,Diploma,1.5,29220.0,5,14.0,6.9,12.4,0,3.04,3.88,3.96,3.76,6,No,56.0,58.3,3.92,3.97,3.75,4.05,No
E0268,IT,2,male,28,Diploma,7.0,54850.0,4,46.0,2.2,15.3,0,3.65,3.26,4.49,4.3,5,No,55.9,66.1,4.57,4.96,4.44,4.51,No
E0269,Sales,2,male,47,Diploma,2.8,41440.0,3,20.0,4.2,5.7,1,2.88,3.06,3.65,3.93,6,No,69.1,78.0,3.62,3.97,3.48,3.68,No
E0270,HR,3,male,26,Master,5.0,56540.0,2,37.0,5.0,4.5,1,4.0,2.8,3.79,3.55,2,No,55.0,68.5,3.7,4.29,3.62,3.82,Yes
E0271,HR,2,male,31,Bachelor,9.5,43350.0,3,10.0,1.1,10.9,0,2.42,3.78,4.2,2.89,4,No,52.6,50.0,4.8,4.32,4.49,4.01,No
E0272,Sales,1,female,35,Bachelor,1.6,29570.0,4,21.0,7.5,22.8,1,2.67,5.0,5.0,4.3,3,No,52.3,68.3,4.98,4.75,4.72,4.56,No
E0273,IT,1,female,41,Bachelor,5.3,34330.0,4,33.0,7.1,26.0,0,4.8,2.5,4.49,3.78,1,Yes,60.2,51.9,4.65,4.68,4.71,4.65,No
E0274,Operations,2,female,37,Bachelor,7.7,40220.0,3,20.0,19.9,14.9,0,2.95,3.0,4.05,3.92,4,No,56.2,56.6,3.54,4.86,4.29,4.27,No
E0275,IT,2,male,39,Bachelor,7.1,65520.0,3,38.0,7.4,34.2,1,3.09,2.69,4.09,4.9,4,No,54.7,54.7,3.74,3.86,3.96,3.92,No
E0276,Operations,1,male,24,Bachelor,3.0,22810.0,5,21.0,3.9,23.3,0,5.0,3.33,4.93,4.2,4,No,43.1,48.8,4.6,5.0,5.0,5.0,No
E0277,Sales,2,female,40,Bachelor,1.0,40150.0,3,14.0,10.5,22.2,0,3.51,4.23,4.27,4.46,3,No,73.8,72.8,4.22,4.66,4.34,4.61,No
E0278,IT,2,female,48,Diploma,8.4,39820.0,3,8.0,5.8,14.3,1,4.06,3.74,4.45,4.27,4,No,67.9,68.7,4.41,4.7,4.36,4.23,Yes
E0279,Sales,2,female,48,Bachelor,5.1,38240.0,4,41.0,5.2,1.6,1,1.42,5.0,3.62,2.67,4,No,53.1,60.8,3.74,4.08,3.79,3.21,No
E0280,Sales,2,female,35,Master,1.7,33680.0,3,39.0,1.6,15.5,0,3.11,3.45,3.41,,2,Yes,48.6,57.0,3.17,3.03,3.11,3.42,No
E0281,Finance,3,female,37,Bachelor,16.0,62360.0,3,51.0,5.3,19.2,0,3.32,3.62,3.03,3.88,2,No,51.1,51.0,2.87,3.32,3.15,3.35,Yes
E0282,HR,3,female,36,Diploma,7.7,45870.0,3,37.0,8.1,21.1,1,3.03,3.55,4.86,3.82,3,No,67.1,83.3,4.66,4.97,4.62,4.94,No
E0283,Sales,1,female,33,Bachelor,5.2,35160.0,5,17.0,22.5,13.3,1,4.14,2.76,3.92,2.5,3,No,57.9,69.2,3.82,4.23,3.61,4.1,Yes
E0284,Sales,1,male,35,Bachelor,5.7,44600.0,3,44.0,9.7,10.3,0,3.6,2.96,3.73,3.46,4,Yes,68.0,80.9,3.97,4.02,3.61,3.86,No
E0285,Finance,2,male,31,Master,0.5,41060.0,3,18.0,2.0,10.6,0,3.49,3.76,4.66,4.31,6,No,62.6,67.8,4.8,4.65,5.0,4.93,No
E0286,Finance,4,male,36,Master,15.0,77330.0,2,17.0,10.5,30.8,0,2.53,3.2,4.03,3.48,4,No,63.6,78.3,3.93,3.68,3.84,4.0,No
E0287,IT,3,male,33,Diploma,10.2,67720.0,4,14.0,13.4,14.2,0,4.17,2.06,4.34,4.71,6,No,65.6,79.5,4.43,4.43,4.53,4.2,No
E0288,Operations,1,male,39,Diploma,3.1,28980.0,3,21.0,7.5,,1,3.97,3.01,3.74,3.37,7,No,45.6,57.7,3.69,3.81,3.53,3.74,No
E0289,IT,1,female,40,Bachelor,4.7,44170.0,3,36.0,5.9,8.2,0,4.8,2.62,4.81,3.25,5,Yes,74.5,74.5,4.27,4.63,5.0,4.42,No
E0290,Operations,2,female,34,Bachelor,3.3,33100.0,2,36.0,5.3,7.6,0,3.68,2.64,4.98,3.64,4,No,68.9,79.7,4.91,5.0,4.99,5.0,No
E0291,Finance,1,male,50,Bachelor,0.3,34160.0,4,33.0,10.4,10.4,1,4.56,3.15,5.0,3.96,6,No,34.8,33.3,4.95,5.0,5.0,5.0,No
E0292,Sales,2,male,44,Bachelor,7.2,42500.0,3,39.0,7.4,22.8,3,2.49,4.85,3.52,3.03,4,No,48.4,50.6,3.37,3.75,3.21,3.05,No
E0293,Operations,1,male,23,Bachelor,2.0,36050.0,4,28.0,3.5,45.2,0,2.82,3.29,3.94,3.18,4,No,62.1,59.2,4.42,4.18,3.9,4.04,No
E0294,Operations,2,male,40,Diploma,1.6,36320.0,4,4.0,13.3,23.7,1,2.83,3.52,4.68,4.24,2,No,55.2,67.8,4.25,4.36,4.98,4.87,No
E0295,Operations,1,male,21,Bachelor,0.1,38060.0,3,25.0,10.8,22.5,0,3.19,2.75,3.09,1.32,7,No,80.9,87.5,2.88,3.41,3.62,2.98,No
E0296,Sales,3,female,31,Master,0.3,49340.0,4,30.0,23.4,3.9,1,,3.1,2.98,2.86,5,Yes,57.9,52.7,2.62,3.27,3.27,3.04,Yes
E0297,IT,2,male,42,Bachelor,7.4,53320.0,4,33.0,8.2,23.8,1,,3.98,4.72,3.58,2,No,48.3,58.4,5.0,4.99,5.0,5.0,No
E0298,Operations,3,male,33,Diploma,10.6,53920.0,4,17.0,19.9,4.9,0,2.28,3.45,3.6,3.78,3,No,49.7,45.3,4.06,3.49,3.95,3.68,Yes
E0299,Operations,2,male,43,Diploma,7.8,45250.0,4,9.0,14.1,17.7,0,4.31,2.99,5.0,4.1,3,No,59.6,63.3,4.64,4.99,4.95,4.86,Yes
E0300,Finance,2,female,42,Doctorate,1.1,45760.0,5,21.0,7.8,1.3,1,2.85,1.76,2.65,2.74,3,No,48.5,62.4,2.84,2.71,2.68,3.62,No
E0301,Operations,1,male,54,Diploma,4.4,28680.0,3,18.0,12.1,11.0,0,3.83,3.2,4.39,4.88,4,No,64.5,67.5,4.28,4.65,4.51,4.1,No
E0302,Sales,1,male,27,Bachelor,2.8,34940.0,3,15.0,3.7,23.9,1,3.15,4.21,4.67,3.59,1,No,64.8,65.0,4.5,4.53,4.79,4.55,No
E0303,Sales,2,male,32,Master,4.9,46670.0,4,38.0,4.4,35.6,0,4.13,2.71,4.66,4.06,2,No,63.8,70.5,4.71,4.54,4.4,4.85,No
E0304,Sales,1,male,46,Bachelor,5.0,34460.0,3,27.0,8.9,6.9,1,4.48,3.23,4.82,4.47,3,No,66.0,78.1,4.64,5.0,5.0,4.78,Yes
E0305,Sales,1,male,38,Bachelor,3.8,28090.0,4,30.0,7.1,14.6,0,3.78,3.7,4.58,2.93,2,No,71.5,80.5,4.54,4.35,4.33,4.39,No
E0306,Operations,2,male,39,Bachelor,7.4,45860.0,4,16.0,10.1,9.8,0,3.87,4.06,4.6,3.84,8,No,43.4,45.6,4.47,4.59,5.0,4.66,No
E0307,Finance,1,male,42,Bachelor,3.8,44020.0,3,13.0,6.6,8.2,2,3.71,4.45,4.49,3.79,5,No,68.5,75.9,4.64,5.0,4.63,4.49,No
E0308,HR,5,female,50,Diploma,24.6,102110.0,3,53.0,23.3,18.6,0,4.64,2.77,4.0,4.29,3,No,45.6,52.4,4.27,4.71,4.03,4.27,No
E0309,IT,4,female,35,Master,14.0,93900.0,5,33.0,5.6,17.7,1,2.29,4.68,5.0,4.46,4,No,45.3,47.7,5.0,4.78,4.56,4.64,No
E0310,Operations,2,male,35,Master,3.2,42310.0,4,22.0,8.3,21.0,0,4.21,4.35,4.19,,4,No,45.4,50.2,4.44,4.45,4.44,4.02,No
E0311,HR,1,male,50,Bachelor,5.5,31040.0,2,39.0,6.2,7.7,3,3.62,4.51,4.51,,2,No,53.8,55.8,4.11,4.74,4.86,4.59,No
E0312,HR,3,female,45,Doctorate,11.6,57300.0,3,19.0,17.4,4.6,0,2.79,3.61,3.53,3.27,4,No,58.0,58.1,3.75,3.62,3.7,3.9,No
E0313,Operations,5,female,34,Master,13.0,84000.0,4,19.0,4.5,14.1,0,3.32,3.23,3.76,3.32,1,No,67.5,65.9,3.91,3.79,3.75,4.32,No
E0314,Sales,1,male,30,Bachelor,4.7,34980.0,4,32.0,5.8,6.9,1,3.06,3.43,3.1,3.13,5,No,46.8,54.8,3.24,2.95,3.17,3.17,No
E0315,IT,4,male,41,Diploma,18.0,96280.0,3,10.0,4.2,7.6,1,2.17,4.56,4.65,5.0,3,No,54.6,58.4,4.89,4.51,5.0,4.48,No
E0316,Operations,2,female,40,Bachelor,6.1,46580.0,2,21.0,17.1,5.1,0,3.52,2.74,4.13,3.81,5,No,66.4,72.7,4.33,4.34,3.97,4.73,No
E0317,IT,2,male,22,Master,1.0,50590.0,3,14.0,5.2,9.3,0,3.84,2.76,3.82,3.9,2,No,62.5,67.3,4.01,3.98,3.84,4.12,No
E0318,Operations,1,female,33,Bachelor,2.8,29750.0,2,22.0,6.3,4.8,0,2.88,3.01,2.93,3.36,4,No,67.6,76.2,3.06,3.21,3.28,2.88,No
E0319,Sales,2,female,56,Master,4.2,47510.0,4,7.0,9.6,26.7,2,3.21,2.22,3.15,3.73,5,No,30.8,38.9,2.96,2.94,3.49,3.46,No
E0320,IT,3,male,26,Doctorate,0.8,59020.0,2,24.0,24.3,38.0,2,3.88,2.67,3.87,3.61,3,No,50.1,48.5,4.3,3.64,4.63,4.27,No
E0321,Operations,1,male,40,Diploma,3.2,30530.0,4,10.0,12.2,8.5,0,4.19,4.91,5.0,4.46,4,No,44.5,49.6,5.0,4.59,4.8,5.0,No
E0322,HR,3,male,30,Bachelor,6.7,48340.0,4,28.0,9.5,5.0,0,4.34,1.96,4.01,2.85,5,No,61.1,59.3,4.13,3.92,4.37,4.42,No
E0323,Sales,1,female,56,Bachelor,5.2,27380.0,3,22.0,8.4,9.5,1,4.63,4.11,4.97,4.65,2,No,42.6,56.6,4.73,5.0,5.0,4.79,No
E0324,HR,2,female,29,Bachelor,2.2,42870.0,2,28.0,8.0,15.5,0,1.82,2.2,3.7,3.04,4,No,52.0,76.7,3.48,3.5,3.72,3.87,No
E0325,Operations,2,female,31,Bachelor,7.1,44280.0,4,9.0,6.0,,0,3.1,3.32,3.57,3.73,3,No,68.5,68.9,3.84,3.92,3.55,3.62,Yes
E0326,HR,1,male,43,Diploma,2.2,29140.0,4,17.0,23.0,10.0,2,2.97,4.08,4.11,4.16,2,Yes,71.5,81.8,3.7,3.99,4.58,4.17,No
E0327,HR,1,male,28,Diploma,3.8,34180.0,3,21.0,3.2,13.1,1,3.24,4.6,4.03,4.25,5,No,44.9,50.2,4.2,4.11,4.17,3.75,No
E0328,Operations,2,female,42,Bachelor,1.9,39740.0,4,11.0,10.4,,1,2.92,2.46,3.7,3.84,6,Yes,61.0,79.6,4.12,4.03,4.09,3.47,No
E0329,HR,2,male,54,Master,1.9,43110.0,2,29.0,2.6,17.3,0,1.71,3.62,3.81,4.16,8,No,61.8,73.7,4.05,3.7,3.19,3.93,No
E0330,HR,2,female,33,Bachelor,5.1,54530.0,4,23.0,4.3,17.3,1,1.8,4.16,4.72,,5,No,66.3,70.1,4.93,4.98,4.8,4.88,No
E0331,Sales,2,male,27,Bachelor,6.0,38510.0,4,7.0,7.8,7.5,1,2.38,2.07,3.78,3.62,2,No,53.7,52.3,3.69,3.86,3.56,3.78,No
E0332,Sales,1,female,28,Bachelor,3.6,30780.0,4,14.0,5.5,11.7,2,3.98,4.31,4.93,4.45,3,No,58.7,75.7,5.0,5.0,5.0,5.0,No
E0333,Operations,2,male,26,Bachelor,5.0,35370.0,2,23.0,3.8,19.5,1,3.14,2.66,4.09,4.77,1,No,49.4,45.4,4.41,4.32,4.04,4.82,Yes
E0334,Sales,3,female,40,Master,2.6,45550.0,3,16.0,16.8,,1,3.54,3.66,3.58,3.18,5,No,66.3,71.9,3.46,3.9,3.54,3.33,No
E0335,Finance,2,male,44,Bachelor,2.9,36090.0,4,12.0,4.1,32.7,2,3.81,3.53,4.73,4.4,5,No,34.7,35.7,4.64,4.82,4.44,5.0,No
E0336,IT,1,male,26,Bachelor,5.0,54630.0,3,24.0,3.7,21.3,2,3.34,2.44,4.7,3.1,4,No,38.4,37.9,5.0,4.71,4.45,5.0,No
E0337,IT,2,female,34,Master,2.5,40990.0,3,29.0,5.7,16.7,3,3.92,4.49,5.0,,5,No,41.2,48.6,5.0,4.89,5.0,5.0,No
E0338,HR,2,female,21,Master,0.1,37160.0,4,13.0,4.3,20.2,0,2.76,3.89,4.68,4.38,4,No,56.8,73.2,4.92,5.0,4.82,4.54,No
E0339,Sales,1,female,44,Bachelor,3.6,31800.0,3,32.0,3.2,10.6,1,3.26,3.75,5.0,3.78,3,No,58.1,69.6,4.7,5.0,4.83,4.94,No
E0340,Sales,2,male,56,Bachelor,9.0,46460.0,3,51.0,3.7,,2,3.02,2.06,3.67,2.8,3,No,57.4,74.0,3.65,3.9,3.57,4.05,No
E0341,Operations,1,male,36,Diploma,2.0,35450.0,2,7.0,12.3,1.0,0,5.0,3.21,4.06,3.18,10,No,67.7,69.3,4.98,4.7,4.42,4.3,Yes
E0342,Sales,3,female,38,Master,9.7,57700.0,4,1.0,1.0,4.7,0,3.09,3.06,3.99,3.16,3,No,59.5,57.9,3.82,3.63,4.34,4.03,No
E0343,Sales,1,female,35,Diploma,5.2,27200.0,4,16.0,6.0,9.4,1,,3.78,4.26,3.48,2,Yes,83.9,83.4,4.19,3.97,4.72,4.42,No
E0344,Operations,2,female,35,Bachelor,10.3,41260.0,4,18.0,9.3,18.8,0,5.0,2.82,4.06,3.39,5,No,59.4,63.5,4.36,3.98,4.35,3.81,No
E0345,Operations,2,male,26,Master,5.0,38330.0,4,13.0,11.0,4.3,0,3.57,2.14,5.0,3.27,1,No,49.8,58.6,4.84,5.0,5.0,5.0,No
E0346,HR,4,male,38,Master,7.2,67480.0,3,18.0,6.0,11.7,3,,4.13,4.79,4.12,2,No,49.4,45.6,4.68,4.29,4.66,4.7,No
E0347,IT,3,male,45,Master,11.9,66900.0,3,25.0,7.5,19.2,0,3.63,3.7,3.96,4.13,2,No,51.8,60.6,4.19,4.39,3.87,4.15,No
E0348,Finance,2,male,61,Diploma,6.1,54440.0,4,23.0,7.8,21.4,3,4.49,2.76,5.0,4.63,4,Yes,57.9,59.6,5.0,4.95,5.0,5.0,No
E0349,Sales,2,female,39,Bachelor,9.3,44440.0,4,29.0,0.9,,3,4.49,4.44,4.48,3.95,3,No,45.5,53.1,4.69,4.64,4.87,4.92,No
E0350,IT,1,male,33,Bachelor,1.8,32440.0,4,9.0,6.9,10.6,0,5.0,3.39,4.35,3.59,3,No,68.5,64.5,4.2,4.56,4.26,4.82,No
E0351,Sales,2,male,29,Bachelor,2.8,43360.0,4,10.0,14.7,20.8,2,3.76,3.12,4.48,3.79,2,No,71.5,88.6,4.1,4.38,4.48,4.84,No
E0352,Operations,2,male,38,Master,4.8,48100.0,3,20.0,9.6,18.4,1,4.56,2.52,4.47,4.37,3,No,43.2,51.9,4.32,4.35,4.16,4.68,No
E0353,Sales,2,female,30,Diploma,0.8,34730.0,3,16.0,7.4,31.3,2,,2.65,2.99,2.47,5,No,65.4,65.9,2.92,2.82,2.8,3.26,No
E0354,Finance,1,female,33,Diploma,3.3,31040.0,4,4.0,4.7,8.8,0,3.78,3.52,4.63,4.07,5,No,59.2,55.2,4.62,4.27,5.0,4.75,No
E0355,Operations,1,male,21,Diploma,0.1,31260.0,4,11.0,4.8,20.7,1,3.09,2.33,4.41,4.05,5,No,59.8,65.1,4.19,4.26,4.37,4.68,No
E0356,Sales,1,male,21,Bachelor,0.1,28910.0,4,37.0,4.4,,1,5.0,3.55,4.9,3.4,2,No,65.6,78.3,5.0,4.87,4.52,5.0,No
E0357,HR,1,male,42,Diploma,4.5,30380.0,4,30.0,36.3,8.2,1,4.56,2.65,4.17,3.46,4,No,73.1,77.7,3.92,4.22,3.93,4.27,Yes
E0358,Operations,2,male,54,Bachelor,5.2,34730.0,4,15.0,19.0,1.4,0,3.18,2.89,4.22,3.35,5,No,66.0,80.2,4.03,4.11,3.64,3.92,No
E0359,Finance,1,male,32,Bachelor,3.7,34090.0,3,31.0,10.4,40.3,2,3.55,3.84,4.87,3.7,6,No,57.3,63.8,4.76,4.9,4.74,4.76,Yes
E0360,Operations,1,male,37,Diploma,5.9,32040.0,3,31.0,15.0,17.4,0,3.98,3.89,5.0,,3,No,47.4,55.3,5.0,5.0,4.89,5.0,No
E0361,Operations,3,male,39,Master,7.6,55140.0,3,19.0,7.0,6.9,0,4.02,1.05,3.2,2.11,4,No,54.9,53.2,3.08,3.45,3.39,3.6,No
E0362,Sales,1,male,39,Bachelor,1.2,31360.0,3,9.0,13.3,5.2,2,3.79,3.32,4.08,4.44,5,No,65.5,71.6,3.79,3.9,4.26,4.34,Yes
E0363,Finance,3,female,48,Diploma,15.1,57750.0,4,21.0,18.0,20.3,1,3.02,2.77,5.0,4.52,1,Yes,68.2,68.9,4.82,5.0,5.0,5.0,No
E0364,Operations,1,female,21,Bachelor,0.1,28230.0,2,29.0,7.2,12.6,0,2.65,2.9,4.28,3.9,4,No,64.7,70.8,4.36,4.13,4.16,4.19,No
E0365,Sales,2,female,48,Bachelor,9.3,46360.0,3,27.0,2.8,5.4,1,4.86,3.54,4.7,3.98,3,No,56.3,64.6,4.27,4.97,4.17,4.81,No
E0366,IT,2,female,23,Master,2.0,44480.0,2,3.0,10.5,15.4,1,3.77,4.19,4.55,3.43,5,No,39.9,48.9,4.35,4.81,4.28,4.33,Yes
E0367,Operations,1,male,39,Bachelor,1.4,33090.0,4,10.0,3.4,10.7,0,4.93,2.53,4.42,3.87,4,No,42.9,41.1,4.99,4.29,3.91,4.33,No
E0368,Finance,3,male,43,Bachelor,7.6,50880.0,4,16.0,2.1,8.9,0,3.53,3.83,4.6,4.69,4,No,48.7,40.2,4.84,4.57,4.96,4.45,No
E0369,IT,2,male,32,Bachelor,11.0,55430.0,4,38.0,21.8,18.5,2,2.94,4.27,3.65,3.61,4,No,62.9,65.6,3.64,3.89,3.37,3.51,No
E0370,IT,3,male,29,Master,5.8,55420.0,3,63.0,14.7,27.6,0,2.67,3.0,3.61,3.86,7,No,63.6,74.0,4.06,3.51,4.1,3.64,Yes
E0371,IT,2,female,30,Master,5.3,47530.0,3,24.0,6.5,13.0,2,3.78,3.17,3.76,3.59,4,No,53.3,54.2,3.83,3.74,3.43,3.83,No
E0372,Sales,2,male,29,Bachelor,7.0,47280.0,3,3.0,4.1,14.7,0,,4.38,4.75,3.56,4,No,44.3,51.8,5.0,4.15,5.0,4.73,No
E0373,Finance,1,male,41,Diploma,2.9,28710.0,4,36.0,3.5,,1,4.13,1.96,3.62,2.56,6,No,64.5,70.9,3.6,3.05,3.81,3.53,No
E0374,HR,1,female,35,Bachelor,1.7,33050.0,3,10.0,11.4,19.5,0,3.96,2.41,4.1,3.88,7,No,40.1,37.1,3.77,4.07,4.09,4.11,Yes
E0375,Finance,2,male,34,Bachelor,11.9,41400.0,4,29.0,12.5,20.1,0,5.0,3.62,5.0,4.11,6,No,61.4,63.6,5.0,4.78,5.0,5.0,No
E0376,Sales,2,male,38,Bachelor,2.0,43350.0,4,20.0,2.3,16.0,2,3.4,3.15,4.66,4.15,4,No,70.0,68.5,4.46,5.0,5.0,5.0,No
E0377,IT,1,female,45,Bachelor,3.6,36600.0,4,25.0,5.0,29.1,3,4.48,3.5,4.26,3.35,4,No,45.7,52.8,4.29,4.05,4.34,4.38,No
E0378,Finance,1,male,27,Bachelor,2.0,35410.0,3,19.0,9.3,23.0,2,2.72,2.52,3.18,3.4,7,No,50.3,53.1,3.13,3.32,3.22,3.49,No
E0379,Sales,2,female,21,Master,0.1,43100.0,4,8.0,11.3,24.0,0,3.56,3.09,4.58,4.77,4,No,67.3,69.2,4.29,4.35,4.98,4.74,No
E0380,Operations,2,male,36,Diploma,11.1,39270.0,4,9.0,10.6,2.5,0,2.49,3.07,2.89,2.36,4,No,45.2,52.2,2.57,2.64,3.25,3.07,No
E0381,Finance,1,male,21,Diploma,0.1,40100.0,3,38.0,6.3,28.1,2,2.16,3.94,3.43,2.44,4,No,45.8,46.1,3.56,3.27,3.14,3.67,Yes
E0382,Finance,1,male,40,Diploma,4.7,35970.0,4,30.0,3.5,12.4,0,1.45,2.97,2.92,2.73,4,Yes,56.1,67.0,3.03,3.12,3.51,3.52,No
E0383,Operations,2,female,50,Bachelor,8.5,45890.0,4,24.0,11.9,8.8,0,3.13,3.66,5.0,5.0,1,No,80.5,82.1,5.0,5.0,5.0,5.0,No
E0384,Sales,2,male,32,Bachelor,8.8,47660.0,3,10.0,10.5,4.5,2,3.46,4.08,4.14,3.52,3,No,52.4,61.0,3.97,4.67,4.08,4.43,No
E0385,Operations,2,female,45,Diploma,3.7,32680.0,4,21.0,7.4,20.0,0,3.39,2.55,2.75,1.93,6,No,61.7,71.1,2.42,3.2,3.15,3.04,Yes
E0386,Sales,2,female,37,Bachelor,10.4,41010.0,3,4.0,3.3,12.2,0,4.66,3.33,4.79,4.47,4,Yes,46.7,48.2,5.0,5.0,5.0,4.61,No
E0387,Sales,2,male,37,Bachelor,7.9,38200.0,4,15.0,21.5,15.3,2,3.62,3.6,4.31,4.32,5,Yes,70.5,83.3,4.64,3.79,4.33,4.54,No
E0388,Operations,1,male,33,Bachelor,2.3,33410.0,3,25.0,14.1,18.6,0,4.54,3.2,4.47,,4,No,52.3,57.8,4.58,4.72,4.29,4.32,No
E0389,Sales,1,male,35,Diploma,4.3,34330.0,1,6.0,1.2,14.2,1,1.94,4.58,4.05,4.88,2,No,61.7,57.0,3.69,3.87,3.59,4.18,No
E0390,IT,1,male,33,Diploma,3.4,32810.0,3,19.0,7.1,22.7,0,3.72,2.59,3.69,3.04,10,No,59.2,67.9,3.83,3.53,2.97,4.0,No
E0391,Sales,1,female,38,Diploma,3.8,27720.0,3,11.0,10.0,7.5,0,1.76,3.9,3.99,3.7,3,No,62.6,66.8,3.85,4.14,3.66,4.13,No
E0392,HR,3,female,40,Master,8.4,55190.0,4,44.0,3.0,6.5,0,2.04,4.43,3.03,3.19,8,No,44.5,40.6,3.86,2.95,3.05,3.24,No
E0393,HR,3,female,39,Bachelor,8.2,44540.0,3,23.0,13.1,16.1,2,3.36,3.5,4.11,3.69,6,No,45.4,52.6,3.72,4.29,4.32,4.28,No
E0394,Finance,1,male,33,Bachelor,3.6,31600.0,3,10.0,14.2,11.2,2,4.34,3.31,4.33,2.86,5,No,48.6,53.3,4.3,4.46,4.33,4.37,No
E0395,Finance,1,male,23,Bachelor,2.0,35540.0,4,46.0,3.5,11.0,0,1.6,3.6,3.42,2.49,5,No,59.5,69.1,3.58,3.68,3.4,2.82,No
E0396,Sales,3,male,23,Doctorate,2.0,60450.0,4,10.0,11.8,8.2,2,3.74,4.3,4.66,3.89,2,No,46.2,52.8,4.53,4.86,4.98,5.0,No
E0397,HR,2,female,21,Master,0.1,38960.0,4,22.0,3.3,,3,2.77,4.93,5.0,3.91,2,No,45.7,40.2,5.0,5.0,4.8,4.82,No
E0398,Operations,2,male,26,Bachelor,1.1,47380.0,3,19.0,15.6,1.8,1,4.43,4.14,5.0,3.67,0,No,42.6,41.1,4.45,4.66,5.0,5.0,No
E0399,Operations,2,female,29,Diploma,8.0,41940.0,4,22.0,20.0,10.4,0,3.38,2.56,4.14,2.8,5,No,65.2,78.1,3.94,4.69,4.41,4.21,No
E0400,Sales,5,female,36,Master,15.0,73840.0,4,26.0,1.8,13.4,0,1.99,4.46,4.17,3.92,3,Yes,64.1,72.3,4.27,4.6,4.2,4.3,No
E0401,Operations,3,male,36,Master,2.6,64610.0,3,23.0,6.4,10.6,0,3.98,3.96,4.78,3.85,8,No,62.5,66.9,4.81,5.0,4.66,5.0,No
E0402,Operations,1,male,31,Bachelor,0.8,29210.0,4,12.0,17.6,8.0,1,4.03,4.06,4.61,4.97,4,No,61.1,64.1,4.71,4.76,4.44,4.14,No
E0403,Sales,3,female,35,Master,2.7,50820.0,4,20.0,1.8,5.0,3,3.61,2.85,4.22,3.75,3,No,83.0,93.9,4.07,4.51,4.27,4.38,No
E0404,Sales,2,male,27,Bachelor,6.0,50490.0,3,6.0,4.3,,1,3.1,3.18,4.1,3.87,3,No,68.0,68.5,3.98,3.73,4.37,4.77,No
E0405,Sales,3,male,33,Diploma,8.5,49250.0,3,56.0,10.5,7.7,2,4.02,2.89,4.05,3.8,2,No,71.0,82.6,4.11,3.93,3.92,4.19,Yes
E0406,Finance,3,female,32,Bachelor,8.6,59480.0,4,36.0,10.4,17.6,2,2.86,2.87,2.94,2.8,4,No,50.6,56.5,2.66,3.04,3.1,2.75,No
E0407,Sales,2,male,52,Diploma,8.1,54630.0,5,26.0,2.7,13.0,1,2.47,3.95,4.07,3.55,4,No,73.1,87.3,3.64,4.43,4.24,3.9,Yes
E0408,HR,3,female,35,Master,0.8,50990.0,4,26.0,5.6,15.7,0,4.04,4.28,3.98,3.52,1,Yes,73.6,76.5,3.66,4.08,3.94,3.81,No
E0409,Finance,1,male,30,Bachelor,4.4,43420.0,5,96.0,1.1,19.4,1,2.88,3.43,5.0,4.75,2,No,68.5,78.9,5.0,5.0,4.86,5.0,No
E0410,Finance,2,male,40,Diploma,5.2,42820.0,4,47.0,8.3,2.4,2,2.3,3.19,4.46,3.21,4,No,81.8,90.9,4.25,4.9,4.56,4.31,No
E0411,Finance,3,male,48,Diploma,14.6,69850.0,3,25.0,6.3,14.0,3,2.94,4.14,4.77,4.91,5,No,66.4,80.2,4.89,4.88,4.82,4.59,No
E0412,Operations,3,female,43,Master,6.8,49850.0,2,16.0,15.0,13.8,1,2.19,3.43,4.09,,6,No,49.5,39.0,4.28,4.21,3.56,4.46,No
E0413,Finance,1,female,30,Bachelor,4.7,31180.0,2,18.0,4.0,3.7,0,2.68,4.56,4.27,3.25,2,No,56.5,62.9,4.3,4.52,4.22,4.62,No
E0414,Sales,2,male,28,Bachelor,7.0,51400.0,3,39.0,7.5,9.5,0,4.21,3.02,4.68,5.0,4,No,67.2,73.9,4.6,4.88,4.57,4.47,No
E0415,Operations,2,female,41,Bachelor,8.0,31080.0,4,25.0,6.1,11.2,0,3.68,3.79,5.0,3.54,5,Yes,59.3,61.3,4.76,5.0,4.9,4.85,No
E0416,Operations,2,female,38,Bachelor,5.2,35140.0,5,8.0,7.4,27.2,1,3.31,3.45,3.82,3.91,2,No,57.3,62.3,3.58,4.4,3.84,3.93,No
E0417,Operations,1,male,47,Bachelor,1.7,41380.0,3,18.0,18.1,10.3,0,2.99,3.4,4.35,3.23,3,No,58.8,55.0,4.42,4.6,4.37,4.55,No
E0418,Operations,3,female,33,Bachelor,12.0,52910.0,3,12.0,5.9,6.5,0,3.14,4.04,4.28,4.49,7,No,60.1,65.7,4.32,3.91,4.52,4.47,No
E0419,IT,2,male,38,Diploma,10.6,50390.0,5,41.0,10.1,4.3,0,3.26,4.39,4.61,3.61,3,Yes,44.6,54.0,4.9,4.84,4.96,4.58,No
E0420,IT,1,female,22,Diploma,1.0,32860.0,3,44.0,6.9,5.6,0,3.01,4.0,4.65,3.23,2,No,53.3,57.7,4.52,4.78,5.0,5.0,No
E0421,Sales,2,male,42,Master,2.4,33900.0,3,26.0,4.5,3.5,1,5.0,4.03,5.0,3.15,4,No,50.6,50.9,5.0,5.0,5.0,5.0,No
E0422,IT,1,female,24,Bachelor,1.5,33940.0,4,31.0,3.6,14.3,2,2.11,4.45,4.13,3.36,3,No,71.1,78.3,4.15,3.83,4.29,3.91,No
E0423,Sales,2,female,26,Diploma,5.0,46690.0,5,14.0,0.7,11.2,2,2.54,3.33,4.72,4.77,1,No,61.0,69.6,4.9,4.75,5.0,4.78,No
E0424,Sales,1,male,21,Bachelor,0.1,33050.0,3,16.0,8.2,23.2,1,1.0,4.03,4.73,4.43,3,No,63.0,61.1,5.0,4.52,4.19,5.0,No
E0425,Sales,1,female,44,Bachelor,4.7,32540.0,3,34.0,15.7,7.6,1,3.2,2.58,4.47,,4,No,70.7,74.3,4.1,4.51,4.81,5.0,No
E0426,HR,1,male,29,Bachelor,2.5,32350.0,3,21.0,5.3,21.4,0,4.2,4.25,4.33,3.96,3,No,64.5,77.9,4.62,4.62,3.97,4.4,Yes
E0427,Sales,2,male,34,Master,2.4,42970.0,4,3.0,2.7,13.2,1,2.09,3.58,3.25,3.4,1,No,52.2,46.9,3.21,4.1,3.68,3.5,No
E0428,Operations,3,male,50,Master,6.9,42990.0,3,28.0,3.7,24.2,0,3.34,4.23,4.22,4.7,3,No,64.7,71.8,4.82,4.42,4.39,4.18,No
E0429,Sales,1,female,22,Bachelor,1.0,28660.0,3,45.0,1.0,10.5,0,3.83,4.12,4.96,3.8,1,No,88.9,89.6,5.0,4.97,5.0,4.68,No
E0430,Sales,1,male,52,Diploma,4.5,32030.0,4,32.0,3.4,6.1,1,3.25,3.48,4.24,3.43,7,No,49.0,66.8,4.7,4.4,4.8,4.34,No
E0431,IT,2,male,39,Bachelor,11.4,56370.0,2,41.0,4.7,6.4,1,2.92,2.45,3.9,4.25,4,No,62.6,64.9,3.87,3.64,4.14,4.76,No
E0432,Operations,1,male,48,Diploma,2.8,28790.0,4,21.0,13.7,2.7,1,1.48,4.27,4.6,3.29,6,No,54.8,57.8,4.33,4.66,4.34,4.44,No
E0433,IT,2,female,52,Bachelor,10.3,51070.0,4,43.0,9.3,27.6,0,3.24,5.0,4.05,3.4,3,No,56.4,71.7,4.13,4.05,4.17,3.98,No
E0434,Operations,4,female,39,Master,11.2,70920.0,3,25.0,7.9,18.6,0,2.6,2.7,3.99,3.29,3,No,41.6,46.0,4.09,4.01,4.2,4.23,No
E0435,Finance,1,female,32,Bachelor,1.9,37940.0,3,46.0,12.0,11.9,2,5.0,3.12,5.0,3.78,3,No,46.7,48.7,4.93,5.0,4.41,4.89,No
E0436,IT,1,male,23,Bachelor,2.0,42380.0,4,27.0,11.2,4.1,2,3.99,1.77,3.54,3.14,3,No,73.0,77.5,3.53,3.55,3.98,4.21,No
E0437,Sales,5,male,51,Master,15.6,87630.0,4,34.0,0.5,4.1,0,2.29,3.14,3.61,3.5,5,No,60.8,54.8,3.64,3.65,3.78,3.68,No
E0438,HR,2,female,33,Master,3.5,42780.0,3,28.0,20.1,30.9,1,4.33,2.58,4.51,3.93,1,No,49.7,63.2,4.4,4.8,4.58,4.61,Yes
E0439,IT,2,male,38,Doctorate,2.8,48620.0,2,26.0,2.2,1.1,2,3.86,4.41,4.8,4.0,6,No,95.0,96.4,4.89,5.0,5.0,4.45,No
E0440,Sales,1,female,29,Diploma,4.5,25680.0,3,9.0,11.4,12.8,1,3.95,3.97,5.0,3.66,4,No,55.7,53.5,4.81,5.0,5.0,5.0,No
E0441,Sales,2,female,43,Bachelor,2.8,31470.0,4,25.0,13.2,24.8,0,3.86,2.57,4.27,3.7,6,No,64.2,72.1,4.51,3.98,4.53,4.83,No
E0442,Operations,1,female,29,Bachelor,4.1,26450.0,4,21.0,6.8,3.6,0,2.14,2.41,2.96,2.4,5,No,87.8,99.0,2.6,3.45,3.07,3.24,No
E0443,Finance,3,female,43,Bachelor,13.1,51930.0,2,9.0,11.3,13.8,3,3.88,2.6,3.35,3.18,4,No,40.1,45.2,3.62,2.8,3.72,3.83,No
E0444,Sales,2,female,41,Bachelor,8.9,49240.0,4,23.0,5.5,34.2,1,1.43,3.5,3.25,2.93,5,No,59.0,60.8,3.21,3.17,3.66,3.4,No
E0445,Sales,3,male,51,Bachelor,9.2,53650.0,3,21.0,0.3,9.2,3,4.29,4.73,5.0,4.03,0,No,69.1,74.4,4.52,4.93,5.0,5.0,No
E0446,Sales,2,male,45,Bachelor,6.5,44840.0,3,21.0,6.6,15.3,2,4.12,5.0,3.76,3.6,5,No,83.6,89.9,3.64,3.75,4.22,4.05,No
E0447,Finance,1,female,35,Bachelor,5.6,33750.0,2,9.0,24.0,38.1,0,3.02,2.73,4.45,3.94,6,No,60.7,53.6,4.31,4.36,4.18,4.3,Yes
E0448,Sales,3,male,45,Master,0.4,50210.0,3,23.0,0.1,5.8,1,3.98,3.22,4.54,4.29,2,No,46.1,45.6,4.51,5.0,4.98,4.58,No
E0449,Operations,1,female,38,Bachelor,1.8,27500.0,3,9.0,23.4,17.1,0,3.82,1.89,3.96,4.03,4,No,60.6,63.3,4.5,4.42,3.72,3.66,No
E0450,Operations,3,female,28,Bachelor,7.0,38210.0,3,34.0,6.9,20.3,0,2.52,3.12,3.88,3.8,3,No,61.5,55.2,3.88,3.72,3.97,4.0,No
E0451,Operations,1,female,35,Bachelor,4.5,27820.0,2,9.0,23.3,3.6,0,3.71,1.12,4.52,2.93,1,No,43.9,49.6,4.53,4.26,4.71,4.73,No
E0452,Finance,2,female,39,Bachelor,4.6,49920.0,4,37.0,7.4,20.4,2,3.85,2.83,4.21,4.03,8,Yes,64.1,77.5,4.33,4.4,4.33,4.1,No
E0453,Sales,3,male,32,Master,0.4,47680.0,3,22.0,13.8,18.4,3,3.11,3.07,3.72,3.32,4,No,53.6,62.5,3.63,3.71,3.73,4.2,No
E0454,Operations,2,male,41,Diploma,9.0,43370.0,4,4.0,12.7,9.2,0,5.0,3.03,4.39,3.66,6,No,77.9,85.8,4.26,4.89,4.31,4.86,No
E0455,Operations,2,male,34,Bachelor,2.0,45140.0,2,17.0,12.2,14.5,1,3.88,2.23,3.82,3.44,2,No,59.8,55.0,3.34,4.38,4.65,3.81,No
E0456,Operations,4,female,48,Diploma,15.4,67390.0,4,14.0,5.3,8.5,0,3.85,2.79,4.98,4.71,2,No,39.0,48.4,5.0,4.32,4.78,4.74,No
E0457,Sales,5,male,39,Bachelor,18.0,78330.0,4,20.0,2.1,24.5,1,3.26,3.56,3.96,3.66,5,No,78.6,75.2,3.72,3.95,4.28,3.96,Yes
E0458,Operations,1,female,28,Bachelor,5.3,32180.0,2,17.0,12.6,19.6,0,4.36,3.84,4.83,4.06,3,No,82.3,91.5,4.8,4.82,5.0,4.56,No
E0459,Operations,2,male,30,Master,2.4,37430.0,2,31.0,12.5,15.4,0,5.0,2.14,5.0,,6,No,58.9,66.2,5.0,5.0,5.0,4.93,No
E0460,Sales,2,male,30,Diploma,6.0,38190.0,4,21.0,4.8,20.2,1,4.47,4.07,5.0,4.77,3,No,37.6,41.4,5.0,4.98,5.0,4.56,No
E0461,HR,2,female,28,Diploma,3.2,36110.0,4,37.0,10.8,8.4,3,3.38,3.41,4.62,3.86,7,No,69.6,74.3,4.36,4.61,4.7,4.88,No
E0462,Operations,2,female,51,Doctorate,4.1,50130.0,5,13.0,5.0,12.1,0,3.04,3.52,4.39,3.79,5,No,67.9,69.3,4.38,4.09,4.27,4.53,No
E0463,Sales,2,female,31,Doctorate,3.1,45000.0,3,16.0,24.8,30.5,0,2.7,2.08,4.56,3.35,4,No,50.5,56.0,4.21,4.57,4.6,4.63,No
E0464,Operations,2,male,23,Bachelor,2.0,38500.0,2,25.0,5.7,26.6,0,1.58,2.59,3.77,2.46,6,No,74.8,81.2,3.97,3.85,3.65,4.15,No
E0465,Sales,2,female,34,Bachelor,5.1,40670.0,3,23.0,10.4,13.8,0,3.37,2.57,4.27,3.85,4,No,50.6,65.6,4.35,4.74,4.42,4.57,No
E0466,Sales,5,female,33,Master,12.0,95260.0,4,15.0,6.2,8.7,2,2.54,3.78,4.1,3.47,0,No,42.7,54.9,3.62,4.3,4.02,4.19,No
E0467,HR,3,female,44,Master,2.0,45760.0,4,22.0,2.0,10.8,2,2.58,3.15,4.27,4.08,3,No,48.5,51.5,4.13,4.28,4.16,4.12,No
E0468,Operations,2,male,32,Diploma,10.0,40770.0,2,6.0,11.6,13.2,0,2.84,3.66,3.66,2.68,5,No,76.1,78.9,3.44,3.62,4.2,4.07,No
E0469,Operations,2,female,49,Master,2.8,44630.0,5,16.0,6.1,38.5,0,3.59,2.93,3.84,3.35,8,No,57.6,70.4,3.72,3.83,3.75,4.06,No
E0470,IT,3,male,36,Bachelor,6.2,53980.0,4,19.0,9.2,14.7,1,5.0,3.37,4.21,3.86,2,No,69.3,65.8,4.01,4.55,4.27,3.99,Yes
E0471,Operations,2,female,45,Diploma,6.6,33090.0,4,39.0,4.0,9.7,0,4.08,3.2,3.21,3.34,3,Yes,55.2,52.9,3.31,3.22,3.22,3.42,No
E0472,IT,2,male,45,Bachelor,4.9,52870.0,3,14.0,33.3,8.0,2,,3.03,4.65,3.82,3,No,73.0,74.7,4.9,4.7,4.45,4.73,No
E0473,HR,1,male,39,Bachelor,1.7,26810.0,3,17.0,13.2,5.9,1,3.21,2.34,3.76,3.1,7,No,65.2,64.8,3.41,4.09,4.17,4.23,No
E0474,Operations,1,female,26,Bachelor,5.0,35840.0,4,44.0,20.6,30.2,1,4.58,3.5,4.55,4.2,4,No,50.5,58.4,4.72,4.71,4.58,4.3,No
E0475,Operations,2,female,41,Bachelor,9.1,34890.0,2,20.0,11.0,16.8,0,3.76,3.13,4.69,4.47,2,No,67.1,66.7,4.88,4.55,5.0,4.82,No
E0476,Operations,4,male,38,Master,17.0,72670.0,4,9.0,9.9,6.3,1,1.25,3.77,3.01,,2,No,65.3,62.3,2.73,3.03,2.51,2.94,No
E0477,IT,3,female,21,Doctorate,0.1,49130.0,4,27.0,8.4,13.9,0,4.56,3.35,4.89,4.63,5,No,55.8,62.1,4.77,4.9,4.57,5.0,No
E0478,IT,2,female,28,Bachelor,4.7,36780.0,3,35.0,6.8,27.7,3,2.38,3.45,3.97,3.18,3,No,38.8,56.4,3.69,4.49,4.33,4.14,No
E0479,Operations,4,female,34,Master,8.6,71570.0,3,5.0,7.3,27.9,1,3.43,3.44,4.57,4.29,3,No,62.7,60.0,4.29,5.0,4.24,4.65,No
E0480,HR,2,male,21,Bachelor,0.1,35850.0,3,15.0,8.2,14.8,2,4.72,4.54,4.83,3.94,3,No,58.7,67.8,4.64,4.65,4.93,4.76,No
E0481,IT,3,female,37,Master,2.7,73930.0,4,35.0,11.8,,0,4.35,4.05,4.33,3.9,3,No,51.8,53.9,4.64,4.79,5.0,4.57,No
E0482,Sales,1,male,22,Bachelor,1.0,26900.0,3,25.0,14.0,3.8,3,3.75,1.71,3.38,2.55,4,No,61.5,64.5,3.85,3.29,3.48,3.25,No
E0483,Sales,2,male,35,Master,1.2,38650.0,3,25.0,4.6,28.0,0,2.36,1.95,2.8,2.29,7,No,70.6,72.2,2.7,2.69,2.7,3.06,No
E0484,Sales,1,female,36,Diploma,1.3,28140.0,3,5.0,3.0,15.4,2,1.66,5.0,4.48,3.38,10,No,60.6,69.5,4.26,4.69,4.84,5.0,No
E0485,HR,1,male,36,Diploma,2.2,30110.0,3,25.0,11.1,23.3,2,,3.8,2.98,2.15,5,No,53.4,58.0,3.3,2.69,3.15,2.73,Yes
E0486,Sales,2,female,42,Diploma,2.1,40850.0,2,13.0,12.0,16.1,2,2.04,3.48,4.67,4.13,2,No,68.6,77.3,4.67,4.41,4.8,5.0,No
E0487,IT,1,male,42,Diploma,4.8,39110.0,3,32.0,9.0,40.2,1,3.37,3.17,4.4,3.78,3,No,54.6,58.3,4.92,4.57,4.61,4.65,No
E0488,IT,2,male,23,Doctorate,2.0,56000.0,5,12.0,13.8,6.1,3,3.55,2.62,4.89,5.0,6,No,49.0,52.8,4.74,5.0,4.96,4.46,No
E0489,IT,3,female,36,Doctorate,5.1,58540.0,4,19.0,7.8,11.2,1,2.99,4.03,4.45,3.52,3,No,48.1,54.3,4.23,4.87,4.25,4.22,No
E0490,Sales,4,male,34,Doctorate,13.0,70410.0,4,14.0,10.7,17.9,2,3.04,4.7,3.98,3.49,3,Yes,75.2,91.1,4.1,4.01,3.64,3.98,Yes
E0491,HR,3,male,36,Bachelor,12.8,65820.0,4,53.0,1.8,3.5,2,3.88,3.5,4.06,4.16,3,Yes,63.6,68.4,3.94,4.11,4.03,3.95,No
E0492,Operations,3,male,40,Master,7.5,55290.0,2,56.0,4.6,9.5,0,2.83,3.23,4.07,3.81,2,No,70.3,81.2,3.9,4.28,4.18,4.32,No
E0493,Operations,2,female,30,Bachelor,6.1,38980.0,3,10.0,16.2,14.9,0,3.45,2.77,4.44,3.39,7,No,53.5,60.9,4.71,4.14,4.37,4.19,No
E0494,Operations,3,male,40,Master,8.6,61170.0,3,10.0,3.6,3.6,0,3.63,2.91,3.66,3.76,3,No,51.2,51.2,3.82,3.65,3.52,4.02,No
E0495,Operations,4,female,34,Master,8.5,52340.0,2,49.0,7.6,12.4,0,3.24,4.18,3.38,2.82,4,No,62.4,68.2,3.47,3.51,3.45,2.65,Yes
E0496,Operations,4,male,38,Master,16.5,71420.0,3,53.0,6.4,12.4,0,4.49,4.43,4.98,4.77,1,Yes,59.3,61.6,4.68,5.0,5.0,5.0,No
E0497,Finance,1,female,39,Bachelor,1.4,34500.0,2,17.0,8.7,6.6,3,5.0,3.21,4.25,,3,No,55.4,59.8,4.15,4.11,4.57,4.49,No
E0498,IT,2,female,33,Master,5.7,43620.0,4,46.0,6.5,30.7,1,2.26,3.67,3.84,3.29,4,No,50.5,61.2,3.87,3.83,3.62,3.74,No
E0499,Sales,2,male,35,Bachelor,7.0,48550.0,4,36.0,3.2,8.1,0,2.51,3.53,4.58,4.27,2,Yes,56.1,64.6,4.31,4.51,4.41,4.97,No
E0500,Sales,2,female,36,Bachelor,6.2,40930.0,5,8.0,23.9,7.0,0,4.31,2.92,4.48,4.57,2,No,34.7,37.9,4.78,4.5,4.21,4.99,No
E0501,Operations,1,female,23,Diploma,1.7,32490.0,4,25.0,11.9,9.3,0,2.17,2.77,4.23,3.66,5,No,69.1,78.4,4.11,4.24,4.44,4.18,Yes
E0502,Operations,3,female,41,Master,5.1,58720.0,5,13.0,7.7,10.4,0,3.3,2.25,4.47,4.09,5,Yes,61.8,69.3,4.03,4.56,5.0,4.33,No
E0503,Sales,2,female,26,Master,3.7,44430.0,4,7.0,7.6,29.7,1,2.87,2.73,4.51,3.53,4,No,66.8,82.8,4.47,4.64,4.35,4.45,No
E0504,IT,2,male,41,Bachelor,6.5,47310.0,3,27.0,6.8,15.5,0,3.99,2.67,3.87,3.03,5,No,72.7,68.6,3.82,4.0,3.84,3.88,No
E0505,IT,2,female,34,Master,1.6,39830.0,4,14.0,9.5,9.5,2,1.91,2.76,4.15,4.63,2,No,56.8,59.1,4.15,3.82,4.86,4.45,No
E0506,HR,2,female,42,Master,3.0,46400.0,4,15.0,2.0,7.3,2,3.59,3.87,5.0,4.34,2,Yes,54.9,68.1,4.67,5.0,5.0,5.0,No
E0507,Sales,2,female,42,Master,4.5,41180.0,3,18.0,3.8,18.0,1,3.59,4.62,4.07,4.65,5,No,53.7,53.2,4.25,4.49,4.02,4.16,No
E0508,Operations,1,female,54,Diploma,4.3,30680.0,2,13.0,7.2,9.0,0,3.99,2.77,3.82,2.89,3,No,48.9,52.1,4.05,3.41,4.27,3.27,Yes
E0509,HR,1,male,40,Bachelor,3.7,31460.0,4,20.0,1.3,14.1,3,2.37,4.93,3.83,4.45,10,No,81.6,87.1,3.86,4.35,3.61,4.06,No
E0510,IT,1,male,21,Bachelor,0.1,35160.0,3,6.0,18.3,14.1,3,2.54,3.39,3.75,,3,No,57.3,59.6,3.69,3.4,3.67,4.15,Yes
E0511,Operations,1,female,41,Bachelor,1.3,28910.0,4,12.0,6.1,2.0,1,1.55,4.74,4.37,4.1,3,Yes,50.8,53.0,4.66,4.55,4.33,4.49,No
E0512,HR,2,male,47,Diploma,3.7,33870.0,3,18.0,11.4,13.4,0,1.63,3.4,4.43,4.3,4,Yes,57.1,69.3,4.68,4.48,4.59,4.62,No
E0513,IT,2,female,40,Diploma,10.3,46010.0,2,25.0,12.3,8.6,1,3.77,3.21,3.74,,4,No,75.5,75.0,3.51,3.76,3.84,4.18,No
E0514,HR,3,male,29,Master,8.0,58390.0,2,26.0,3.4,15.5,0,3.35,2.56,4.77,4.04,3,No,30.5,31.3,4.61,4.42,5.0,4.66,No
E0515,IT,2,male,44,Bachelor,9.0,46790.0,4,15.0,5.9,9.8,2,3.5,4.32,4.27,3.69,4,No,55.0,57.9,3.9,4.62,4.48,4.43,Yes
E0516,Operations,3,female,41,Bachelor,11.8,49120.0,3,67.0,14.6,15.6,1,2.03,2.07,4.28,4.08,5,No,66.3,74.9,4.21,4.3,4.45,4.0,No
E0517,Operations,1,male,35,Bachelor,0.7,23300.0,3,60.0,6.2,10.5,0,4.61,2.83,4.32,3.19,4,No,49.5,54.1,4.12,4.32,4.3,4.35,No
E0518,Sales,5,male,44,Master,18.7,98000.0,4,27.0,3.5,3.0,0,5.0,3.21,5.0,4.85,3,No,39.6,50.5,5.0,5.0,5.0,4.85,No
E0519,Finance,2,male,37,Bachelor,6.4,52010.0,2,36.0,7.2,10.0,2,2.75,3.34,3.36,2.97,6,No,59.3,62.3,3.65,3.73,3.15,3.87,No
E0520,IT,2,female,47,Bachelor,1.8,41140.0,3,5.0,5.9,8.7,1,3.23,2.26,4.48,3.83,5,No,63.5,68.8,4.14,4.59,4.82,4.58,No
E0521,Operations,2,male,37,Bachelor,2.2,42860.0,4,15.0,6.7,8.2,0,2.96,3.81,4.05,3.29,1,No,62.1,70.6,4.41,4.1,4.3,4.42,No
E0522,Sales,2,male,29,Bachelor,8.0,42980.0,4,29.0,2.4,14.5,1,3.95,3.11,4.82,4.19,2,No,21.1,15.0,4.91,5.0,5.0,5.0,No
E0523,Finance,2,male,39,Master,5.0,47220.0,3,10.0,12.1,10.8,3,4.46,4.84,5.0,4.0,6,Yes,47.7,45.5,4.97,4.94,5.0,4.62,Yes
E0524,IT,5,female,42,Master,16.2,122690.0,3,19.0,3.6,11.1,1,1.83,3.73,2.49,2.94,3,No,73.5,76.3,2.69,2.67,2.38,2.7,No
E0525,HR,3,male,46,Diploma,8.7,65330.0,3,66.0,2.9,17.5,0,4.49,5.0,5.0,4.27,0,No,60.1,77.0,5.0,4.83,4.85,5.0,No
E0526,Operations,3,male,54,Master,8.8,47120.0,4,28.0,6.8,12.6,0,3.71,4.14,3.91,4.05,5,No,53.5,69.0,3.85,4.17,4.02,4.28,No
E0527,IT,1,female,43,Bachelor,1.2,40990.0,4,25.0,6.3,34.9,2,3.27,3.4,4.66,3.5,4,No,49.7,42.4,4.77,4.68,5.0,4.63,No
E0528,HR,2,female,32,Bachelor,1.8,45940.0,4,43.0,7.4,15.3,0,1.36,2.66,4.26,3.8,3,No,39.9,39.5,4.45,4.12,4.38,3.99,No
E0529,Sales,1,female,35,Bachelor,5.0,34400.0,1,11.0,6.7,7.5,0,3.66,3.61,4.15,3.35,1,No,39.7,38.4,4.58,4.05,4.24,4.04,No
E0530,Sales,3,male,34,Bachelor,13.0,77690.0,3,6.0,1.7,35.9,0,4.47,3.44,4.51,4.35,5,No,56.5,55.0,4.13,4.67,4.68,4.53,No
E0531,IT,3,male,21,Master,0.1,59400.0,4,29.0,7.3,7.3,1,2.98,3.41,3.9,3.37,5,No,56.8,56.9,3.92,3.59,3.78,3.2,No
E0532,Operations,4,female,51,Bachelor,18.1,77490.0,3,16.0,15.0,26.7,0,3.61,2.19,4.02,4.06,4,No,66.5,74.7,4.1,4.34,4.01,3.91,No
E0533,IT,4,male,44,Bachelor,14.2,78710.0,4,25.0,4.5,7.9,3,,3.13,3.54,3.91,6,No,62.1,74.9,3.41,3.71,3.07,3.58,No
E0534,Sales,2,female,45,Bachelor,2.8,44960.0,4,23.0,8.0,15.8,2,2.29,4.09,3.92,3.4,7,No,54.8,62.8,3.92,3.92,4.11,3.89,No
E0535,Operations,1,female,23,Bachelor,2.0,32070.0,3,28.0,8.5,20.0,0,3.11,3.62,5.0,3.53,5,No,70.6,82.2,5.0,5.0,4.91,5.0,No
E0536,Sales,2,male,32,Bachelor,1.3,35590.0,4,15.0,2.8,13.7,0,2.69,3.48,4.38,3.23,2,No,47.1,48.9,4.22,4.42,4.52,4.84,No
E0537,Sales,3,male,45,Master,4.2,46720.0,4,15.0,4.1,4.2,0,4.89,2.37,4.04,4.19,5,No,58.1,58.6,4.02,3.84,4.17,4.27,No
E0538,Sales,1,male,23,Bachelor,2.0,29670.0,2,26.0,11.6,15.1,1,2.32,3.34,3.65,3.03,4,No,60.2,69.7,3.89,3.89,3.93,3.63,No
E0539,Sales,1,female,29,Diploma,3.8,33100.0,3,29.0,4.8,4.5,2,3.77,4.8,4.56,3.85,2,No,56.5,59.2,4.3,5.0,4.83,4.57,No
E0540,IT,2,female,32,Bachelor,4.1,38640.0,2,8.0,5.9,28.5,3,2.2,3.15,4.31,3.54,4,No,63.9,67.9,4.06,4.63,4.0,4.67,No
E0541,Operations,1,male,31,Diploma,5.8,30870.0,2,18.0,3.9,10.1,0,4.37,2.91,4.81,4.23,6,No,39.5,39.3,4.48,4.82,4.85,4.48,No
E0542,Finance,3,female,39,Bachelor,16.2,69820.0,4,36.0,0.3,25.0,0,3.8,3.79,3.87,2.95,3,Yes,70.1,76.4,4.01,3.8,3.92,3.98,No
E0543,Sales,4,female,31,Master,10.0,78920.0,3,6.0,2.8,43.5,0,3.75,3.88,5.0,4.85,4,No,70.2,74.1,5.0,4.93,5.0,5.0,No
E0544,Operations,1,male,24,Diploma,3.0,37820.0,3,37.0,8.5,11.8,0,2.71,3.65,3.67,3.41,10,No,63.5,72.7,3.41,3.72,3.31,3.89,No
E0545,Operations,1,male,33,Diploma,2.3,29590.0,4,52.0,12.5,10.0,0,3.26,2.87,4.52,3.87,5,No,57.2,63.8,4.82,4.73,4.61,4.29,No
E0546,Sales,1,male,52,Bachelor,2.2,38020.0,4,26.0,8.6,17.2,0,3.92,3.28,5.0,3.72,6,No,54.4,66.9,5.0,4.7,5.0,4.87,No
E0547,Operations,1,male,30,Bachelor,2.3,35970.0,4,19.0,4.6,8.8,1,1.0,2.5,3.24,2.51,5,No,58.1,61.8,3.2,3.42,3.25,3.65,No
E0548,Operations,2,male,40,Bachelor,0.9,40870.0,5,22.0,5.3,22.9,1,2.38,2.9,3.99,4.02,3,No,49.9,61.6,4.38,3.98,3.96,3.9,Yes
E0549,Finance,2,male,32,Master,1.8,49010.0,5,36.0,6.5,4.3,1,2.42,4.14,5.0,4.52,3,No,57.3,56.9,5.0,5.0,4.77,4.87,No
E0550,Operations,3,male,44,Bachelor,6.3,42850.0,3,16.0,9.1,14.5,1,4.0,4.03,4.0,3.07,3,No,61.4,60.4,4.13,3.99,4.11,4.25,No
E0551,Sales,2,male,23,Diploma,2.0,44280.0,3,31.0,21.8,1.6,2,5.0,2.65,4.13,,4,No,65.2,76.9,3.97,4.17,4.21,3.81,No
E0552,Operations,2,male,21,Master,0.1,31920.0,4,4.0,7.5,5.0,1,2.27,3.08,5.0,4.3,4,No,53.5,58.3,5.0,5.0,5.0,5.0,No
E0553,Operations,2,male,44,Diploma,6.6,38660.0,4,52.0,33.5,42.4,0,2.34,1.99,4.16,3.45,5,No,48.3,60.7,3.98,3.93,3.43,3.95,Yes
E0554,Operations,3,male,43,Bachelor,8.4,47290.0,4,33.0,9.8,7.5,0,2.67,2.31,4.29,3.46,2,No,61.8,68.2,4.27,4.47,3.89,4.13,No
E0555,Finance,3,female,29,Bachelor,7.7,51070.0,3,23.0,1.6,8.9,2,3.38,3.7,4.1,3.57,4,No,44.4,48.0,4.28,4.01,4.47,4.4,No
E0556,Operations,2,female,28,Bachelor,7.0,36410.0,3,20.0,10.6,11.6,0,3.23,3.36,4.94,3.57,5,No,57.0,60.1,5.0,5.0,4.96,5.0,Yes
E0557,Finance,2,male,54,Diploma,8.5,41550.0,2,18.0,4.9,,1,2.39,3.27,3.72,3.64,3,No,78.7,78.5,4.09,4.15,3.84,3.64,No
E0558,Sales,1,male,38,Bachelor,5.5,41330.0,3,23.0,1.8,5.8,3,3.55,4.02,4.92,3.48,3,No,73.5,67.0,5.0,4.76,4.99,5.0,No
E0559,Operations,4,male,42,Bachelor,13.6,64690.0,4,14.0,11.5,14.7,0,3.97,4.28,4.32,4.34,7,Yes,58.1,61.5,4.33,4.34,4.26,3.89,No
E0560,IT,1,female,35,Bachelor,5.3,40140.0,2,29.0,3.8,14.0,1,2.57,3.29,4.14,3.32,4,No,59.1,66.7,4.22,3.95,4.18,4.34,No
E0561,Finance,2,male,27,Bachelor,6.0,39730.0,4,27.0,6.1,30.2,3,2.36,3.79,4.19,5.0,6,No,61.0,59.6,4.37,4.35,4.08,4.65,No
E0562,HR,2,male,44,Bachelor,4.2,46950.0,3,9.0,12.2,20.4,0,5.0,3.43,4.65,4.57,5,No,56.6,61.4,4.44,4.83,4.73,4.74,No
E0563,Operations,2,female,21,Master,0.1,35570.0,3,9.0,26.3,,0,,2.69,3.91,3.92,5,No,54.5,59.0,4.16,4.48,4.04,4.39,Yes
E0564,Operations,2,male,42,Bachelor,1.4,31370.0,5,29.0,4.5,14.1,0,3.27,3.29,4.27,,3,No,62.1,60.0,4.25,4.48,4.41,4.95,Yes
E0565,Finance,1,male,33,Bachelor,1.8,35510.0,3,33.0,2.0,11.5,3,3.58,4.23,3.74,3.64,5,No,50.2,62.1,3.73,4.04,3.71,3.54,No
E0566,Sales,2,female,36,Master,2.8,48910.0,5,48.0,3.6,9.0,3,3.35,4.0,4.55,4.19,5,Yes,46.2,49.2,4.9,4.54,4.55,4.4,No
E0567,Finance,3,male,29,Master,5.2,69220.0,4,25.0,10.2,20.4,3,3.7,4.05,3.54,3.39,3,No,67.3,72.9,3.53,2.99,3.9,3.05,No
E0568,Finance,1,female,50,Diploma,5.6,31200.0,3,18.0,0.2,14.3,2,1.98,3.99,3.36,2.5,1,No,46.3,68.9,3.24,3.39,3.72,3.09,No
E0569,Sales,1,female,29,Bachelor,2.6,35780.0,5,36.0,6.1,9.9,2,2.68,2.19,2.86,2.52,11,No,49.0,48.3,2.95,2.97,3.05,2.7,Yes
E0570,Sales,1,female,22,Bachelor,1.0,32650.0,2,31.0,18.0,9.7,2,2.8,3.8,4.75,4.43,4,No,63.7,68.4,4.97,4.87,5.0,4.66,No
E0571,Operations,4,male,41,Master,9.5,78760.0,2,19.0,6.1,15.0,0,1.98,4.11,4.08,2.93,4,No,67.5,73.8,4.09,4.13,4.35,4.19,No
E0572,Operations,1,female,40,Bachelor,3.9,28680.0,4,14.0,8.6,28.3,0,3.08,4.79,5.0,4.34,1,No,71.0,70.0,5.0,5.0,4.81,5.0,No
E0573,IT,2,male,44,Bachelor,5.1,41820.0,3,31.0,5.8,,3,2.02,3.44,4.0,3.8,1,No,64.9,74.7,3.97,4.02,4.14,4.48,No
E0574,IT,2,female,30,Bachelor,9.0,51960.0,3,31.0,11.0,4.1,0,2.91,1.88,3.81,3.72,7,No,56.0,61.7,3.99,3.5,4.14,3.89,No
E0575,IT,1,female,37,Bachelor,1.0,35550.0,3,26.0,16.2,10.8,1,3.97,2.64,5.0,4.34,2,No,45.8,54.8,5.0,5.0,5.0,4.61,No
E0576,Operations,5,female,48,Master,20.2,73320.0,4,26.0,14.3,39.6,0,3.45,3.57,4.91,4.38,5,No,67.5,83.3,5.0,4.66,4.57,5.0,No
E0577,Sales,1,female,59,Bachelor,5.2,29300.0,3,26.0,16.1,18.5,0,2.88,3.34,3.71,2.96,3,No,78.4,82.5,3.9,3.31,3.78,3.94,Yes
E0578,Finance,2,male,58,Diploma,0.3,46040.0,3,23.0,5.5,24.4,3,2.35,3.14,3.87,3.84,1,Yes,48.3,43.9,3.59,3.75,4.23,4.22,Yes
E0579,IT,1,female,33,Bachelor,3.9,32180.0,4,26.0,5.9,4.2,0,4.28,3.82,5.0,4.3,1,No,55.5,71.0,5.0,4.68,4.76,4.97,No
E0580,Operations,1,male,38,Bachelor,5.5,34470.0,3,3.0,8.6,10.9,1,4.86,2.73,4.32,3.86,2,No,90.3,90.5,4.15,4.05,4.0,4.68,Yes
E0581,Operations,1,male,41,Diploma,3.2,30840.0,4,29.0,9.7,7.5,0,3.69,5.0,4.69,3.93,3,Yes,61.2,59.3,4.6,4.03,4.71,4.35,No
E0582,IT,1,female,32,Bachelor,2.6,39110.0,2,40.0,9.6,46.1,0,2.73,3.45,4.5,3.29,8,No,61.5,75.4,4.43,4.58,4.7,4.49,Yes
E0583,Finance,1,male,30,Bachelor,3.4,40320.0,4,48.0,6.2,13.8,1,4.14,4.3,4.53,,1,No,61.0,75.2,4.34,4.78,4.46,4.84,No
E0584,IT,2,female,43,Diploma,4.2,59040.0,3,16.0,7.1,13.2,0,3.43,3.86,4.93,4.68,3,No,31.9,31.1,4.48,4.95,5.0,5.0,No
E0585,Finance,2,male,22,Master,1.0,51510.0,3,11.0,10.9,9.6,0,3.22,4.17,4.67,3.92,3,No,53.0,48.7,4.73,5.0,4.27,5.0,No
E0586,IT,3,male,54,Bachelor,14.2,65810.0,3,23.0,14.1,11.0,2,3.45,3.72,4.14,3.52,5,No,76.0,73.9,4.09,4.34,3.66,4.16,Yes
E0587,Sales,2,female,44,Master,2.6,44020.0,3,28.0,1.4,13.8,1,2.2,4.34,5.0,4.32,5,No,53.1,64.0,5.0,5.0,4.59,4.84,No
E0588,Sales,3,female,36,Master,0.2,45430.0,4,11.0,18.2,14.1,3,4.88,3.08,4.38,3.68,4,No,69.6,78.0,4.44,4.65,4.18,4.16,No
E0589,Sales,2,female,34,Bachelor,9.0,44870.0,4,31.0,0.7,13.5,3,3.4,3.66,4.17,3.84,4,No,52.7,53.8,4.31,3.76,4.63,4.69,No
E0590,IT,1,male,39,Bachelor,3.5,37630.0,4,14.0,3.4,14.6,0,3.67,3.81,4.66,3.9,6,No,59.2,60.8,5.0,4.58,4.86,5.0,No
E0591,Operations,3,male,33,Master,3.9,45550.0,3,6.0,4.2,12.8,0,4.15,4.28,3.79,4.18,5,No,44.9,39.1,3.74,3.69,3.69,4.1,No
E0592,Operations,3,male,29,Master,8.0,61800.0,4,23.0,15.7,,1,3.76,4.88,5.0,4.7,1,Yes,61.1,67.4,5.0,4.84,4.95,5.0,No
E0593,HR,3,male,28,Master,7.0,62300.0,3,6.0,3.8,7.4,2,3.53,3.62,4.85,4.38,2,No,42.6,52.0,5.0,4.43,4.7,5.0,No
E0594,Operations,1,female,33,Bachelor,3.0,29240.0,3,22.0,7.1,4.7,0,3.76,3.29,4.68,4.44,8,No,56.9,58.2,4.93,4.4,5.0,4.86,No
E0595,Operations,4,male,48,Diploma,21.1,85620.0,4,21.0,6.5,19.5,0,1.0,3.45,2.43,2.75,7,Yes,50.9,66.8,2.45,2.18,2.69,2.37,No
E0596,Sales,1,male,41,Diploma,0.8,33790.0,2,2.0,1.3,14.7,0,3.89,3.81,4.96,3.36,3,No,49.6,51.5,4.82,5.0,5.0,5.0,No
E0597,Operations,2,male,38,Bachelor,11.1,39270.0,5,33.0,5.5,28.0,0,3.06,4.4,3.85,3.58,9,No,57.1,59.7,3.6,3.88,3.94,3.87,No
E0598,Operations,3,female,47,Bachelor,7.5,44810.0,3,7.0,6.5,9.7,0,3.99,2.29,4.86,3.52,7,No,37.1,41.9,5.0,5.0,4.84,5.0,No
E0599,Operations,3,male,37,Diploma,11.0,49090.0,3,37.0,10.1,11.2,0,4.19,2.87,4.86,4.98,3,No,45.9,56.5,4.6,4.87,5.0,4.73,No
E0600,HR,2,male,21,Master,0.1,45690.0,3,41.0,8.8,6.5,3,3.11,3.77,4.05,3.75,2,No,64.2,70.0,4.2,4.26,4.3,4.18,No
E0601,HR,1,female,37,Bachelor,3.8,34440.0,3,22.0,4.9,29.4,0,2.67,3.12,3.64,2.42,4,No,55.5,66.8,4.16,3.67,3.83,3.41,No
E0602,Sales,1,male,39,Bachelor,1.4,30770.0,4,24.0,15.1,4.4,2,2.22,3.47,3.46,3.25,3,No,65.1,67.7,3.82,4.04,3.94,3.63,No
E0603,Sales,1,male,26,Bachelor,4.9,35450.0,3,30.0,5.7,11.1,0,3.74,3.26,3.14,2.86,5,Yes,50.9,47.9,3.17,3.48,3.47,3.07,No
E0604,Operations,1,female,27,Bachelor,2.8,25360.0,2,5.0,34.6,14.6,0,3.36,2.17,4.76,4.49,4,No,55.7,61.1,4.91,5.0,4.74,4.7,Yes
E0605,Sales,3,female,54,Master,1.5,50020.0,3,10.0,4.6,6.9,1,1.22,3.59,4.28,4.05,8,No,68.4,88.1,4.45,3.84,4.19,4.35,No
E0606,Finance,1,female,22,Bachelor,1.0,31230.0,3,16.0,3.1,36.7,2,2.86,3.94,4.08,2.83,8,No,56.1,63.6,4.13,3.62,4.11,4.38,No
E0607,Finance,1,male,46,Bachelor,4.7,31910.0,3,5.0,1.9,50.9,2,5.0,3.13,3.76,3.3,5,No,80.1,70.6,3.55,4.23,4.46,4.07,Yes
E0608,HR,3,female,32,Doctorate,3.9,51060.0,4,21.0,18.4,15.7,0,,2.86,3.77,,2,Yes,35.8,47.4,3.68,3.38,3.19,4.03,No
E0609,Sales,3,male,33,Bachelor,10.2,60100.0,3,17.0,5.5,16.3,2,2.98,3.91,5.0,4.25,2,No,50.6,55.1,4.58,5.0,4.63,5.0,No
E0610,Operations,3,female,44,Master,4.0,37020.0,3,16.0,3.3,4.6,1,3.3,3.28,4.14,3.86,0,No,52.2,55.6,4.14,3.9,4.57,4.42,No
E0611,HR,2,female,33,Bachelor,6.6,45630.0,5,52.0,2.1,22.5,0,4.16,4.52,4.82,4.1,5,No,52.0,47.4,4.8,4.74,4.34,4.91,No
E0612,Sales,1,female,44,Bachelor,2.2,31360.0,2,6.0,8.4,12.5,0,3.32,2.83,4.15,3.56,2,No,70.7,84.0,3.99,4.08,3.83,3.72,No
E0613,Finance,2,female,42,Diploma,5.8,36040.0,5,51.0,6.8,9.1,2,3.94,4.54,4.19,3.7,5,No,74.6,86.7,4.02,4.15,4.26,4.3,No
E0614,HR,2,female,36,Doctorate,0.4,53570.0,5,26.0,18.3,16.3,2,3.39,2.45,4.54,3.91,2,No,40.1,39.5,4.29,4.76,4.65,5.0,No
E0615,Operations,1,female,31,Diploma,2.1,35640.0,5,12.0,20.1,,0,2.95,1.61,2.98,2.21,3,No,55.4,51.1,3.12,3.79,3.25,3.11,Yes
E0616,Operations,3,female,61,Master,1.6,59740.0,2,8.0,11.5,2.0,0,2.43,3.57,5.0,4.49,5,No,57.8,56.9,4.9,5.0,5.0,5.0,No
E0617,HR,2,female,42,Bachelor,5.1,37650.0,3,40.0,25.6,7.9,2,3.17,2.68,3.43,1.97,8,No,34.0,40.4,3.56,3.02,3.42,3.74,No
E0618,Sales,3,female,40,Bachelor,10.6,61890.0,4,19.0,12.8,6.9,2,3.06,2.7,4.12,4.61,2,No,78.4,74.8,3.72,4.18,4.49,4.14,No
E0619,Operations,1,female,24,Bachelor,3.0,32010.0,3,26.0,7.7,8.6,0,2.88,1.7,3.99,3.83,5,No,69.7,81.6,3.92,4.45,4.25,3.74,Yes
E0620,Finance,2,female,39,Doctorate,4.5,61390.0,4,24.0,12.3,8.8,0,3.27,3.61,4.31,3.8,3,No,67.3,78.0,4.21,3.73,4.61,4.26,No
E0621,Finance,1,male,25,Diploma,2.9,41150.0,4,3.0,4.0,10.2,3,3.89,3.4,4.84,3.88,3,No,60.4,61.7,4.79,4.95,4.86,5.0,No
E0622,Operations,3,female,49,Bachelor,11.6,46840.0,5,19.0,10.9,7.7,1,4.54,3.07,5.0,4.63,3,No,71.7,71.9,5.0,4.86,5.0,5.0,No
E0623,Finance,3,male,27,Master,6.0,48920.0,3,20.0,1.8,8.7,0,4.41,4.23,5.0,4.74,3,No,58.4,76.7,4.64,5.0,4.76,4.95,No
E0624,IT,4,female,35,Diploma,14.0,70660.0,3,43.0,5.6,12.1,0,2.47,3.93,4.3,3.05,4,No,64.1,71.5,4.44,4.27,4.7,4.27,No
E0625,IT,4,female,33,Bachelor,12.0,79570.0,4,45.0,13.9,30.0,2,3.68,2.72,4.49,4.72,4,No,57.7,72.9,4.51,4.39,4.7,4.33,No
E0626,Sales,3,male,36,Bachelor,15.0,59960.0,4,14.0,6.5,10.0,3,3.0,2.99,4.39,4.73,3,No,69.3,65.3,4.41,4.66,4.64,5.0,No
E0627,Sales,4,female,53,Master,8.8,69300.0,4,7.0,7.1,6.9,1,4.67,3.13,4.54,3.88,2,Yes,62.2,67.8,4.29,4.79,4.36,4.78,No
E0628,Operations,2,female,40,Diploma,2.8,30440.0,2,21.0,19.3,3.9,0,,3.23,4.54,3.78,5,No,57.9,59.5,4.08,4.6,4.37,4.8,No
E0629,Operations,3,female,29,Doctorate,6.7,75470.0,3,23.0,4.4,8.4,0,3.77,4.3,5.0,4.61,2,No,51.0,56.6,4.81,5.0,5.0,4.77,No
E0630,Sales,3,male,39,Master,7.5,49110.0,5,35.0,3.4,28.5,2,4.38,3.18,4.48,3.04,2,Yes,54.7,64.5,4.82,4.36,4.64,4.5,No
E0631,Finance,2,female,25,Bachelor,4.0,47720.0,3,11.0,2.0,17.1,2,2.58,4.51,3.22,3.1,7,Yes,64.4,62.4,3.08,3.43,3.1,3.65,No
E0632,Finance,1,male,32,Diploma,5.4,42850.0,4,10.0,17.5,8.5,1,3.42,3.32,4.68,4.48,5,Yes,56.7,62.9,4.45,4.9,4.79,4.45,No
E0633,Sales,1,female,40,Diploma,4.4,27820.0,3,29.0,13.0,21.1,1,4.6,2.76,4.62,4.22,3,Yes,48.1,51.4,5.0,4.58,4.74,4.51,Yes
E0634,Operations,3,male,41,Master,7.7,51860.0,2,24.0,17.3,9.3,0,3.44,2.26,3.53,3.75,2,No,36.2,37.3,3.69,3.65,3.39,3.68,Yes
E0635,Operations,3,male,30,Bachelor,6.8,53860.0,3,4.0,16.5,35.4,0,3.45,3.11,3.51,3.25,5,No,46.5,52.4,3.92,3.63,3.59,3.37,No
E0636,Operations,3,male,49,Diploma,8.5,51620.0,3,10.0,16.8,18.6,0,3.55,3.89,4.31,3.46,4,No,57.2,61.7,4.4,4.1,4.39,4.6,No
E0637,IT,4,male,38,Master,7.4,97140.0,2,33.0,18.8,36.4,3,2.5,3.21,2.74,4.33,8,No,40.3,42.7,2.86,3.23,2.52,2.93,Yes
E0638,Sales,2,female,45,Master,5.8,39490.0,5,18.0,3.2,22.4,3,3.47,3.78,4.26,3.91,0,No,57.6,77.9,4.48,3.87,4.47,3.94,No
E0639,IT,5,female,54,Master,19.3,124100.0,4,17.0,7.7,2.5,1,2.69,4.41,4.86,5.0,6,Yes,56.4,64.6,4.6,5.0,4.95,5.0,No
E0640,IT,3,male,34,Master,7.8,93130.0,3,25.0,6.0,5.6,3,2.25,3.43,3.31,4.13,5,No,48.8,50.9,3.67,3.7,3.57,3.46,No
E0641,Finance,2,male,34,Bachelor,2.6,56110.0,4,21.0,4.7,12.8,1,5.0,3.4,4.85,4.75,2,No,40.7,44.9,4.87,4.59,5.0,4.47,No
E0642,Operations,1,female,35,Diploma,3.1,29740.0,2,7.0,6.2,11.0,0,2.69,2.3,4.22,2.77,4,No,57.1,61.9,4.33,3.89,3.86,4.13,No
E0643,Operations,1,male,40,Diploma,3.9,25950.0,4,14.0,8.7,13.3,1,,4.39,4.14,3.47,8,No,65.9,73.1,4.63,4.09,4.24,4.48,No
E0644,Finance,1,female,24,Bachelor,3.0,32100.0,3,28.0,4.9,22.0,1,4.56,3.0,5.0,4.47,1,No,62.9,63.8,4.77,4.92,4.71,5.0,No
E0645,Sales,2,male,35,Diploma,6.5,38660.0,4,20.0,4.0,7.6,0,4.02,4.95,4.13,,3,No,45.4,51.9,3.98,3.58,4.22,4.21,No
E0646,Operations,2,male,25,Master,4.0,43410.0,5,38.0,13.5,10.6,0,3.33,2.34,4.07,3.77,3,No,64.5,71.6,3.78,4.19,4.66,4.33,Yes
E0647,IT,3,female,37,Bachelor,7.7,58750.0,4,72.0,4.9,21.9,3,2.98,2.74,3.94,3.34,7,No,70.4,80.2,3.62,3.98,4.17,4.22,No
E0648,Sales,4,male,32,Master,11.0,72160.0,4,18.0,0.9,13.8,1,2.92,3.88,3.76,3.35,5,Yes,44.6,38.3,4.16,3.76,3.06,4.26,No
E0649,Sales,2,female,46,Diploma,6.0,33050.0,5,19.0,1.2,12.4,1,2.38,3.32,4.26,3.23,3,No,77.3,81.8,3.89,3.98,3.98,4.9,No
E0650,Operations,2,male,40,Master,2.4,35550.0,2,11.0,11.5,11.4,0,3.79,3.02,4.34,3.83,7,No,56.9,57.8,4.53,4.15,4.02,4.92,No
E0651,Sales,4,male,36,Master,9.1,67480.0,2,16.0,4.2,10.6,2,,4.05,3.48,,3,No,49.4,56.7,3.56,3.15,3.34,3.35,No
E0652,Finance,3,male,40,Master,5.5,61220.0,4,35.0,8.6,7.5,0,3.16,2.91,4.79,3.62,3,No,64.0,63.7,5.0,4.56,5.0,4.78,No
E0653,Operations,2,female,21,Bachelor,0.1,28200.0,3,47.0,12.6,1.0,0,2.95,2.87,3.96,2.88,3,No,63.5,72.7,3.7,3.94,4.27,4.18,No
E0654,HR,1,female,40,Diploma,3.3,26910.0,4,36.0,9.4,14.8,1,4.08,3.67,4.76,3.73,4,Yes,63.5,67.5,4.6,4.41,4.68,4.83,No
E0655,Sales,2,male,32,Bachelor,7.7,51300.0,4,30.0,0.7,44.5,2,2.78,3.56,3.34,3.34,5,Yes,56.7,68.5,3.54,3.18,3.2,3.05,Yes
E0656,Sales,5,female,39,Master,12.6,97190.0,2,13.0,1.5,17.1,0,3.14,2.73,4.14,3.63,3,No,45.2,48.4,4.25,4.18,3.89,4.48,No
E0657,Sales,2,female,39,Bachelor,3.0,29920.0,3,7.0,3.0,8.9,3,4.46,3.58,5.0,4.05,5,No,36.2,29.7,4.85,5.0,4.78,5.0,No
E0658,Sales,3,female,53,Bachelor,15.9,66020.0,4,51.0,0.3,19.7,0,2.31,4.12,3.68,4.18,2,Yes,57.3,60.4,3.24,3.47,3.95,3.5,No
E0659,Operations,2,male,28,Bachelor,7.0,38800.0,3,9.0,13.1,13.1,0,4.83,2.63,5.0,4.99,7,No,61.5,66.3,5.0,5.0,4.82,4.48,No
E0660,HR,2,female,45,Bachelor,9.8,44830.0,3,26.0,7.0,13.8,0,2.44,4.15,4.68,3.84,4,No,43.6,47.5,4.84,4.74,4.56,5.0,No
E0661,Operations,1,male,28,Bachelor,1.0,27450.0,3,15.0,7.8,31.3,0,3.57,3.53,4.83,4.07,4,No,47.1,49.1,4.93,5.0,4.96,5.0,No
E0662,Sales,1,male,26,Diploma,5.0,36200.0,4,42.0,12.6,,2,4.28,3.09,4.44,3.31,1,No,74.3,78.1,4.74,4.29,5.0,4.93,No
E0663,Operations,1,female,27,Bachelor,1.2,31160.0,3,22.0,16.3,24.1,0,3.39,2.73,4.15,2.95,4,No,40.6,49.1,4.26,3.77,4.07,4.17,No
E0664,Sales,1,male,60,Diploma,4.0,32300.0,2,10.0,6.3,8.1,2,4.01,3.46,4.28,3.95,7,No,44.5,50.3,4.11,3.91,4.14,4.2,No
E0665,IT,1,female,46,Bachelor,5.7,32310.0,3,24.0,9.1,12.1,0,2.1,4.79,5.0,4.79,2,No,31.3,35.9,5.0,4.88,5.0,5.0,No
E0666,IT,1,female,32,Bachelor,2.2,43180.0,4,18.0,10.9,17.2,2,3.09,3.31,3.67,2.77,1,No,65.2,69.0,3.41,4.12,3.75,3.62,Yes
E0667,Sales,2,female,34,Diploma,9.7,43940.0,3,38.0,9.0,46.2,3,3.15,3.4,3.9,2.86,5,No,40.7,57.8,3.96,4.31,4.32,4.3,No
E0668,Operations,1,male,34,Bachelor,3.7,28230.0,4,14.0,19.4,6.5,1,2.61,1.22,3.27,2.34,2,No,47.1,60.4,3.42,3.23,3.29,3.4,No
E0669,Operations,2,female,36,Bachelor,6.5,38480.0,2,32.0,10.7,8.6,1,3.49,2.15,4.0,3.02,3,No,57.9,69.5,4.57,3.75,4.1,4.26,Yes
E0670,Finance,2,female,43,Master,0.2,47620.0,3,8.0,2.3,4.6,1,3.21,3.07,3.65,2.56,5,No,62.2,64.1,3.5,3.55,3.43,3.52,No
E0671,Sales,3,female,31,Bachelor,8.8,59240.0,3,32.0,18.5,10.6,0,3.03,3.59,3.12,3.09,6,No,48.5,53.7,3.25,2.95,3.62,3.31,No
E0672,Operations,1,female,32,Diploma,1.7,29180.0,2,27.0,15.7,4.9,0,2.95,3.76,4.34,3.73,1,No,64.5,79.7,4.22,4.48,4.5,4.35,No
E0673,Sales,2,male,48,Master,1.0,43450.0,4,27.0,5.5,10.0,1,,3.19,4.14,3.49,5,No,50.4,55.3,4.15,4.05,4.03,4.46,No
E0674,IT,3,male,43,Diploma,12.5,74370.0,3,27.0,5.1,16.6,2,2.95,3.2,4.23,4.31,3,No,43.1,48.3,4.26,4.86,4.34,4.8,No
E0675,Operations,2,male,32,Diploma,11.0,41910.0,3,46.0,12.4,19.5,0,4.02,4.55,4.8,3.94,6,No,67.4,76.7,4.89,5.0,4.7,4.71,No
E0676,HR,2,female,21,Bachelor,0.1,43110.0,5,12.0,7.0,17.2,2,3.66,5.0,5.0,3.29,4,Yes,56.6,53.7,5.0,4.8,5.0,4.83,No
E0677,Finance,2,male,49,Bachelor,11.2,56300.0,4,16.0,4.8,8.3,0,1.6,2.84,2.49,3.16,4,No,60.6,70.7,2.29,1.91,2.73,2.89,No
E0678,Sales,2,female,32,Bachelor,11.0,46410.0,3,46.0,3.9,10.1,2,2.67,2.52,2.97,2.9,6,No,54.9,63.2,3.11,2.58,3.04,3.14,No
E0679,Operations,1,male,42,Bachelor,3.1,31680.0,2,52.0,4.7,9.0,0,2.68,3.32,4.38,3.17,3,No,59.0,66.5,4.87,3.94,4.52,4.71,No
E0680,Operations,1,female,21,Bachelor,0.1,29000.0,3,58.0,5.0,28.9,0,2.88,3.48,3.21,2.95,6,No,58.4,67.2,2.67,3.21,3.18,3.25,Yes
E0681,Sales,1,female,31,Bachelor,4.4,31060.0,2,16.0,7.5,34.5,0,2.47,2.85,3.54,,6,No,78.5,89.6,3.4,3.67,3.72,3.88,No
E0682,Sales,2,male,47,Master,3.3,49950.0,4,10.0,2.7,,2,1.72,3.28,3.5,3.53,6,No,38.4,45.4,3.68,3.37,3.7,3.83,No
E0683,IT,3,male,33,Bachelor,12.0,71940.0,4,9.0,2.7,20.4,2,4.8,3.53,4.06,3.46,3,No,51.8,47.1,4.22,3.93,4.16,4.66,No
E0684,Operations,2,male,53,Bachelor,6.9,40950.0,3,27.0,5.4,,0,1.76,3.33,2.73,2.92,3,No,55.7,62.3,2.72,2.55,2.56,2.75,No
E0685,Sales,1,male,62,Bachelor,1.7,26970.0,4,31.0,4.1,9.4,0,4.79,4.14,3.83,3.79,4,No,45.2,54.5,3.83,3.4,4.19,3.88,Yes
E0686,Sales,1,female,43,Bachelor,1.9,32270.0,4,35.0,2.7,15.3,2,3.81,3.47,3.86,3.22,3,No,53.9,65.9,3.93,4.17,4.19,3.72,No
E0687,Finance,1,female,49,Bachelor,3.0,35890.0,4,28.0,18.5,6.6,0,3.84,3.17,4.75,3.9,3,No,57.2,59.0,4.76,4.45,4.5,4.32,No
E0688,Sales,1,male,34,Diploma,2.6,27670.0,3,9.0,1.3,15.9,1,4.84,3.6,4.31,4.3,1,No,49.8,63.5,4.05,3.96,3.56,4.29,No
E0689,Operations,3,female,38,Master,7.4,66000.0,3,19.0,3.9,6.5,0,3.8,4.07,4.57,3.95,4,No,65.5,76.8,4.53,4.56,4.61,4.92,No
E0690,HR,2,male,27,Bachelor,6.0,38080.0,3,15.0,6.1,18.0,1,2.94,4.85,5.0,4.99,2,No,44.9,50.6,5.0,5.0,5.0,4.41,No
E0691,Sales,1,male,21,Diploma,0.1,27170.0,5,32.0,2.1,9.8,0,3.57,2.98,4.4,3.79,3,No,50.0,56.7,4.41,4.7,3.96,4.75,No
E0692,Sales,2,male,52,Bachelor,9.6,46910.0,3,18.0,9.6,12.7,1,4.53,3.08,4.66,3.44,2,No,53.2,60.7,4.66,4.64,4.79,5.0,No
E0693,IT,3,female,27,Master,6.0,86590.0,4,38.0,8.7,10.0,1,4.49,3.2,5.0,5.0,6,No,61.1,74.2,5.0,5.0,4.86,5.0,Yes
E0694,IT,1,female,21,Bachelor,0.1,39950.0,4,28.0,8.0,31.8,2,4.28,4.74,4.0,3.45,1,Yes,60.6,69.6,4.04,3.78,4.32,4.15,No
E0695,Finance,2,male,29,Bachelor,6.1,54850.0,3,28.0,6.8,15.1,0,2.73,3.29,4.15,3.3,3,No,72.3,79.5,3.78,4.39,4.09,4.73,No
E0696,Sales,2,female,44,Bachelor,4.2,46150.0,4,24.0,0.8,23.8,1,1.57,2.71,4.0,3.49,5,No,50.9,67.2,4.11,4.03,3.74,4.32,No
E0697,Sales,1,male,45,Bachelor,1.1,30840.0,2,8.0,3.2,9.3,3,1.93,3.0,3.25,2.67,10,No,67.3,71.0,3.29,3.48,3.3,3.67,No
E0698,Sales,2,female,59,Doctorate,5.5,41190.0,4,20.0,1.3,10.8,0,3.35,4.07,3.66,2.82,3,Yes,68.9,80.7,3.84,3.6,3.46,4.06,No
E0699,Finance,2,female,37,Bachelor,7.3,50460.0,2,24.0,14.2,7.3,2,3.74,3.09,4.69,3.76,6,No,57.5,70.8,4.96,4.75,5.0,4.79,No
E0700,Operations,2,male,28,Master,3.0,48990.0,4,9.0,9.0,12.8,0,3.6,3.63,4.6,4.03,4,No,38.2,45.0,4.64,4.73,5.0,4.65,No
E0701,Sales,4,male,34,Doctorate,7.3,77350.0,4,86.0,7.3,7.6,1,4.58,3.83,5.0,5.0,2,No,56.7,66.7,4.9,4.86,5.0,5.0,No
E0702,Operations,1,female,33,Bachelor,2.4,27850.0,3,11.0,12.9,,0,3.9,1.95,3.79,3.08,5,No,58.9,67.2,3.86,4.24,3.49,4.0,Yes
E0703,Operations,2,female,24,Master,3.0,38840.0,2,21.0,4.0,7.5,0,3.72,3.1,3.96,3.25,0,No,63.7,78.3,4.38,3.83,3.95,3.71,Yes
E0704,Finance,1,male,48,Bachelor,5.5,36490.0,3,27.0,15.6,28.0,0,4.4,3.11,4.08,3.59,7,No,58.7,66.0,4.15,4.36,4.09,3.65,Yes
E0705,IT,2,male,56,Bachelor,7.5,38850.0,5,11.0,10.2,12.8,1,5.0,3.94,4.76,3.53,3,Yes,61.3,57.5,4.8,4.28,4.92,4.69,No
E0706,Sales,3,female,35,Bachelor,13.2,51470.0,4,28.0,3.4,2.1,1,3.14,4.02,4.55,3.76,2,No,45.8,48.9,4.52,4.64,4.79,4.45,No
E0707,Operations,3,female,41,Master,8.6,59200.0,4,43.0,10.8,13.7,0,3.94,4.29,4.45,4.65,1,No,66.0,59.9,4.51,4.4,5.0,4.54,No
E0708,IT,3,female,58,Bachelor,10.7,62670.0,4,51.0,4.2,6.1,2,2.59,3.42,4.16,3.93,1,No,66.5,70.1,4.19,4.38,4.38,3.61,No
E0709,Finance,2,female,29,Bachelor,8.0,43930.0,3,43.0,22.4,4.8,1,2.68,2.76,3.81,2.62,6,No,61.2,68.4,3.69,4.12,3.66,4.0,No
E0710,Sales,2,male,32,Master,3.5,37650.0,4,31.0,16.6,1.5,2,3.03,3.25,4.61,3.79,1,No,60.6,64.3,4.57,4.62,4.57,4.69,No
E0711,HR,2,male,40,Diploma,10.2,45290.0,4,6.0,3.2,12.0,1,3.17,2.26,3.58,2.94,4,No,56.3,56.3,3.76,3.6,3.54,3.14,No
E0712,Operations,2,male,39,Bachelor,9.0,35710.0,4,26.0,12.7,5.4,0,3.92,4.27,3.91,3.81,2,No,83.2,91.3,3.2,4.2,3.88,4.14,No
E0713,Operations,2,male,36,Bachelor,9.4,45730.0,4,4.0,12.8,16.8,0,3.94,3.87,4.61,3.43,5,No,54.8,64.6,4.53,4.56,4.93,4.55,No
E0714,Sales,2,female,21,Master,0.1,34560.0,4,56.0,10.1,3.4,1,2.67,3.48,4.49,3.71,2,No,67.8,57.0,4.38,4.49,4.73,4.38,No
E0715,Sales,2,female,36,Bachelor,5.6,35460.0,4,10.0,4.2,14.2,1,1.84,4.77,3.28,3.72,5,Yes,57.5,61.9,2.83,2.98,3.3,3.35,No
E0716,Operations,1,male,50,Bachelor,1.4,30040.0,3,42.0,12.0,13.1,1,1.86,2.04,2.25,1.89,7,No,72.1,75.0,2.49,2.26,2.18,2.06,Yes
E0717,Sales,3,female,31,Bachelor,10.0,45890.0,4,41.0,2.7,2.3,0,2.82,3.71,3.72,,3,No,68.2,76.7,3.54,4.23,3.72,3.09,No
E0718,Operations,2,female,42,Master,1.6,37730.0,2,21.0,11.0,10.6,1,3.28,2.62,4.51,3.83,7,No,69.8,65.5,4.68,4.8,4.7,4.7,No
E0719,Operations,2,male,47,Diploma,2.1,41490.0,3,22.0,5.7,3.7,0,3.96,2.71,4.47,3.82,6,Yes,49.4,63.9,4.84,4.32,4.78,4.37,No
E0720,Operations,2,female,44,Bachelor,6.7,36290.0,5,11.0,3.5,8.4,0,4.66,2.65,4.77,4.56,9,No,79.6,77.5,4.44,5.0,4.63,5.0,No
E0721,Operations,3,female,43,Bachelor,7.5,46480.0,3,7.0,13.3,6.4,1,4.3,4.39,5.0,4.58,5,No,48.6,60.2,5.0,5.0,5.0,5.0,No
E0722,Sales,2,male,46,Bachelor,7.9,49310.0,3,40.0,10.2,44.2,1,4.08,2.7,4.5,4.28,7,No,68.9,80.6,5.0,4.29,4.41,4.33,No
E0723,HR,3,male,48,Master,0.7,59420.0,4,44.0,8.2,5.8,2,3.65,3.45,5.0,4.74,0,No,57.1,70.4,4.69,4.76,5.0,5.0,No
E0724,Operations,1,female,38,Bachelor,3.6,35330.0,4,43.0,18.0,21.9,0,3.0,3.5,3.29,3.02,1,No,69.8,59.7,3.08,3.88,3.48,3.09,No
E0725,Sales,1,female,37,Diploma,1.9,36560.0,4,45.0,7.7,24.2,0,3.26,3.84,5.0,3.74,3,No,48.3,57.2,5.0,4.8,4.85,5.0,No
E0726,HR,2,male,35,Diploma,5.4,49270.0,2,42.0,3.7,3.9,2,3.19,3.44,3.6,3.61,7,No,51.8,61.8,3.44,4.28,3.6,3.67,No
E0727,Finance,3,female,41,Bachelor,14.2,56530.0,3,20.0,7.8,4.4,1,2.67,3.78,4.78,4.05,2,No,56.4,70.8,4.95,4.7,4.56,4.53,No
E0728,Operations,1,male,35,Diploma,0.8,25800.0,3,7.0,9.9,21.8,0,4.15,3.18,5.0,4.23,6,No,48.8,60.2,5.0,4.85,5.0,5.0,Yes
E0729,Sales,2,female,31,Diploma,10.0,35800.0,4,46.0,3.0,20.1,1,2.18,3.17,3.29,2.5,6,No,75.5,90.5,3.42,3.41,2.9,3.14,No
E0730,Sales,3,male,41,Master,6.5,48430.0,4,17.0,3.8,4.1,3,4.21,3.25,4.78,3.95,5,No,61.5,62.3,4.85,4.9,5.0,5.0,No
E0731,Finance,1,male,21,Bachelor,0.1,38950.0,2,15.0,1.4,18.9,1,4.75,4.04,4.39,3.81,6,No,44.6,46.9,4.37,3.95,4.29,4.72,Yes
E0732,Sales,2,male,42,Diploma,4.2,41290.0,4,16.0,0.2,11.5,1,3.31,3.55,4.37,4.01,4,No,50.9,55.7,4.48,4.53,4.04,4.11,No
E0733,Operations,1,female,44,Bachelor,4.9,38840.0,3,22.0,9.9,5.8,0,4.71,3.17,4.87,4.28,4,No,43.1,51.1,4.96,4.68,5.0,4.97,No
E0734,Finance,2,male,42,Bachelor,1.0,51850.0,3,39.0,2.0,23.3,2,2.13,3.37,4.5,,2,No,92.8,95.9,4.42,4.45,4.72,4.87,Yes
E0735,Operations,2,male,40,Master,5.1,38020.0,2,10.0,19.2,9.1,1,2.76,3.38,3.9,3.9,8,No,47.1,58.4,4.37,4.0,3.72,4.08,No
E0736,Operations,2,female,24,Master,3.0,33150.0,4,14.0,16.8,7.1,1,4.25,2.39,4.25,3.26,4,No,69.6,67.8,4.2,4.38,4.28,4.02,No
E0737,Operations,3,female,57,Doctorate,2.8,55770.0,4,13.0,11.0,9.7,1,4.13,1.96,4.75,4.33,4,No,46.9,42.1,4.77,4.88,4.4,4.48,Yes
E0738,IT,1,male,43,Diploma,3.5,31070.0,2,14.0,14.2,5.0,1,3.85,3.0,4.5,3.2,2,No,43.0,39.3,4.27,4.37,3.85,4.9,No
E0739,Sales,1,female,21,Diploma,0.1,29830.0,4,17.0,7.4,13.4,1,3.75,4.98,4.71,4.56,2,No,45.5,50.6,4.6,4.61,4.67,4.71,No
E0740,Operations,4,male,39,Master,11.7,72720.0,5,15.0,11.5,20.7,0,2.86,3.24,4.57,4.23,3,No,46.5,42.7,4.93,4.48,5.0,5.0,No
E0741,IT,3,male,31,Master,10.0,72730.0,4,33.0,7.4,40.2,0,2.47,3.76,3.39,3.33,6,No,52.9,70.7,3.12,3.14,3.87,3.5,No
E0742,Operations,1,male,49,Diploma,3.6,31240.0,3,1.0,4.9,31.7,0,4.46,2.88,4.54,4.21,1,No,54.5,55.4,4.01,4.95,4.43,3.81,Yes
E0743,IT,2,male,43,Doctorate,3.8,54360.0,3,9.0,10.4,21.2,0,4.13,3.85,4.81,3.4,2,No,57.0,65.6,4.97,5.0,5.0,4.4,No
E0744,Operations,1,male,40,Bachelor,0.1,22780.0,5,21.0,6.8,4.8,0,2.95,3.72,4.94,3.23,3,No,53.9,51.2,5.0,5.0,4.58,5.0,No
E0745,Finance,2,female,46,Master,3.4,51400.0,4,9.0,7.9,16.2,0,3.34,3.6,4.16,3.58,2,No,51.4,47.6,3.91,4.09,3.84,4.32,No
E0746,Operations,2,male,47,Bachelor,3.8,48070.0,4,32.0,3.9,4.9,0,2.11,3.45,5.0,3.89,1,No,68.0,70.6,4.76,4.52,5.0,4.74,Yes
E0747,Operations,2,female,35,Diploma,9.1,35340.0,2,36.0,20.8,13.9,0,2.6,1.91,4.0,3.34,2,No,60.0,75.6,4.02,4.12,3.64,4.19,No
E0748,Sales,2,female,57,Master,2.7,41180.0,5,15.0,4.7,13.3,3,2.66,2.51,3.92,3.51,7,No,44.5,48.9,3.51,4.32,4.12,3.87,No
E0749,Sales,1,female,28,Diploma,5.7,32380.0,2,23.0,9.1,9.5,2,3.26,2.59,3.87,3.31,3,No,52.7,50.2,3.71,3.54,4.6,3.84,No
E0750,Operations,1,female,43,Bachelor,4.3,28680.0,4,16.0,11.1,16.7,1,5.0,2.46,4.29,3.39,8,No,52.7,61.1,4.56,4.15,4.3,4.33,No
E0751,Sales,3,male,33,Doctorate,8.0,57720.0,4,16.0,8.8,3.5,3,2.83,2.8,3.64,3.89,3,No,62.6,71.5,3.85,3.71,3.77,3.73,No
E0752,IT,3,male,40,Master,10.7,69380.0,4,22.0,11.6,27.8,3,2.06,3.97,4.51,3.83,5,No,57.2,57.5,4.61,4.65,4.39,4.74,No
E0753,Operations,3,female,41,Master,5.0,52350.0,3,21.0,9.5,1.7,0,5.0,3.3,5.0,4.24,5,No,60.1,67.1,5.0,5.0,4.93,5.0,No
E0754,Sales,2,male,32,Master,2.1,52680.0,4,17.0,6.4,4.9,0,3.22,3.28,3.89,3.59,3,No,62.5,63.9,3.94,3.67,4.17,4.98,No
E0755,HR,1,female,38,Bachelor,5.8,29810.0,4,14.0,8.8,5.6,0,3.38,3.92,4.22,3.58,2,No,61.4,67.8,4.3,3.79,4.2,4.87,No
E0756,Sales,3,male,29,Master,1.7,47840.0,4,42.0,10.5,16.3,2,2.33,2.5,3.49,2.9,6,No,62.2,68.0,2.97,3.32,3.74,3.58,Yes
E0757,Sales,3,female,35,Bachelor,11.5,57050.0,4,15.0,3.6,7.7,2,5.0,3.46,5.0,4.48,2,No,65.3,82.0,4.87,4.98,4.74,5.0,No
E0758,IT,1,female,26,Bachelor,3.7,33860.0,3,44.0,8.7,10.2,0,2.45,3.46,4.72,3.62,6,No,60.8,74.2,4.53,4.65,4.69,4.3,No
E0759,Sales,3,female,30,Master,3.9,53270.0,5,16.0,5.5,12.4,3,3.13,3.37,3.52,3.25,5,No,62.8,69.2,3.36,3.27,3.76,3.32,No
E0760,Operations,2,male,49,Bachelor,7.2,42220.0,2,25.0,7.1,29.3,0,3.54,3.57,4.42,3.39,3,No,47.9,56.9,4.38,4.43,4.4,4.95,Yes
E0761,Sales,3,female,41,Diploma,6.3,48600.0,4,27.0,10.8,6.1,1,3.52,4.26,5.0,4.6,2,No,70.2,75.0,4.93,5.0,4.82,4.66,No
E0762,Operations,1,male,27,Bachelor,2.9,38770.0,4,33.0,20.2,36.1,0,4.08,2.59,3.17,2.68,3,Yes,40.9,41.8,3.01,3.66,3.65,3.55,No
E0763,Sales,2,female,40,Bachelor,6.8,44560.0,4,20.0,4.4,20.0,1,3.31,4.72,5.0,,2,No,58.0,62.4,4.95,4.45,4.22,5.0,No
E0764,Operations,2,male,46,Bachelor,1.8,37670.0,2,13.0,20.7,,0,2.13,2.2,3.06,2.77,4,No,69.2,65.7,2.92,2.93,2.92,2.87,No
E0765,IT,2,female,21,Bachelor,0.1,48490.0,4,14.0,5.1,3.3,0,4.46,3.02,5.0,4.72,5,No,56.1,71.8,4.78,4.87,5.0,4.69,No
E0766,Sales,2,female,33,Bachelor,7.9,48200.0,3,22.0,22.1,11.6,3,5.0,3.57,4.47,4.07,3,No,70.0,74.3,4.72,4.33,4.56,4.1,Yes
E0767,IT,2,female,26,Bachelor,5.0,43980.0,3,12.0,17.2,23.9,0,2.65,1.0,3.26,3.01,5,No,49.0,57.8,3.05,3.44,3.35,3.11,Yes
E0768,Sales,2,male,41,Bachelor,7.0,40530.0,5,4.0,11.2,42.7,0,3.36,3.04,3.84,3.02,4,No,51.3,45.5,3.82,4.46,3.88,4.1,No
E0769,Finance,1,male,38,Bachelor,4.2,26850.0,3,32.0,7.8,21.7,3,3.79,3.4,3.85,3.0,7,No,48.2,49.6,3.96,4.12,4.02,4.2,No
E0770,Operations,3,male,30,Doctorate,6.7,49330.0,5,23.0,21.4,13.1,0,,3.02,3.91,3.11,1,No,77.1,79.2,4.22,3.95,3.92,4.07,No
E0771,Operations,2,male,34,Bachelor,1.8,35760.0,5,36.0,28.8,9.5,0,3.27,2.26,2.09,2.51,5,No,78.3,86.4,2.34,1.85,2.24,2.43,Yes
E0772,IT,2,male,35,Diploma,9.8,45630.0,4,8.0,18.8,9.9,0,4.22,1.8,3.34,2.71,3,Yes,56.6,58.6,3.51,2.75,3.07,3.24,No
E0773,IT,4,male,35,Diploma,14.0,69050.0,2,21.0,3.9,17.8,2,4.14,3.35,4.17,3.57,1,No,57.1,61.0,4.23,4.64,4.36,4.51,No
E0774,Sales,3,female,37,Master,9.4,47100.0,3,17.0,0.6,13.6,1,2.94,4.36,4.49,3.48,9,No,76.6,80.9,4.53,4.6,4.41,4.44,No
E0775,IT,1,male,31,Diploma,1.6,38940.0,3,29.0,4.8,27.5,1,2.92,3.58,4.93,4.05,1,No,37.9,49.4,4.68,4.71,5.0,4.85,No
E0776,IT,4,female,31,Master,10.0,79810.0,4,7.0,5.0,11.6,1,3.94,4.74,4.27,3.84,5,No,69.1,78.0,4.41,4.15,4.05,3.97,No
E0777,Sales,4,male,40,Master,12.7,75040.0,5,37.0,17.9,18.0,0,4.33,3.53,4.71,,2,No,52.2,65.0,4.94,4.46,4.77,5.0,No
E0778,Operations,1,male,33,Diploma,0.9,30200.0,2,3.0,11.2,6.1,0,2.66,3.61,4.16,3.67,4,No,59.4,66.2,4.45,4.4,3.94,4.16,No
E0779,HR,2,female,36,Doctorate,1.9,41360.0,5,11.0,41.8,13.3,2,2.04,2.45,3.62,3.5,4,No,57.9,63.0,3.44,3.9,4.27,3.68,Yes
E0780,Sales,2,female,41,Master,2.6,45620.0,2,23.0,4.1,36.1,0,4.0,4.07,4.59,4.0,7,No,48.5,41.2,4.42,4.93,4.75,4.8,No
E0781,Sales,1,male,33,Bachelor,4.9,34670.0,3,8.0,23.4,17.2,2,5.0,3.33,4.91,4.28,1,No,67.9,71.5,4.76,5.0,4.9,4.9,Yes
E0782,Sales,2,female,36,Master,2.1,42200.0,2,20.0,4.0,14.0,0,2.71,4.95,3.97,2.63,4,No,48.8,50.2,4.18,4.57,4.35,4.25,Yes
E0783,IT,2,male,56,Bachelor,2.0,56590.0,4,28.0,11.6,3.2,0,4.16,4.87,4.61,4.43,5,No,55.6,64.0,4.73,4.68,4.65,4.39,No
E0784,Operations,1,male,23,Diploma,2.0,32470.0,4,27.0,5.6,11.6,0,2.71,3.13,4.68,3.85,3,No,44.6,52.4,4.8,4.98,4.63,4.85,No
E0785,Sales,1,female,21,Bachelor,0.1,29260.0,3,32.0,26.6,24.7,2,2.5,2.5,3.95,3.92,1,No,59.0,58.6,3.51,4.0,4.47,4.52,Yes
E0786,IT,1,male,25,Bachelor,4.0,46740.0,2,46.0,9.2,9.8,3,4.43,2.45,3.8,3.76,4,No,41.3,50.7,3.54,3.9,3.76,3.61,Yes
E0787,IT,2,female,49,Master,2.9,42790.0,3,23.0,3.5,19.4,1,3.43,3.56,3.94,3.29,2,No,61.5,71.5,4.28,3.31,3.7,3.8,No
E0788,Operations,1,male,24,Bachelor,3.0,35050.0,4,41.0,38.5,23.8,0,4.28,1.18,3.66,3.22,5,No,68.6,74.7,3.37,3.48,3.98,3.73,No
E0789,IT,4,male,40,Master,14.6,98980.0,3,31.0,8.6,27.4,0,3.05,2.44,3.57,4.1,4,No,56.8,57.9,4.32,2.83,3.57,3.49,No
E0790,Sales,2,male,28,Master,5.8,37970.0,4,19.0,13.0,9.6,2,3.68,3.21,3.86,2.75,4,No,62.4,69.1,3.61,4.26,3.79,4.18,No
E0791,Operations,1,male,37,Bachelor,2.3,33800.0,5,10.0,9.8,2.8,0,2.18,4.36,3.84,2.51,4,No,71.0,71.8,3.96,3.51,3.9,4.25,No
E0792,Operations,1,female,23,Bachelor,2.0,23730.0,2,57.0,4.5,36.2,1,2.19,3.0,3.67,2.64,6,No,33.8,49.8,4.14,4.25,3.91,3.5,No
E0793,IT,1,female,53,Bachelor,5.1,44230.0,3,11.0,3.7,1.1,2,3.71,4.24,4.16,3.35,1,No,62.1,68.3,4.08,4.18,3.87,4.42,No
E0794,Sales,4,male,36,Master,11.0,63500.0,4,7.0,19.9,5.4,0,2.32,2.02,3.76,4.19,5,Yes,63.0,65.7,3.65,4.07,3.64,3.65,No
E0795,Finance,2,female,47,Diploma,5.6,46200.0,3,13.0,3.1,14.8,1,2.74,3.91,4.04,3.64,4,Yes,67.4,73.0,4.12,3.63,4.42,3.82,No
E0796,Finance,2,female,31,Diploma,6.2,46570.0,3,29.0,2.4,10.1,0,2.85,3.73,4.33,3.47,6,No,59.7,65.7,4.33,4.83,4.24,4.56,No
E0797,Finance,2,female,42,Diploma,6.8,41200.0,3,23.0,29.6,35.6,3,4.3,2.0,2.71,2.26,8,No,86.6,89.6,2.85,2.57,2.73,2.75,No
E0798,Operations,1,male,33,Diploma,5.6,29680.0,5,18.0,7.6,16.3,0,3.13,3.77,4.66,3.51,2,No,58.9,74.5,4.87,5.0,5.0,4.51,No
E0799,Finance,2,male,43,Bachelor,6.1,44780.0,5,18.0,14.2,14.9,3,3.32,4.19,4.05,3.84,2,No,51.8,63.2,4.14,3.98,4.07,3.87,No
E0800,IT,1,male,44,Bachelor,5.1,42330.0,4,15.0,3.7,8.7,2,4.43,4.27,5.0,,4,No,60.3,75.9,5.0,4.36,5.0,5.0,No
E0801,Operations,1,female,46,Diploma,4.1,33930.0,4,30.0,9.6,9.7,0,3.69,1.17,4.01,3.09,3,No,62.3,67.7,4.42,3.87,3.71,3.65,No
E0802,Operations,2,male,32,Master,1.2,39010.0,4,16.0,4.1,19.6,0,3.97,3.76,3.7,4.08,1,No,56.6,46.3,3.2,4.19,4.27,3.7,No
E0803,Operations,2,male,52,Diploma,8.1,41180.0,3,11.0,14.5,4.2,0,3.79,3.33,3.94,2.46,8,No,59.7,67.4,3.71,4.1,4.35,4.51,No
E0804,Sales,2,male,48,Diploma,6.5,37920.0,5,19.0,2.6,26.9,0,4.72,3.33,4.39,3.89,6,No,65.7,76.3,4.31,4.24,4.14,4.47,No
E0805,IT,1,male,35,Bachelor,0.5,40940.0,4,20.0,10.9,14.7,0,2.04,3.56,4.6,3.87,3,No,68.1,61.9,4.34,4.61,4.75,4.65,No
E0806,Finance,2,male,46,Bachelor,7.8,38930.0,4,17.0,11.2,11.8,3,2.39,3.87,4.6,4.08,4,No,41.7,56.1,4.63,4.51,4.85,4.9,No
E0807,Operations,1,male,42,Bachelor,5.6,30780.0,3,23.0,10.3,1.3,1,3.49,3.28,4.99,3.5,1,No,40.1,32.0,5.0,4.75,5.0,4.57,No
E0808,Sales,2,male,35,Bachelor,10.1,41360.0,3,22.0,7.1,33.8,1,2.08,4.3,4.86,4.08,1,No,51.8,49.4,4.62,4.77,4.83,4.72,Yes
E0809,Operations,1,male,21,Diploma,0.1,26060.0,4,29.0,7.7,7.0,1,2.01,3.63,3.49,2.89,8,No,47.7,57.9,3.45,3.58,3.42,3.93,No
E0810,Finance,2,female,29,Master,5.4,46550.0,4,3.0,9.9,5.4,3,3.67,1.35,3.97,3.87,4,No,58.3,57.2,3.86,4.2,3.6,4.45,No
E0811,Operations,3,male,48,Diploma,12.1,57420.0,2,27.0,5.1,16.0,0,2.68,2.84,3.83,4.34,5,No,51.9,56.7,3.64,4.57,4.32,3.8,No
E0812,Sales,1,female,47,Diploma,4.2,26950.0,4,18.0,9.5,7.6,3,3.65,3.37,4.11,3.81,2,Yes,62.9,82.8,4.64,4.18,3.81,4.73,No
E0813,Operations,3,female,46,Master,6.8,52280.0,5,28.0,5.3,11.9,0,3.44,5.0,5.0,4.53,3,Yes,68.0,73.2,5.0,4.45,5.0,4.6,No
E0814,Finance,1,male,21,Bachelor,0.1,32620.0,2,9.0,3.6,,1,3.32,4.07,4.82,4.96,9,No,68.3,80.8,4.61,5.0,5.0,4.49,No
E0815,Operations,2,female,45,Bachelor,6.5,40940.0,4,18.0,7.4,19.9,1,3.64,4.55,4.07,4.05,3,No,61.6,66.8,4.09,3.98,3.98,4.54,No
E0816,Finance,1,male,30,Bachelor,4.1,36540.0,3,10.0,8.9,21.6,2,4.37,3.11,4.21,3.64,4,No,70.9,74.5,4.34,4.52,4.78,4.26,Yes
E0817,Sales,3,female,36,Master,4.7,57140.0,4,7.0,2.3,6.6,0,2.19,3.33,4.49,3.72,3,Yes,51.9,52.5,4.47,4.68,4.22,4.05,Yes
E0818,Sales,2,female,46,Master,4.0,46170.0,3,38.0,9.6,39.4,0,4.46,2.88,4.11,2.24,4,No,50.1,58.1,4.5,4.26,3.89,4.46,No
E0819,Sales,3,male,38,Master,9.8,53560.0,4,52.0,5.0,9.0,2,3.28,4.07,3.3,2.54,5,Yes,50.4,48.4,3.55,3.44,3.52,3.14,No
E0820,Operations,2,female,45,Bachelor,8.8,46350.0,5,20.0,14.4,4.8,0,2.87,2.93,3.8,3.47,1,No,54.5,66.2,3.6,4.02,3.71,3.57,Yes
E0821,IT,2,female,32,Diploma,11.0,55820.0,3,48.0,2.7,12.0,1,,3.38,4.36,4.48,2,No,44.2,55.8,4.4,4.4,4.89,4.29,No
E0822,Operations,2,male,43,Diploma,1.8,38080.0,4,14.0,4.3,6.2,0,2.91,2.72,4.04,3.01,3,No,52.8,56.4,4.2,3.92,4.18,4.07,No
E0823,Finance,3,female,45,Master,4.8,56030.0,4,11.0,11.8,4.6,2,3.17,2.95,4.38,3.9,5,No,67.5,65.9,4.57,4.52,3.61,5.0,No
E0824,Operations,1,female,21,Bachelor,0.1,35910.0,3,23.0,10.5,5.4,0,2.63,1.97,4.65,3.58,4,No,36.8,43.7,5.0,4.67,4.99,4.95,No
E0825,Sales,2,female,48,Master,5.7,47210.0,3,30.0,3.3,4.7,3,3.97,5.0,5.0,4.1,0,No,66.0,74.3,5.0,5.0,4.93,5.0,No
E0826,IT,2,female,47,Bachelor,9.6,58400.0,4,8.0,13.6,15.5,1,1.0,1.99,3.59,,4,No,73.2,78.2,3.48,3.52,3.48,3.42,Yes
E0827,Sales,1,male,36,Diploma,5.4,37500.0,4,33.0,8.6,55.9,0,3.88,2.69,3.88,3.4,2,No,61.5,63.3,3.83,4.3,4.12,3.81,Yes
E0828,Operations,4,male,33,Master,10.2,61420.0,4,19.0,6.7,5.5,0,3.21,3.82,3.69,2.9,3,No,82.2,77.9,3.84,4.06,3.56,4.06,No
E0829,IT,1,male,28,Bachelor,5.6,41330.0,2,13.0,5.0,15.8,0,2.01,4.39,3.97,3.45,4,No,58.3,56.8,4.04,3.88,4.51,4.41,No
E0830,Operations,4,female,44,Master,6.4,67520.0,4,16.0,7.4,2.4,0,4.46,2.31,4.58,4.74,5,No,75.0,78.8,4.86,4.66,4.61,4.56,Yes
E0831,Sales,2,male,30,Bachelor,2.4,44230.0,4,40.0,4.1,6.4,3,3.66,4.26,5.0,4.39,3,No,63.5,70.2,5.0,5.0,5.0,4.94,No
E0832,Sales,1,male,42,Bachelor,3.5,31580.0,3,11.0,1.9,9.7,0,3.76,3.16,3.65,3.28,3,No,54.0,53.5,3.59,3.56,4.07,4.1,No
E0833,Sales,2,female,45,Master,4.6,41450.0,4,25.0,7.4,6.7,1,3.42,3.75,4.49,,3,No,71.4,72.0,4.63,4.71,4.92,4.59,No
E0834,Sales,2,male,32,Bachelor,11.0,43560.0,5,22.0,2.0,3.9,0,3.7,3.64,4.59,4.31,2,No,43.7,54.9,4.44,4.96,4.39,4.86,No
E0835,Finance,2,female,41,Diploma,8.6,42670.0,3,38.0,6.3,20.4,0,4.51,2.79,4.67,3.81,4,No,80.3,92.1,4.55,4.66,4.78,5.0,No
E0836,Sales,1,female,27,Bachelor,1.7,27480.0,4,23.0,3.6,5.0,1,3.29,3.36,3.8,3.42,3,No,59.4,69.4,3.57,3.87,4.11,3.92,Yes
E0837,Operations,3,male,29,Bachelor,6.5,59790.0,3,19.0,8.0,4.8,0,3.5,2.35,3.59,3.3,7,No,79.6,89.4,3.55,3.5,3.28,3.4,No
E0838,Operations,1,female,31,Diploma,3.3,33750.0,3,39.0,17.9,14.1,0,3.27,4.11,4.21,4.6,1,No,47.0,54.7,4.49,4.26,3.97,3.92,No
E0839,IT,2,female,38,Bachelor,8.2,48890.0,3,18.0,21.4,25.1,1,3.75,4.1,5.0,5.0,6,No,66.3,63.7,5.0,4.98,5.0,5.0,No
E0840,IT,3,female,41,Bachelor,6.9,75610.0,3,21.0,15.6,13.2,0,4.09,3.56,3.8,4.48,1,No,51.9,59.3,3.58,3.45,4.06,3.25,No
E0841,IT,1,male,42,Bachelor,4.8,42780.0,3,33.0,18.5,3.9,1,4.91,1.79,3.93,3.92,4,No,61.6,62.1,4.06,4.09,3.63,3.44,No
E0842,Finance,2,male,35,Bachelor,6.0,35770.0,4,19.0,6.8,0.6,2,3.47,4.76,4.53,3.36,7,No,58.0,70.6,4.34,3.7,4.54,4.34,No
E0843,Finance,2,male,27,Diploma,6.0,41110.0,2,18.0,1.5,5.7,0,1.77,3.37,3.75,3.27,3,No,54.3,58.7,3.81,3.86,3.67,3.91,No
E0844,IT,2,male,38,Master,2.3,54970.0,4,14.0,8.3,8.2,2,3.23,3.91,4.84,3.93,7,No,71.4,71.2,5.0,4.59,5.0,4.78,No
E0845,IT,2,male,41,Bachelor,6.5,61350.0,3,32.0,14.8,13.9,1,4.48,4.9,5.0,4.81,4,No,84.4,96.8,4.8,5.0,4.8,5.0,No
E0846,Operations,2,female,58,Master,2.6,35580.0,4,58.0,13.0,27.6,0,3.76,2.69,4.18,4.12,3,No,47.6,56.3,4.6,4.52,4.73,4.02,No
E0847,Finance,2,male,34,Bachelor,6.5,42270.0,3,22.0,5.8,21.6,2,3.86,4.35,4.46,4.14,4,No,54.3,52.9,4.47,4.22,5.0,4.45,No
E0848,Operations,1,male,43,Bachelor,3.6,25680.0,3,40.0,18.2,22.0,0,3.76,3.49,4.24,4.1,6,No,67.3,71.0,3.83,4.41,4.19,4.03,Yes
E0849,Operations,3,male,32,Master,10.4,44840.0,3,13.0,15.3,9.7,0,3.32,2.67,3.53,3.81,7,Yes,32.0,35.9,3.39,3.87,3.66,3.4,No
E0850,Operations,1,male,35,Diploma,0.5,24600.0,3,22.0,12.8,9.1,0,3.82,3.46,4.75,4.59,4,No,44.8,59.2,4.28,5.0,4.91,4.95,No
E0851,Sales,1,female,25,Diploma,4.0,33990.0,4,31.0,14.6,26.6,2,3.65,3.21,3.75,3.26,6,No,43.0,48.7,3.63,4.18,3.75,3.61,No
E0852,Sales,3,male,36,Master,6.9,48970.0,3,12.0,2.9,32.0,1,2.57,4.02,4.56,4.8,3,No,35.5,37.4,4.61,4.6,5.0,4.68,No
E0853,Operations,3,female,52,Master,5.1,55740.0,2,22.0,5.1,17.7,0,3.16,2.96,2.84,3.26,7,No,51.2,56.1,2.93,2.69,2.8,3.16,No
E0854,Finance,2,female,34,Bachelor,4.9,39730.0,4,9.0,5.6,11.7,1,3.78,4.33,4.17,3.42,2,No,49.3,62.3,3.76,4.15,4.02,4.57,No
E0855,Operations,2,male,32,Master,4.4,43350.0,2,18.0,9.9,1.9,0,2.41,3.17,4.05,3.31,3,No,61.0,66.4,4.47,3.71,4.19,4.16,No
E0856,Sales,2,female,39,Master,1.2,39580.0,3,68.0,4.2,18.0,1,2.91,3.48,4.09,3.37,3,No,48.0,54.2,4.01,4.27,3.71,4.02,No
E0857,Finance,1,male,32,Bachelor,2.9,37470.0,3,30.0,10.5,32.6,0,3.08,3.96,3.72,2.8,2,No,38.8,53.5,3.68,3.91,3.96,4.02,Yes
E0858,Finance,1,male,48,Bachelor,1.8,30210.0,3,31.0,2.7,10.2,2,2.92,3.93,4.25,3.37,3,No,60.1,72.4,4.38,3.93,3.91,4.12,No
E0859,IT,2,male,28,Master,2.2,55740.0,4,26.0,13.3,16.1,2,3.29,4.11,4.34,3.93,5,No,48.4,56.5,4.48,4.4,4.79,4.51,No
E0860,IT,1,female,38,Diploma,3.6,34890.0,4,23.0,16.9,3.0,2,3.24,1.97,3.19,2.29,3,No,65.9,65.3,3.03,3.73,3.62,3.98,Yes
E0861,Operations,1,female,31,Diploma,4.5,26580.0,4,28.0,8.8,16.7,0,2.28,1.57,2.87,2.7,3,No,84.2,97.4,2.47,2.88,2.59,2.38,Yes
E0862,Operations,1,male,40,Bachelor,5.4,33610.0,4,11.0,12.2,4.4,0,3.09,2.7,3.99,2.93,9,No,69.7,80.4,3.86,3.75,3.96,4.28,No
E0863,Sales,2,female,31,Bachelor,10.0,42600.0,4,76.0,3.7,2.8,2,3.48,3.78,5.0,4.27,2,No,54.7,67.2,4.46,4.87,5.0,4.57,No
E0864,Sales,3,male,48,Bachelor,12.7,66810.0,4,23.0,9.8,45.5,2,3.19,3.49,2.78,2.67,6,No,49.3,66.0,2.88,2.76,3.66,2.79,Yes
E0865,Finance,2,male,48,Diploma,6.0,48200.0,2,30.0,4.7,12.9,0,2.42,3.91,3.89,3.5,5,No,62.7,70.1,4.04,4.33,3.98,4.43,No
E0866,Sales,1,female,26,Diploma,5.0,33110.0,3,19.0,20.0,,0,2.39,3.2,3.87,3.46,8,No,61.1,76.2,3.45,3.77,3.48,4.0,No
E0867,Finance,2,female,24,Master,3.0,46900.0,4,25.0,3.1,12.4,1,4.42,3.65,4.69,4.09,3,No,59.1,75.8,4.58,4.99,4.28,4.9,No
E0868,Sales,3,female,42,Doctorate,3.6,54410.0,5,18.0,14.0,13.2,2,3.33,3.15,4.27,3.41,3,Yes,51.6,53.6,3.75,4.61,4.2,4.93,No
E0869,Operations,3,male,37,Bachelor,16.0,43520.0,4,16.0,3.9,7.5,0,1.99,4.15,3.82,3.9,5,No,56.6,66.6,3.72,3.37,3.52,3.5,No
E0870,Sales,2,male,49,Bachelor,5.6,45110.0,4,18.0,17.3,6.2,3,3.44,3.34,4.65,3.23,1,No,81.0,95.8,5.0,4.61,5.0,4.4,Yes
E0871,HR,3,male,37,Bachelor,12.7,63000.0,3,34.0,3.1,24.1,2,2.47,2.89,4.0,4.8,1,No,53.8,62.2,4.2,4.04,4.2,4.31,No
E0872,Sales,1,male,29,Bachelor,3.5,42350.0,4,19.0,4.4,36.9,0,2.73,3.69,4.68,4.2,2,No,64.2,72.9,4.91,4.59,5.0,4.2,No
E0873,Sales,2,female,28,Diploma,7.0,37030.0,4,42.0,3.1,2.5,3,4.52,3.78,5.0,3.6,6,No,75.2,90.5,5.0,5.0,5.0,5.0,No
E0874,Finance,2,female,54,Doctorate,5.2,55740.0,4,19.0,0.8,6.4,1,4.27,2.9,4.66,4.26,5,No,73.4,87.2,4.45,4.58,4.41,4.98,No
E0875,Sales,3,female,29,Bachelor,8.0,59110.0,4,3.0,11.5,2.4,2,2.6,3.76,3.43,2.93,5,No,65.3,68.4,2.91,3.5,3.67,3.32,No
E0876,IT,1,male,37,Diploma,4.6,35700.0,2,22.0,5.3,11.0,2,3.53,3.47,4.33,4.22,2,No,71.9,88.6,4.44,4.61,5.0,4.16,No
E0877,Sales,1,female,35,Bachelor,3.1,27290.0,3,20.0,14.7,3.1,1,4.26,1.91,4.54,3.71,3,No,58.9,68.2,4.15,4.48,4.98,4.41,No
E0878,Finance,1,female,47,Diploma,5.9,35440.0,5,18.0,4.5,4.5,1,3.07,4.06,4.5,,2,No,69.6,78.5,3.78,4.43,4.59,4.47,No
E0879,Sales,1,male,34,Bachelor,3.4,33950.0,4,54.0,7.5,5.3,1,4.03,4.39,5.0,4.98,5,No,57.6,71.9,4.78,4.73,5.0,5.0,No
E0880,Operations,1,male,27,Bachelor,1.8,32550.0,4,24.0,8.1,3.2,1,2.59,3.86,3.6,2.89,2,No,57.4,52.2,3.95,3.88,3.22,3.42,Yes
E0881,Sales,1,female,34,Bachelor,2.8,29600.0,3,13.0,0.4,7.0,0,4.33,3.51,5.0,4.1,1,No,57.6,68.6,4.62,5.0,5.0,4.88,No
E0882,Sales,1,male,25,Bachelor,2.2,32030.0,5,51.0,6.5,19.3,1,4.6,4.02,5.0,4.09,2,Yes,48.3,58.3,4.95,5.0,4.94,5.0,No
E0883,Operations,2,male,35,Master,2.5,37900.0,3,31.0,16.3,27.7,0,5.0,2.45,4.23,3.56,5,No,56.5,69.0,4.18,4.44,4.08,4.92,No
E0884,Operations,2,female,47,Diploma,8.8,33800.0,3,27.0,4.7,13.9,0,3.42,3.12,4.03,3.33,5,No,58.7,55.4,4.85,4.03,3.86,4.06,No
E0885,HR,3,female,31,Bachelor,10.0,64330.0,3,22.0,18.8,5.2,1,4.8,3.06,5.0,4.69,4,Yes,64.0,74.7,4.97,5.0,4.71,5.0,No
E0886,Finance,2,male,29,Bachelor,8.0,43450.0,3,9.0,12.4,11.1,0,2.76,3.91,3.82,3.61,5,No,65.8,69.3,4.06,3.52,4.17,3.74,No
E0887,IT,1,male,41,Bachelor,3.9,41500.0,3,42.0,27.4,10.3,2,1.56,3.42,2.79,2.0,3,No,47.5,43.8,2.39,2.67,2.12,2.57,No
E0888,Sales,1,male,49,Bachelor,1.2,32350.0,3,20.0,4.1,17.3,0,2.15,5.0,4.71,3.88,2,No,45.2,53.3,4.91,4.51,4.97,4.68,No
E0889,Finance,3,male,63,Master,11.0,72300.0,2,16.0,9.1,15.3,2,1.24,2.29,2.96,3.08,7,No,60.3,68.3,2.85,3.06,2.85,3.09,No
E0890,Operations,2,male,48,Bachelor,6.2,40900.0,4,12.0,24.1,4.6,0,1.99,1.65,4.42,3.59,6,No,61.1,66.9,4.36,4.87,4.47,4.39,No
E0891,Operations,1,male,34,Bachelor,1.9,30220.0,4,15.0,27.8,2.1,0,3.56,4.21,4.53,4.02,3,No,38.7,44.6,4.79,4.46,4.27,5.0,No
E0892,IT,1,female,33,Bachelor,4.7,39020.0,2,26.0,4.4,14.6,3,2.71,4.34,3.87,3.28,7,No,45.0,50.8,3.59,3.65,4.11,3.7,Yes
E0893,Operations,3,female,33,Master,5.2,59290.0,4,21.0,3.9,5.7,1,3.79,4.05,4.31,4.12,7,No,49.8,56.6,4.24,4.06,4.09,4.56,No
E0894,IT,1,male,33,Bachelor,2.8,33670.0,3,3.0,4.9,12.5,1,4.14,4.15,4.86,4.01,3,No,59.1,62.8,4.93,4.86,5.0,4.97,No
E0895,HR,2,male,51,Master,4.4,45280.0,3,5.0,12.7,11.1,0,3.02,3.13,3.49,2.94,5,No,71.3,77.2,3.67,3.35,3.46,4.14,Yes
E0896,IT,3,male,23,Master,2.0,74100.0,4,52.0,11.7,16.8,0,4.87,3.75,4.02,2.89,8,No,72.7,78.0,4.35,4.25,4.04,3.98,Yes
E0897,Sales,1,female,30,Bachelor,5.9,29680.0,4,17.0,4.0,5.9,1,3.26,3.63,3.76,3.59,5,No,54.3,45.4,3.93,4.15,3.88,3.85,No
E0898,Operations,1,male,48,Diploma,4.1,27270.0,3,15.0,5.1,8.2,0,1.79,3.85,4.95,4.02,7,No,60.4,69.2,5.0,4.75,4.77,5.0,No
E0899,IT,3,female,44,Master,6.5,70640.0,4,18.0,7.2,11.7,3,3.05,4.19,3.7,3.95,7,No,44.4,53.7,3.44,3.6,3.83,4.22,No
E0900,Sales,1,female,35,Bachelor,3.5,27020.0,2,50.0,17.6,30.1,0,1.9,3.21,3.53,2.95,0,No,62.4,58.9,3.38,4.0,3.72,3.42,No
E0901,Sales,2,male,39,Bachelor,9.2,34490.0,3,34.0,20.7,16.4,0,1.98,2.79,3.62,2.46,9,No,37.9,42.4,3.83,3.55,3.8,3.94,No
E0902,IT,3,female,47,Master,9.6,73960.0,3,59.0,21.5,21.4,3,2.73,2.4,3.54,3.41,1,No,55.6,56.7,3.54,4.53,4.33,3.62,Yes
E0903,IT,2,female,23,Master,1.4,59020.0,4,17.0,19.8,6.1,3,4.2,3.1,3.85,3.07,5,No,45.5,45.0,3.7,4.08,4.01,4.08,No
E0904,Sales,3,female,23,Master,2.0,62290.0,4,69.0,30.0,9.3,1,2.96,2.11,4.14,4.17,2,No,29.7,32.8,3.96,4.32,4.6,4.16,Yes
E0905,Operations,1,male,26,Bachelor,5.0,27410.0,3,40.0,24.2,5.0,0,3.01,2.78,4.52,4.05,1,No,67.1,65.1,4.67,4.46,4.66,4.6,No
E0906,Operations,2,male,32,Master,5.4,41870.0,3,27.0,4.7,18.4,0,4.3,2.38,3.96,3.89,1,No,49.7,60.8,4.05,3.75,4.35,4.39,No
E0907,Operations,3,male,43,Bachelor,6.0,45420.0,4,49.0,9.9,25.8,0,3.18,3.28,3.8,3.21,1,No,76.4,83.5,3.61,3.63,4.08,4.43,Yes
E0908,Sales,2,female,34,Bachelor,3.3,44210.0,1,24.0,10.7,18.3,1,3.65,2.08,4.57,,8,No,60.8,75.9,4.9,4.62,4.94,4.33,No
E0909,HR,1,male,33,Bachelor,0.8,30560.0,4,12.0,3.0,24.3,2,,2.92,5.0,4.57,3,No,36.6,48.6,4.86,4.67,5.0,5.0,No
E0910,Operations,1,male,35,Bachelor,1.8,36020.0,3,26.0,4.9,18.8,0,3.66,4.75,5.0,4.49,0,No,38.2,51.4,4.76,5.0,5.0,5.0,No
E0911,HR,2,female,30,Bachelor,4.7,53080.0,3,34.0,2.4,17.5,0,4.04,4.01,4.54,3.66,4,No,57.9,71.1,4.8,4.72,4.53,4.65,No
E0912,Finance,1,female,51,Diploma,3.0,41420.0,3,20.0,29.8,19.9,2,2.94,2.2,4.06,3.28,2,No,42.6,45.9,3.81,3.95,4.03,4.07,Yes
E0913,Sales,2,female,49,Doctorate,1.4,36430.0,2,16.0,6.1,10.3,1,3.87,3.68,5.0,4.07,4,No,66.0,68.2,4.59,4.77,4.97,4.81,No
E0914,Operations,3,male,38,Master,8.1,59020.0,4,16.0,7.9,5.8,0,2.9,2.07,3.46,3.08,5,No,55.9,60.4,3.39,3.83,3.05,3.32,No
E0915,Operations,1,female,41,Bachelor,4.2,28100.0,3,3.0,8.4,3.7,0,2.31,2.95,3.75,3.4,4,No,46.9,48.5,3.74,3.71,4.0,3.42,No
E0916,Finance,2,female,43,Diploma,8.3,42310.0,3,23.0,2.4,8.9,0,1.1,3.52,3.2,3.25,2,No,56.0,55.4,3.24,3.19,3.02,2.96,Yes
E0917,Finance,1,female,47,Bachelor,2.0,42200.0,1,23.0,16.6,27.8,1,3.45,3.41,3.45,2.34,10,No,43.2,47.1,3.65,3.51,3.61,3.41,No
E0918,Operations,2,male,47,Diploma,10.0,42870.0,3,25.0,6.6,8.9,1,2.77,3.51,3.29,2.87,2,No,78.5,92.4,3.46,3.19,3.48,3.48,Yes
E0919,IT,3,male,45,Master,5.2,58270.0,4,6.0,3.9,8.2,0,1.73,4.02,3.3,3.61,3,No,47.8,49.6,3.27,3.61,3.42,3.54,No
E0920,Sales,2,female,34,Diploma,11.8,49590.0,2,39.0,7.4,18.8,1,2.11,3.98,4.28,3.29,3,Yes,57.0,65.9,4.01,4.13,3.78,4.27,No
E0921,HR,2,male,43,Bachelor,7.8,51190.0,4,8.0,8.9,18.2,0,3.99,2.71,3.88,3.6,2,No,48.2,56.7,3.43,3.84,4.56,3.92,No
E0922,Operations,3,female,41,Master,5.3,58850.0,4,14.0,5.8,45.5,0,5.0,4.44,4.34,4.39,2,No,74.1,76.1,4.29,4.25,4.32,4.86,No
E0923,IT,1,female,33,Bachelor,3.2,37860.0,3,25.0,9.9,9.7,3,2.83,3.52,3.69,2.52,3,No,49.8,52.6,2.97,3.94,4.05,3.75,Yes
E0924,Sales,1,male,21,Bachelor,0.1,25900.0,3,5.0,11.9,6.0,1,3.89,2.25,3.39,3.23,8,No,44.1,49.6,3.61,3.34,3.46,3.47,No
E0925,Operations,3,male,31,Diploma,10.0,48530.0,3,36.0,5.3,29.9,0,2.23,2.26,3.88,4.22,6,Yes,54.7,64.0,3.88,3.69,3.54,4.12,No
E0926,Sales,1,female,40,Bachelor,0.2,28240.0,3,11.0,10.1,11.2,1,,2.72,3.63,3.28,5,No,60.0,72.0,3.64,3.75,4.18,3.58,Yes
E0927,IT,1,male,49,Bachelor,3.5,43260.0,3,26.0,28.1,37.7,3,3.1,2.45,3.09,2.52,4,No,59.4,67.3,3.19,3.01,3.82,3.27,No
E0928,Sales,4,female,33,Master,9.2,67340.0,2,24.0,16.9,8.5,0,4.2,3.63,4.06,3.6,5,No,70.4,73.3,4.15,4.08,4.03,4.25,No
E0929,Sales,2,male,34,Bachelor,7.8,48410.0,5,6.0,4.5,7.6,0,4.96,2.08,4.56,3.29,4,No,86.2,100.0,4.55,4.29,4.66,4.9,No
E0930,Finance,2,male,29,Bachelor,8.0,43620.0,4,24.0,13.6,12.8,0,2.51,2.87,3.02,3.12,7,No,79.8,85.3,3.22,3.32,3.03,3.23,No
E0931,HR,2,female,38,Doctorate,4.5,46260.0,3,11.0,11.0,11.5,2,3.83,3.91,4.85,3.29,3,Yes,53.7,54.8,5.0,4.66,4.42,4.93,No
E0932,Sales,1,male,41,Bachelor,4.3,30840.0,4,4.0,5.2,6.6,2,4.36,3.22,5.0,4.62,4,No,71.0,81.6,5.0,5.0,5.0,5.0,No
E0933,Sales,1,male,55,Bachelor,2.9,26610.0,4,6.0,0.9,8.8,1,1.31,3.72,3.66,2.77,0,No,62.8,70.1,3.95,3.8,3.73,4.06,No
E0934,Operations,3,male,31,Master,7.5,52040.0,3,15.0,16.3,7.8,0,2.8,3.41,4.72,4.35,3,No,69.4,64.9,4.88,4.78,4.52,5.0,Yes
E0935,Finance,2,female,39,Bachelor,6.2,47260.0,3,13.0,4.7,10.7,0,3.54,3.16,4.49,,3,No,78.2,85.1,4.91,4.78,4.51,4.65,No
E0936,Finance,3,male,30,Bachelor,8.7,57780.0,4,55.0,10.6,15.7,2,3.09,2.99,2.89,3.39,6,Yes,68.2,64.8,3.12,3.12,2.34,2.84,Yes
E0937,Operations,2,male,45,Master,1.2,45060.0,4,6.0,6.0,,0,4.39,3.48,4.3,3.11,2,Yes,56.0,65.3,4.36,4.32,4.23,4.47,No
E0938,Sales,2,female,28,Bachelor,2.0,40180.0,2,22.0,2.7,16.1,2,3.04,3.35,3.98,3.81,3,No,63.9,60.4,3.41,3.77,3.81,4.32,No
E0939,Operations,1,female,38,Bachelor,4.4,30090.0,3,15.0,6.7,4.9,0,3.87,3.32,4.95,4.58,4,No,60.4,61.9,5.0,5.0,5.0,5.0,No
E0940,IT,2,male,51,Bachelor,9.8,59250.0,4,11.0,19.8,7.2,2,4.61,2.5,4.28,3.88,3,No,58.2,67.5,4.65,4.04,3.95,4.19,No
E0941,Sales,2,male,35,Bachelor,1.9,39940.0,3,35.0,17.1,12.5,0,3.77,2.46,4.24,2.76,1,No,58.7,73.9,4.15,4.18,3.89,4.66,No
E0942,IT,1,male,40,Diploma,1.4,31100.0,3,16.0,5.7,5.0,3,3.03,4.83,4.76,4.19,3,No,65.8,64.0,4.78,4.83,4.72,5.0,No
E0943,IT,2,female,40,Bachelor,6.9,44050.0,4,37.0,23.9,24.2,1,3.86,1.67,3.42,2.35,3,No,71.8,82.6,3.52,3.77,3.7,3.71,No
E0944,Operations,2,male,32,Bachelor,9.2,34910.0,4,24.0,3.3,22.1,0,4.14,2.75,4.98,3.71,0,Yes,49.0,58.9,4.93,4.87,5.0,5.0,No
E0945,Operations,2,male,34,Master,1.3,42150.0,3,8.0,16.5,21.6,0,5.0,3.33,5.0,3.6,3,No,76.4,75.2,5.0,4.99,5.0,5.0,No
E0946,IT,3,female,29,Bachelor,8.0,66870.0,4,31.0,6.2,6.2,2,2.8,2.58,4.62,3.71,0,No,61.3,77.6,4.55,4.63,4.47,4.8,No
E0947,Sales,3,male,28,Master,7.0,62640.0,3,30.0,2.3,13.0,1,3.38,3.65,3.55,3.87,4,No,68.9,73.5,3.5,3.27,3.46,3.16,No
E0948,Sales,2,male,23,Bachelor,2.0,39100.0,3,32.0,6.5,17.9,3,3.72,3.09,4.36,3.33,0,No,44.4,56.3,4.57,4.6,3.93,4.58,Yes
E0949,IT,1,female,39,Bachelor,1.5,36250.0,4,21.0,16.9,30.3,0,,3.38,4.65,4.22,8,No,41.0,40.3,4.44,5.0,4.66,5.0,No
E0950,Finance,3,male,31,Bachelor,10.0,64430.0,3,14.0,2.9,7.8,1,2.81,3.63,4.58,4.74,3,No,17.9,15.8,5.0,4.79,4.12,4.68,No
E0951,Operations,2,male,43,Doctorate,2.5,46650.0,4,20.0,10.4,14.2,0,4.4,3.09,4.82,,2,No,62.8,58.5,4.97,4.23,4.98,4.76,No
E0952,Operations,2,male,50,Master,2.7,32880.0,3,34.0,3.2,5.6,0,2.28,2.93,4.45,3.62,4,No,56.1,65.5,4.41,4.24,4.29,4.35,No
E0953,IT,1,female,28,Diploma,1.9,40500.0,3,19.0,11.6,23.4,3,3.17,3.11,4.1,4.01,4,No,58.7,66.5,4.08,3.66,4.75,4.11,No
E0954,Sales,1,female,35,Bachelor,4.3,32680.0,5,9.0,5.0,5.6,2,3.72,4.24,4.14,3.77,4,No,56.8,53.6,3.87,4.45,4.13,4.31,No
E0955,HR,1,female,46,Diploma,2.7,38900.0,4,11.0,4.9,17.5,1,3.19,4.2,5.0,4.25,4,No,48.2,56.5,5.0,5.0,4.91,4.79,No
E0956,Operations,2,male,38,Bachelor,3.3,32830.0,4,23.0,17.3,20.5,1,2.73,3.8,3.56,3.04,1,No,67.8,68.7,3.43,3.96,3.77,3.69,No
E0957,IT,2,female,38,Diploma,1.5,39000.0,5,31.0,13.3,7.2,2,3.58,3.32,4.36,3.84,4,Yes,55.7,63.8,4.52,4.28,4.86,4.27,No
E0958,HR,2,female,47,Bachelor,11.0,48520.0,3,20.0,10.7,9.7,3,3.48,3.56,4.14,3.07,4,No,62.3,76.7,4.1,4.01,4.24,4.36,No
E0959,HR,1,female,24,Bachelor,3.0,33520.0,4,25.0,11.0,22.0,1,3.78,3.98,4.82,3.31,3,No,66.2,78.9,4.72,4.47,5.0,4.99,No
E0960,Operations,4,female,36,Master,12.5,76080.0,3,6.0,23.5,29.1,0,3.13,2.06,4.78,4.18,6,No,54.6,53.9,4.72,4.85,4.7,4.76,No
E0961,Operations,2,male,41,Bachelor,6.9,35600.0,3,2.0,3.2,2.6,0,3.62,3.61,4.51,4.46,7,No,63.4,65.5,4.45,4.85,5.0,4.63,No
E0962,Sales,2,female,50,Bachelor,3.3,46490.0,4,27.0,10.0,18.4,2,2.03,3.85,3.84,2.73,5,No,65.1,73.4,4.01,3.74,4.15,3.67,Yes
E0963,Operations,1,male,37,Bachelor,4.0,35080.0,4,14.0,16.4,0.8,0,2.88,2.84,3.99,4.25,3,No,55.5,60.0,3.95,4.06,4.22,3.74,Yes
E0964,Sales,3,male,39,Bachelor,7.6,55950.0,3,28.0,3.8,19.8,1,3.04,3.82,3.92,3.63,6,No,61.5,69.1,4.29,4.24,3.87,3.47,No
E0965,Finance,3,female,46,Bachelor,12.1,58860.0,3,32.0,3.6,8.5,0,3.02,3.69,3.55,3.52,4,No,67.4,83.2,3.26,2.92,4.21,4.12,No
E0966,Operations,2,female,35,Master,4.4,45990.0,5,21.0,10.7,17.7,0,2.22,2.88,4.11,4.19,4,No,34.2,37.0,4.21,4.4,4.19,3.91,Yes
E0967,Operations,1,female,46,Bachelor,3.1,38190.0,4,12.0,9.1,27.9,0,4.35,1.74,3.97,3.5,4,No,33.4,40.5,3.84,3.91,3.94,4.48,No
E0968,Sales,1,female,26,Bachelor,1.7,28990.0,2,25.0,0.8,4.5,0,4.27,4.44,5.0,4.33,5,No,68.9,75.3,5.0,5.0,4.97,5.0,No
E0969,Operations,1,female,33,Bachelor,5.7,39710.0,3,16.0,13.5,9.1,1,5.0,3.36,4.95,3.71,6,No,35.7,36.9,4.66,4.95,5.0,5.0,No
E0970,IT,2,female,33,Diploma,7.6,49970.0,5,28.0,5.3,9.3,3,1.48,2.57,3.39,2.55,7,Yes,43.6,54.9,3.22,3.23,3.95,3.49,No
E0971,Operations,2,male,33,Bachelor,7.0,44470.0,4,11.0,4.9,9.1,0,2.33,4.96,4.45,3.45,3,No,63.9,75.8,4.58,4.46,4.75,4.52,No
E0972,Sales,2,male,39,Diploma,6.4,42880.0,4,32.0,7.1,3.6,2,2.82,4.65,3.91,3.7,4,No,40.8,41.1,4.0,4.09,3.73,4.23,No
E0973,Finance,2,female,46,Diploma,1.8,43440.0,3,8.0,7.2,17.7,0,3.03,3.91,5.0,3.77,4,No,53.4,51.5,4.91,5.0,5.0,5.0,No
E0974,IT,1,female,27,Bachelor,5.9,35370.0,3,17.0,3.1,5.4,0,5.0,2.78,4.62,4.43,4,No,71.5,76.5,4.41,4.6,4.75,4.27,No
E0975,Sales,1,female,21,Bachelor,0.1,31470.0,3,10.0,4.4,5.2,0,4.44,3.5,4.97,3.86,1,No,52.5,66.1,5.0,5.0,5.0,4.85,No
E0976,Operations,2,female,37,Diploma,10.0,37500.0,3,16.0,7.9,9.1,0,4.25,3.11,4.29,3.67,4,No,54.7,56.2,4.36,4.58,3.84,4.39,Yes
E0977,Finance,2,male,39,Diploma,9.9,45200.0,4,20.0,16.0,5.2,3,3.16,3.53,4.15,3.26,3,No,46.7,43.2,4.28,3.95,4.15,4.29,No
E0978,IT,2,female,21,Master,0.1,49400.0,3,31.0,12.8,13.9,2,4.29,3.43,3.64,3.29,6,No,45.2,61.2,3.92,3.72,3.5,3.19,No
E0979,Operations,1,male,36,Bachelor,2.4,30840.0,2,22.0,6.0,14.1,1,2.93,2.83,4.45,,5,No,53.0,49.2,4.58,4.55,4.4,4.4,No
E0980,Operations,2,male,38,Master,4.4,40850.0,3,30.0,7.5,13.5,0,3.8,2.6,3.88,3.79,1,No,54.1,56.9,3.88,3.92,4.47,3.8,No
E0981,HR,1,male,44,Diploma,4.7,32380.0,3,42.0,9.7,27.5,1,3.68,2.95,4.75,3.41,5,No,62.4,66.4,4.19,4.58,4.85,5.0,No
E0982,Sales,4,female,44,Master,6.3,65880.0,2,27.0,25.3,,1,4.43,2.28,4.69,3.59,4,No,46.5,54.7,4.61,4.75,5.0,4.91,No
E0983,Sales,1,male,26,Bachelor,2.9,33830.0,3,22.0,13.5,38.7,0,4.35,3.82,3.64,3.25,7,No,46.7,58.2,3.7,3.78,4.21,4.09,No
E0984,Operations,1,female,38,Diploma,1.5,28200.0,3,36.0,6.4,11.1,0,2.26,3.13,4.1,3.34,2,No,67.1,76.3,4.23,4.52,4.4,3.52,Yes
E0985,Sales,2,male,29,Bachelor,7.0,46980.0,3,13.0,2.8,4.9,1,4.37,3.56,4.42,4.3,3,No,47.2,55.5,4.37,4.84,4.86,4.52,No
E0986,Operations,1,male,29,Bachelor,4.2,37800.0,4,22.0,16.9,17.1,1,3.44,2.45,3.75,3.24,3,No,69.9,76.2,3.72,3.67,3.28,3.5,Yes
E0987,HR,1,male,49,Bachelor,2.6,40380.0,3,68.0,9.3,40.2,3,3.24,4.14,4.75,4.34,3,No,60.7,60.3,4.83,4.98,4.31,4.58,No
E0988,Sales,1,male,43,Bachelor,4.2,33230.0,4,51.0,9.7,12.2,1,3.7,3.83,3.85,3.14,3,No,53.4,63.4,3.67,3.65,3.66,4.53,No
E0989,Operations,3,male,30,Bachelor,6.8,56850.0,4,14.0,4.3,17.0,0,4.83,3.46,5.0,4.02,2,No,49.1,52.4,4.88,5.0,5.0,5.0,No
E0990,IT,2,male,29,Bachelor,3.4,54680.0,3,28.0,7.1,17.9,1,3.91,3.77,4.91,3.93,6,No,57.1,57.9,5.0,4.81,5.0,5.0,No
E0991,HR,2,female,35,Bachelor,10.4,38000.0,4,54.0,6.7,16.4,3,3.82,4.16,3.82,3.54,3,Yes,57.1,68.7,3.8,4.05,3.77,3.66,No
E0992,HR,2,male,45,Bachelor,3.2,45150.0,5,14.0,0.8,22.1,1,2.27,3.33,3.22,2.72,4,No,34.2,41.6,3.53,3.02,3.24,2.74,Yes
E0993,Operations,3,female,46,Doctorate,4.7,54000.0,4,31.0,13.2,20.8,0,3.23,2.72,3.75,3.02,2,No,52.6,63.2,3.94,3.87,3.29,4.04,No
E0994,Sales,2,female,40,Bachelor,8.9,39130.0,3,9.0,4.9,13.7,1,2.87,2.85,4.63,3.86,2,No,59.5,67.0,4.85,4.86,5.0,5.0,No
E0995,Operations,1,female,36,Diploma,2.5,29070.0,3,31.0,7.6,17.5,0,4.26,3.11,4.28,3.27,3,Yes,57.4,58.2,4.5,4.64,3.81,3.95,Yes
E0996,IT,4,male,46,Master,15.1,89070.0,4,17.0,16.2,42.7,0,3.0,1.99,2.73,3.38,5,No,75.3,89.2,2.63,2.95,2.64,3.35,No
E0997,Finance,2,female,42,Master,2.9,43490.0,3,15.0,11.5,25.0,2,4.57,5.0,5.0,3.75,2,No,61.0,66.9,4.65,4.88,4.63,5.0,No
E0998,Sales,2,male,31,Diploma,6.0,44230.0,3,23.0,8.6,5.6,1,3.75,2.42,3.48,3.17,5,No,49.2,52.9,3.39,3.37,3.62,2.93,No
E0999,HR,3,male,30,Master,7.9,53710.0,4,3.0,4.8,11.9,0,3.99,2.78,3.9,3.24,5,No,64.2,66.2,3.54,3.65,3.86,4.19,No
E1000,Finance,2,female,29,Master,3.1,44530.0,3,17.0,2.0,5.4,2,5.0,2.49,4.61,4.15,5,No,28.5,29.9,4.7,5.0,4.48,5.0,No
E1001,Operations,2,male,37,Master,1.2,34780.0,4,44.0,8.6,8.7,0,2.43,3.38,4.82,4.59,4,Yes,55.9,62.9,4.77,4.98,5.0,4.59,No
E1002,Sales,2,female,48,Master,0.3,36830.0,4,41.0,2.7,11.4,3,4.1,3.05,5.0,3.59,0,No,71.0,74.6,5.0,5.0,5.0,4.91,No
E1003,Operations,2,male,29,Master,4.4,44520.0,4,21.0,12.7,11.0,0,3.35,3.41,4.9,4.74,2,No,61.0,63.3,4.65,5.0,4.77,4.69,Yes
E1004,Sales,2,female,32,Master,4.4,40030.0,3,34.0,15.2,16.7,2,2.72,2.69,3.94,,4,No,60.7,61.6,3.92,4.05,3.85,4.36,No
E1005,HR,3,male,29,Master,3.0,54840.0,4,9.0,18.9,14.4,0,2.6,2.99,5.0,4.46,3,No,52.4,53.0,5.0,5.0,5.0,4.78,No
E1006,Sales,1,female,28,Bachelor,3.4,33930.0,3,26.0,1.8,16.7,3,3.77,4.74,3.9,3.95,7,No,45.5,51.7,3.94,3.94,4.0,3.97,No
E1007,Sales,3,female,48,Bachelor,6.1,47620.0,4,35.0,10.6,9.1,1,3.75,4.14,5.0,4.22,5,Yes,59.5,60.2,5.0,5.0,5.0,5.0,No
E1008,IT,2,male,30,Bachelor,6.5,51500.0,3,55.0,14.9,15.2,3,2.3,3.44,3.86,3.56,8,No,63.1,68.7,3.96,3.72,4.33,4.09,No
E1009,Finance,2,female,45,Master,2.2,43930.0,4,8.0,14.0,38.3,2,1.96,4.46,4.31,3.87,5,Yes,58.5,66.4,4.25,3.87,4.34,4.14,No
E1010,Finance,2,female,46,Bachelor,7.3,57390.0,2,9.0,4.2,8.5,1,2.03,3.7,3.64,4.23,6,No,55.6,57.9,3.46,3.42,3.53,3.7,No
E1011,Finance,2,male,43,Master,3.8,54450.0,3,20.0,5.0,9.1,0,5.0,3.6,5.0,3.9,3,No,60.2,55.6,5.0,4.7,4.68,5.0,No
E1012,Sales,1,male,43,Diploma,2.0,31050.0,3,7.0,14.6,17.9,1,3.74,3.92,4.64,3.59,4,No,48.0,50.7,4.83,4.82,4.39,4.67,No
E1013,Sales,3,male,43,Bachelor,17.0,74170.0,3,22.0,19.3,18.2,0,2.19,2.76,2.94,2.99,10,No,58.5,55.0,3.26,3.1,3.32,3.22,No
E1014,Sales,1,male,27,Diploma,3.0,33580.0,3,21.0,2.3,33.4,1,3.02,3.24,4.1,3.42,8,No,59.6,66.4,4.12,4.33,4.18,4.41,No
E1015,Operations,2,male,36,Bachelor,4.3,41120.0,4,22.0,3.6,9.8,0,2.92,3.32,4.43,3.98,1,No,53.6,61.4,4.15,4.64,4.24,4.49,No
E1016,Finance,1,male,47,Bachelor,5.7,35330.0,5,17.0,1.6,10.5,3,2.69,4.13,3.65,4.72,3,No,53.1,57.1,3.74,3.84,3.6,4.3,No
E1017,Finance,5,male,39,Doctorate,14.8,115970.0,3,25.0,3.7,7.7,0,2.74,4.53,4.93,3.93,3,No,60.2,63.8,4.65,4.33,5.0,5.0,No
E1018,HR,1,male,21,Diploma,0.1,29340.0,3,21.0,18.5,,0,2.75,3.04,4.44,4.28,4,No,58.9,69.4,4.19,4.53,4.3,4.66,No
E1019,IT,3,female,28,Master,6.5,64530.0,4,19.0,11.7,25.7,1,4.79,3.64,3.97,3.77,1,No,51.7,47.6,3.47,4.24,3.86,3.83,No
E1020,Operations,2,male,36,Diploma,4.2,34710.0,3,16.0,9.7,18.4,0,3.44,3.7,4.77,4.26,3,No,44.3,50.1,5.0,5.0,4.78,5.0,No
E1021,Sales,3,female,45,Diploma,14.9,58980.0,2,12.0,2.3,12.2,2,4.06,1.47,2.87,3.41,1,No,59.8,69.6,2.55,3.15,2.92,2.55,No
E1022,IT,1,male,40,Bachelor,1.7,38870.0,2,31.0,3.5,15.1,2,3.23,4.98,4.58,4.1,4,No,77.6,78.7,4.31,5.0,4.64,4.25,No
E1023,Finance,3,male,42,Master,7.3,70630.0,2,20.0,4.8,27.2,2,2.32,3.56,3.31,3.36,6,No,52.5,50.9,3.49,2.8,3.62,3.35,No
E1024,Finance,2,female,33,Bachelor,5.7,53940.0,4,31.0,3.7,17.8,0,,2.89,4.73,4.4,1,No,34.8,21.6,4.84,4.73,4.72,4.94,No
E1025,IT,2,male,32,Diploma,8.6,46410.0,5,47.0,13.0,28.9,1,3.95,2.68,4.17,3.84,6,No,46.1,60.4,4.16,4.25,4.6,4.68,No
E1026,Finance,2,male,36,Bachelor,8.8,57130.0,5,27.0,9.9,16.8,0,4.14,2.31,3.36,3.79,4,Yes,61.9,61.9,3.83,3.47,3.46,3.51,No
E1027,Sales,1,male,21,Diploma,0.1,33170.0,4,25.0,1.0,11.6,0,4.77,2.99,4.17,3.03,0,Yes,57.3,59.3,4.12,4.32,4.33,4.22,No
E1028,IT,1,male,33,Bachelor,5.3,38580.0,2,26.0,11.7,5.4,0,2.71,2.24,3.7,2.91,6,No,49.6,52.9,3.88,3.65,3.12,3.48,No
E1029,Operations,3,male,32,Diploma,9.9,46780.0,4,5.0,5.8,17.4,0,3.43,2.37,4.1,3.18,5,No,50.5,55.9,4.34,3.85,4.2,4.27,No
E1030,Sales,3,male,45,Master,5.7,52000.0,4,13.0,8.6,5.9,0,3.62,3.63,4.03,3.23,1,No,69.4,71.4,3.94,3.98,3.98,4.19,No
E1031,Finance,5,female,43,Master,15.0,119440.0,4,28.0,1.8,20.9,0,,3.55,4.23,4.41,3,No,55.8,54.7,4.54,4.58,4.43,4.47,No
E1032,Sales,2,male,45,Diploma,9.4,43100.0,3,19.0,1.8,9.9,3,4.92,2.26,4.97,4.44,3,No,57.1,69.6,4.89,5.0,5.0,4.64,No
E1033,Sales,3,female,39,Bachelor,13.6,66070.0,4,7.0,3.2,24.4,0,3.26,3.27,3.38,3.44,7,No,45.3,60.1,3.4,3.53,3.41,3.77,Yes
E1034,Finance,1,female,47,Diploma,4.2,35280.0,5,48.0,15.6,30.0,1,3.42,3.77,3.86,2.98,6,Yes,60.9,62.5,4.11,3.8,4.12,3.87,Yes
E1035,Finance,1,female,63,Bachelor,3.2,42400.0,3,40.0,17.0,11.6,2,2.98,4.52,4.24,4.0,2,No,64.5,72.4,4.12,4.27,4.37,4.76,No
E1036,Operations,2,male,32,Doctorate,3.9,38370.0,2,24.0,21.0,4.8,0,3.0,1.65,2.41,2.86,2,No,56.5,72.7,2.42,2.18,2.72,2.36,Yes
E1037,Operations,3,female,29,Bachelor,8.0,46270.0,4,20.0,3.5,24.7,0,2.9,3.31,4.25,3.45,4,No,33.7,37.8,4.21,3.81,4.05,4.0,No
E1038,Sales,1,male,34,Bachelor,2.4,38080.0,4,27.0,9.5,28.0,1,3.51,3.07,4.07,3.34,4,Yes,67.8,70.1,3.77,4.29,3.96,4.02,No
E1039,Finance,2,female,31,Bachelor,10.0,56930.0,5,50.0,1.9,5.2,1,3.33,2.72,2.98,2.99,3,No,52.2,54.7,3.15,3.0,3.16,2.47,No
E1040,Sales,2,female,55,Bachelor,3.4,36090.0,5,23.0,21.2,14.3,0,3.66,2.33,2.88,1.68,6,No,51.6,62.6,2.77,2.73,3.19,3.09,Yes
E1041,Operations,4,male,38,Diploma,12.0,61040.0,2,13.0,9.2,12.8,1,3.61,1.93,5.0,4.54,2,No,48.2,48.9,4.55,5.0,5.0,4.97,No
E1042,Sales,2,female,40,Master,3.8,32460.0,4,26.0,11.8,6.9,2,3.41,3.46,4.32,3.88,6,No,68.9,75.0,3.95,4.53,4.27,4.51,No
E1043,Sales,2,male,40,Bachelor,6.9,42270.0,3,8.0,14.2,12.5,2,2.13,2.66,3.14,3.27,4,No,62.6,66.1,3.49,2.9,3.1,3.21,No
E1044,Sales,2,female,28,Bachelor,2.3,37560.0,3,10.0,3.8,14.4,1,4.52,4.85,4.94,3.6,3,No,49.2,49.3,5.0,5.0,5.0,5.0,No
E1045,Operations,1,female,41,Diploma,2.3,27530.0,2,11.0,41.6,14.6,0,3.31,2.88,4.5,3.86,2,No,64.2,67.0,4.41,4.22,5.0,4.67,No
E1046,HR,2,female,24,Bachelor,3.0,38890.0,4,25.0,8.9,32.6,2,2.96,2.29,3.7,3.11,3,No,63.5,61.2,3.85,3.48,3.52,4.02,No
E1047,IT,3,female,33,Doctorate,6.5,60400.0,4,15.0,11.6,16.4,1,3.51,2.99,4.28,2.91,4,No,53.4,59.3,4.61,4.28,4.33,4.24,No
E1048,Sales,3,female,37,Bachelor,6.3,63590.0,5,16.0,7.9,7.2,1,3.66,4.13,4.32,4.55,11,No,70.3,80.8,3.98,4.4,4.71,4.19,No
E1049,Sales,3,male,45,Master,7.5,60870.0,4,6.0,1.6,21.4,1,2.95,2.25,4.09,,3,No,57.0,62.9,4.21,4.39,4.46,4.28,No
E1050,HR,2,female,37,Diploma,11.1,44160.0,2,19.0,7.4,19.5,0,3.65,2.7,3.99,3.46,1,No,49.0,48.9,4.25,3.86,4.01,3.96,No
E1051,Finance,2,male,29,Master,3.4,47390.0,2,16.0,3.2,15.3,1,2.61,3.77,3.78,3.62,7,No,49.2,69.8,3.66,4.1,4.07,4.0,No
E1052,Sales,2,male,26,Bachelor,5.0,40850.0,4,23.0,5.9,40.4,1,3.8,3.27,4.36,3.97,3,Yes,63.2,70.8,4.57,4.71,4.5,4.26,No
E1053,Operations,1,female,26,Bachelor,5.0,22460.0,4,31.0,8.1,16.2,0,2.7,3.7,5.0,3.94,3,No,44.9,48.3,4.89,5.0,4.61,4.74,No
E1054,Sales,3,female,40,Bachelor,7.8,49790.0,4,14.0,6.8,24.1,0,1.88,2.81,3.41,3.9,5,No,54.1,57.0,3.19,3.33,3.09,3.29,No
E1055,Operations,2,female,53,Bachelor,5.1,36600.0,4,42.0,6.7,8.3,0,4.82,3.93,4.65,3.93,1,Yes,45.8,58.8,5.0,4.93,4.19,4.75,No
E1056,IT,1,female,32,Bachelor,5.8,35340.0,3,23.0,9.3,8.6,1,2.57,2.82,3.24,2.77,4,No,48.0,63.2,3.45,2.96,3.54,3.01,No
E1057,Sales,1,female,55,Bachelor,1.8,40730.0,4,18.0,5.6,6.1,0,2.87,3.88,4.13,3.49,3,No,71.9,75.2,4.14,4.28,4.02,4.16,No
E1058,IT,2,female,36,Bachelor,2.2,48530.0,2,19.0,22.3,17.3,1,3.11,2.05,4.69,4.42,4,No,72.6,73.8,4.64,4.55,4.97,4.58,Yes
E1059,Sales,1,male,25,Bachelor,4.0,31880.0,2,20.0,14.6,23.2,0,3.66,3.21,4.16,3.72,3,No,56.2,60.6,4.43,3.6,3.83,3.96,No
E1060,IT,2,male,47,Bachelor,8.0,41250.0,3,9.0,21.5,8.2,2,3.66,3.51,4.17,3.74,6,No,69.3,80.0,4.57,4.34,4.79,4.48,No
E1061,Sales,2,male,42,Bachelor,2.8,39820.0,4,17.0,11.3,8.2,1,1.68,3.48,3.99,3.7,3,No,65.9,76.0,3.89,3.97,4.08,3.44,Yes
E1062,Operations,3,male,33,Diploma,12.0,61530.0,3,31.0,28.9,11.9,0,2.2,1.97,3.76,3.42,6,No,65.6,80.6,3.73,3.62,4.19,3.77,No
E1063,Operations,2,female,33,Doctorate,5.7,41630.0,3,8.0,8.5,13.1,0,2.76,2.73,3.68,3.23,2,No,49.2,55.2,3.45,3.97,4.06,3.22,Yes
E1064,HR,3,male,32,Master,11.0,63200.0,4,25.0,7.7,2.2,1,2.06,4.51,3.88,3.44,4,No,59.6,61.3,3.95,3.63,3.99,3.95,No
E1065,Sales,1,male,30,Bachelor,4.4,37730.0,3,42.0,17.6,19.1,0,1.0,1.58,2.17,2.24,0,No,65.8,74.8,2.64,2.24,2.32,2.13,No
E1066,Operations,1,male,49,Bachelor,4.3,28560.0,3,19.0,7.6,15.4,0,1.58,3.84,4.25,4.13,3,No,65.0,74.6,4.44,4.48,4.08,4.08,Yes
E1067,Finance,2,male,37,Diploma,10.1,50910.0,4,7.0,3.7,51.8,3,4.13,1.88,4.18,3.5,2,No,69.9,75.0,4.31,3.76,4.77,4.28,Yes
E1068,IT,3,female,50,Master,7.0,59990.0,3,40.0,13.3,6.1,0,,3.4,4.47,4.01,5,No,50.8,53.1,4.61,4.86,4.29,4.11,No
E1069,Finance,1,male,43,Bachelor,3.4,38010.0,3,40.0,1.3,22.4,0,2.9,4.05,4.31,3.44,6,No,58.4,60.5,4.55,3.96,4.51,3.84,No
E1070,Operations,1,female,51,Bachelor,2.2,27490.0,4,20.0,6.6,15.3,0,2.37,4.53,3.94,3.81,3,No,73.8,83.6,3.71,3.86,3.96,3.77,No
E1071,HR,2,male,26,Master,5.0,50220.0,4,22.0,2.5,28.1,1,3.97,2.56,5.0,3.48,2,No,71.9,80.9,4.83,5.0,5.0,4.72,No
E1072,Sales,1,male,23,Bachelor,2.0,31910.0,5,27.0,7.2,8.8,1,4.27,2.52,3.3,3.07,3,Yes,72.1,71.8,3.34,3.51,3.42,3.41,No
E1073,HR,1,female,37,Diploma,3.2,34390.0,2,15.0,9.5,,2,3.98,4.15,4.5,3.85,4,No,31.3,39.4,4.62,4.79,4.77,4.48,No
E1074,Operations,1,female,40,Bachelor,1.3,28160.0,3,18.0,6.2,30.8,0,2.72,3.3,4.74,4.23,4,No,49.6,56.6,4.9,4.86,4.74,5.0,Yes
E1075,Sales,2,male,47,Diploma,7.4,33000.0,2,20.0,14.6,,2,3.9,4.66,5.0,3.73,3,No,71.0,83.6,5.0,5.0,5.0,5.0,No
E1076,Operations,1,male,21,Bachelor,0.1,31730.0,4,15.0,12.6,7.0,0,2.22,3.68,4.07,3.66,2,No,80.4,83.9,4.12,4.6,4.31,4.1,Yes
E1077,Sales,2,female,40,Master,5.0,40880.0,3,6.0,5.9,5.1,0,3.25,3.53,4.21,3.35,1,Yes,52.8,52.5,4.06,4.17,4.51,4.3,No
E1078,IT,2,male,63,Diploma,8.7,54710.0,3,48.0,18.4,22.4,3,2.36,3.86,3.93,3.97,6,No,51.5,60.6,3.98,3.91,4.28,4.09,No
E1079,HR,1,female,41,Bachelor,0.2,31570.0,3,17.0,21.9,28.7,3,3.97,2.91,3.93,3.28,3,No,50.4,58.8,3.71,4.21,3.62,3.24,Yes
E1080,Finance,2,female,31,Bachelor,10.0,56790.0,2,30.0,7.6,8.2,0,5.0,3.09,4.48,4.34,3,No,62.8,64.0,4.2,4.32,4.65,4.43,No
E1081,Sales,2,male,35,Bachelor,10.9,53220.0,3,32.0,3.5,32.9,1,2.94,3.49,4.13,3.76,2,No,50.6,54.6,3.97,4.36,4.74,4.05,No
E1082,Finance,2,male,37,Bachelor,10.5,40950.0,4,10.0,6.0,0.6,3,3.14,3.6,3.44,2.83,1,Yes,58.6,65.2,3.4,3.78,3.91,3.87,No
E1083,Operations,3,male,41,Bachelor,6.7,55210.0,2,25.0,13.9,7.2,0,3.57,2.96,4.09,3.71,1,No,49.3,61.6,4.19,4.38,4.07,3.88,Yes
E1084,IT,1,female,39,Bachelor,4.7,38500.0,4,2.0,6.4,4.6,0,3.47,3.49,4.03,3.2,5,No,59.9,68.6,3.81,3.84,4.14,3.92,No
E1085,HR,4,male,42,Diploma,21.0,81850.0,5,35.0,1.2,23.2,0,3.64,3.55,4.27,4.32,2,Yes,67.3,69.9,4.01,4.13,4.14,4.11,No
E1086,Operations,3,female,51,Bachelor,8.5,43810.0,3,22.0,3.3,30.5,0,4.54,2.88,5.0,4.2,6,No,54.8,57.5,5.0,4.94,5.0,4.76,No
E1087,Sales,2,male,31,Master,2.9,41140.0,4,18.0,6.4,8.4,2,1.01,2.77,3.76,3.41,0,No,50.6,51.9,3.7,3.88,3.97,3.85,No
E1088,Finance,2,male,38,Master,5.4,54910.0,4,28.0,6.8,2.3,2,4.88,3.37,4.75,5.0,2,No,51.5,57.6,4.56,5.0,4.84,5.0,No
E1089,Finance,2,female,30,Diploma,2.6,41650.0,3,53.0,0.7,8.0,1,3.49,4.08,5.0,5.0,4,No,46.4,45.9,5.0,4.88,4.81,4.83,No
E1090,IT,2,male,41,Diploma,7.2,42840.0,3,29.0,7.1,23.4,3,3.06,4.5,4.72,3.74,5,No,61.5,64.4,5.0,4.73,4.97,4.59,No
E1091,Operations,3,female,38,Master,8.0,46440.0,4,54.0,12.5,15.2,0,3.37,2.77,4.4,3.81,5,No,47.9,62.2,4.55,4.54,3.83,4.77,No
E1092,Sales,2,male,39,Master,5.0,56000.0,1,16.0,5.7,8.4,1,2.7,4.19,3.57,3.84,7,No,58.1,68.3,3.34,3.84,3.62,3.73,Yes
E1093,Finance,2,female,48,Master,3.5,43590.0,4,24.0,35.5,14.1,1,1.77,3.18,4.06,4.07,3,No,56.6,57.2,3.72,3.75,4.18,4.04,Yes
E1094,Operations,3,male,40,Bachelor,15.8,64730.0,4,20.0,7.5,23.2,0,1.89,3.28,4.37,4.04,6,No,70.1,78.4,3.71,4.91,4.24,4.51,No
E1095,IT,3,female,33,Master,3.1,63150.0,4,15.0,12.4,23.6,2,2.53,2.57,2.82,2.53,5,No,48.6,56.1,2.55,2.86,2.91,2.62,Yes
E1096,IT,4,female,55,Master,8.9,75480.0,5,54.0,19.3,10.2,0,2.76,3.5,4.37,3.94,3,Yes,59.6,72.3,4.55,4.65,5.0,4.61,No
E1097,HR,3,female,46,Diploma,9.7,41890.0,2,33.0,13.8,8.5,1,,2.39,3.64,2.51,5,No,86.2,98.2,3.47,3.77,3.46,3.48,No
E1098,Operations,1,male,40,Bachelor,0.1,29710.0,3,18.0,15.5,13.4,0,3.53,2.85,3.49,2.78,4,No,51.0,47.7,3.82,3.69,3.08,3.99,No
E1099,IT,1,female,44,Diploma,2.1,28710.0,3,14.0,11.1,16.3,3,3.68,2.04,4.26,2.5,3,Yes,49.3,45.9,3.64,3.75,4.08,4.14,No
E1100,Operations,1,female,36,Bachelor,1.2,38420.0,4,37.0,10.6,4.3,0,2.67,1.78,3.87,3.15,2,No,71.1,73.3,4.18,4.5,3.87,3.83,No
E1101,Sales,3,female,33,Master,5.4,53080.0,5,50.0,8.0,6.2,2,3.54,4.15,4.52,4.46,1,No,66.3,66.4,4.65,4.25,4.86,4.47,Yes
E1102,Operations,2,male,46,Bachelor,7.0,39940.0,3,31.0,14.1,4.8,0,1.07,2.01,2.89,3.08,6,No,55.9,60.3,3.2,2.77,2.95,2.46,No
E1103,Operations,3,female,34,Master,5.0,47060.0,4,11.0,29.5,29.8,0,3.42,1.45,2.92,2.19,5,No,41.4,52.0,2.37,3.09,3.5,2.7,Yes
E1104,Finance,3,female,34,Diploma,13.0,48610.0,3,13.0,20.3,6.1,2,3.88,4.0,4.12,4.24,6,No,65.7,68.3,4.32,3.96,3.9,3.82,No
E1105,Operations,1,female,35,Bachelor,4.3,25520.0,4,30.0,14.0,9.3,1,3.09,3.82,5.0,5.0,5,No,47.8,54.7,5.0,5.0,5.0,4.99,No
E1106,IT,2,male,52,Bachelor,9.6,46740.0,3,9.0,5.1,19.4,1,4.19,3.4,4.34,3.73,5,No,53.7,51.5,4.24,4.15,4.47,4.85,No
E1107,HR,1,female,23,Diploma,2.0,30030.0,3,13.0,4.5,5.3,2,2.16,3.51,3.97,3.23,3,No,56.6,78.1,3.63,3.84,4.31,3.91,No
E1108,Sales,3,female,21,Master,0.1,50670.0,3,41.0,7.1,24.8,2,4.15,3.82,4.12,3.39,7,Yes,70.9,73.6,4.24,4.02,4.26,4.69,No
E1109,Sales,3,male,44,Diploma,7.6,53330.0,3,36.0,4.0,14.8,0,,3.8,2.31,1.64,3,No,51.5,51.3,2.55,2.25,2.05,2.18,No
E1110,Operations,1,male,28,Bachelor,2.5,31020.0,3,26.0,11.3,30.8,0,,4.59,4.36,2.75,4,No,56.3,59.3,4.14,4.4,4.52,4.31,No
E1111,Sales,2,female,22,Master,1.0,44130.0,3,17.0,6.2,6.2,2,4.88,4.26,4.25,3.34,3,No,42.6,39.9,4.09,4.21,3.95,3.95,Yes
E1112,Operations,2,male,34,Doctorate,4.4,37000.0,4,27.0,4.2,13.6,0,3.18,3.18,4.39,,3,No,55.4,67.5,3.92,4.14,4.75,4.34,Yes
E1113,HR,3,female,44,Bachelor,6.6,56670.0,2,13.0,3.0,1.2,2,3.02,4.45,4.92,5.0,2,No,74.0,78.2,4.9,4.7,4.95,4.51,No
E1114,Operations,3,female,43,Master,3.2,48340.0,3,54.0,5.8,12.7,1,3.2,3.88,4.47,3.82,5,No,52.4,59.1,4.22,5.0,5.0,4.48,No
E1115,Operations,5,female,38,Master,12.5,75740.0,3,12.0,8.4,3.5,1,3.8,4.34,5.0,4.71,2,No,57.3,71.4,4.76,4.79,4.99,4.71,No
E1116,IT,1,male,40,Bachelor,1.6,41860.0,3,53.0,6.1,15.4,3,4.39,3.86,5.0,,2,No,52.2,58.5,4.69,5.0,4.92,5.0,No
E1117,Sales,1,female,42,Bachelor,1.5,31500.0,4,58.0,8.0,7.2,1,2.93,4.05,3.89,2.45,5,No,55.2,70.6,3.53,4.0,3.06,4.43,No
E1118,Sales,1,female,53,Diploma,5.8,31310.0,4,27.0,9.9,11.8,3,1.64,3.2,4.03,2.73,4,Yes,69.0,68.5,3.98,4.27,3.85,4.29,No
E1119,Finance,4,male,44,Bachelor,15.2,79940.0,3,59.0,7.6,15.8,2,3.4,3.52,5.0,4.18,2,No,44.1,35.9,4.8,5.0,4.65,5.0,No
E1120,Sales,2,male,26,Bachelor,1.9,39610.0,3,8.0,3.5,12.8,1,3.16,3.52,3.97,3.71,5,No,59.0,81.7,4.41,4.12,4.12,4.0,No
E1121,Finance,2,male,39,Bachelor,9.1,47840.0,3,48.0,5.0,4.9,0,,3.2,4.58,3.85,2,No,69.3,71.6,4.52,4.16,4.57,5.0,No
E1122,Sales,1,female,42,Bachelor,4.9,38400.0,3,2.0,8.5,3.2,1,3.16,3.18,3.26,2.82,6,No,75.5,79.2,3.26,2.69,3.53,2.65,No
E1123,IT,2,female,36,Bachelor,6.8,47540.0,5,29.0,4.9,14.0,1,2.52,3.25,3.59,3.04,4,Yes,55.2,55.2,4.01,3.78,3.91,3.47,No
E1124,Operations,4,female,39,Bachelor,13.5,83780.0,4,20.0,7.3,11.8,1,3.14,3.03,4.15,3.54,1,No,50.8,55.9,4.07,4.15,3.74,4.81,No
E1125,Operations,2,female,39,Doctorate,1.5,43920.0,3,8.0,9.5,6.7,0,2.34,3.23,3.35,3.3,3,No,63.3,76.1,3.22,2.66,3.34,3.14,Yes
E1126,Operations,2,male,44,Bachelor,2.2,34350.0,4,12.0,10.6,20.4,1,3.52,3.71,5.0,4.26,7,No,68.3,86.7,5.0,5.0,5.0,4.9,No
E1127,HR,2,male,50,Bachelor,10.9,43350.0,2,6.0,0.9,17.3,1,3.86,4.31,4.17,3.66,2,No,60.4,61.7,4.56,4.03,4.38,4.28,No
E1128,Sales,1,female,25,Bachelor,4.0,34910.0,3,10.0,9.3,2.2,1,2.19,3.23,3.98,3.54,0,No,44.6,56.3,3.95,4.4,4.48,4.06,No
E1129,Sales,4,female,57,Master,15.9,69640.0,3,31.0,8.6,22.9,0,4.01,2.16,4.62,3.51,3,No,49.0,60.8,4.85,4.37,4.77,5.0,Yes
E1130,IT,3,female,46,Bachelor,14.6,65790.0,4,9.0,5.4,10.6,1,3.68,3.31,3.71,3.26,4,No,39.9,52.1,3.65,3.93,3.77,3.69,No
E1131,IT,1,female,22,Diploma,1.0,32720.0,4,6.0,9.1,8.9,0,3.42,2.89,4.41,3.76,4,No,67.7,77.0,4.34,4.44,4.74,4.43,No
E1132,Operations,2,female,30,Master,1.9,34670.0,4,16.0,8.4,3.8,1,3.78,3.97,4.19,,3,No,43.6,63.0,3.77,4.4,3.7,4.08,Yes
E1133,Sales,1,male,40,Bachelor,0.4,36170.0,4,20.0,7.2,18.8,1,3.36,2.06,4.15,3.84,6,No,65.0,71.7,4.5,4.29,3.77,3.81,No
E1134,IT,2,male,52,Bachelor,5.1,40830.0,2,34.0,9.9,47.9,0,3.22,4.43,4.29,2.95,7,No,65.9,72.4,4.55,4.19,4.43,4.22,No
E1135,Sales,2,male,41,Bachelor,6.9,46420.0,2,57.0,4.8,10.6,0,4.1,2.17,3.66,3.52,5,No,63.3,65.1,3.75,3.84,3.77,3.47,No
E1136,IT,1,female,25,Bachelor,2.4,35020.0,2,19.0,4.9,2.7,2,3.65,3.2,3.6,3.7,4,No,58.9,73.0,3.59,3.43,4.18,3.67,No
E1137,HR,2,male,23,Bachelor,1.3,35150.0,3,35.0,9.9,6.8,3,4.04,2.26,4.09,3.5,3,No,62.3,71.2,4.11,4.33,3.8,4.24,No
E1138,Sales,2,female,36,Master,2.7,40690.0,2,12.0,4.8,13.6,0,2.96,3.36,4.23,3.44,2,No,81.2,84.9,4.3,4.52,4.1,3.99,No
E1139,Sales,3,male,38,Doctorate,5.1,55840.0,3,11.0,7.6,,0,2.7,2.05,3.62,4.0,5,No,43.1,51.9,3.25,3.51,3.39,4.11,No
E1140,Finance,2,female,29,Master,0.6,42240.0,4,41.0,7.2,14.7,1,3.86,3.0,5.0,4.15,7,No,62.3,85.1,5.0,4.42,5.0,5.0,No
E1141,Sales,2,female,43,Bachelor,4.7,39350.0,4,27.0,5.1,19.2,2,3.89,3.75,4.53,3.85,5,No,56.1,56.4,4.43,4.35,5.0,5.0,No
E1142,Operations,3,female,36,Bachelor,7.2,47140.0,5,8.0,10.7,6.7,0,3.33,3.96,4.42,3.89,4,No,57.6,59.7,4.54,3.89,4.54,4.47,No
E1143,Operations,1,female,45,Diploma,4.1,29460.0,4,56.0,7.2,16.5,0,3.19,3.72,3.48,2.86,3,No,64.6,85.4,3.52,3.44,4.01,2.85,Yes
E1144,Operations,1,male,55,Diploma,4.5,25530.0,3,21.0,7.3,7.6,0,3.48,4.42,4.65,4.4,4,Yes,35.6,44.4,4.11,5.0,4.81,4.62,No
E1145,Sales,1,female,40,Diploma,2.0,34510.0,3,49.0,13.6,29.4,3,2.17,2.66,3.41,2.41,3,No,37.8,44.6,3.43,3.52,3.5,3.72,No
E1146,Sales,4,male,52,Bachelor,14.2,70830.0,3,20.0,1.8,12.4,0,3.28,3.19,4.0,3.56,3,Yes,49.9,57.9,3.68,4.09,3.71,4.45,No
E1147,Sales,2,female,46,Master,2.8,41290.0,3,21.0,6.7,21.4,2,3.35,3.76,3.66,3.37,8,No,50.0,54.0,3.82,3.82,3.64,3.54,Yes
E1148,Finance,1,male,35,Bachelor,0.8,31480.0,3,46.0,1.8,17.8,2,1.99,4.38,4.88,4.17,1,No,46.4,48.4,5.0,5.0,5.0,5.0,Yes
E1149,Sales,1,female,36,Bachelor,1.4,31650.0,3,18.0,14.0,11.7,0,2.11,1.57,2.6,2.44,4,No,50.5,49.7,2.2,3.01,2.51,2.91,Yes
E1150,Operations,2,female,44,Bachelor,4.7,33520.0,2,21.0,4.9,21.3,1,3.09,3.12,5.0,4.69,5,No,65.5,76.4,4.56,4.45,4.73,5.0,No
E1151,Finance,2,male,47,Bachelor,3.5,57140.0,3,13.0,0.5,20.7,1,1.93,5.0,3.08,3.19,2,No,72.8,92.7,3.27,2.51,2.63,3.78,No
E1152,Sales,2,female,43,Master,4.7,35150.0,4,21.0,4.2,11.3,0,2.99,3.42,4.1,3.76,3,No,44.6,54.0,3.91,4.36,4.27,4.08,Yes
E1153,Finance,4,female,28,Master,7.0,65180.0,4,33.0,9.1,14.2,0,4.18,2.72,3.52,,3,No,69.9,78.0,3.71,3.23,4.04,3.76,Yes
E1154,Operations,2,male,48,Diploma,6.4,38820.0,4,13.0,6.3,5.1,0,3.17,3.08,4.59,4.5,5,Yes,55.5,67.5,4.97,4.31,4.63,4.75,No
E1155,HR,2,female,33,Diploma,9.9,43520.0,2,19.0,3.4,10.4,1,2.56,4.26,4.06,3.06,1,Yes,75.6,83.3,3.94,3.7,3.62,4.33,No
E1156,Sales,2,female,23,Bachelor,2.0,33170.0,3,10.0,10.7,24.8,2,2.38,4.71,4.47,4.22,2,No,67.9,70.9,4.51,4.94,4.95,4.54,No
E1157,Sales,2,female,41,Bachelor,7.9,36930.0,3,11.0,6.2,15.7,0,3.86,3.93,4.07,,4,No,59.9,53.0,3.83,4.63,3.89,3.93,No
E1158,Sales,3,female,46,Bachelor,6.9,51590.0,5,5.0,17.1,15.9,0,2.51,4.08,4.27,3.49,5,No,51.7,54.4,4.11,4.4,4.01,4.03,No
E1159,Sales,3,male,25,Master,2.8,62430.0,4,15.0,13.2,12.0,1,3.71,2.89,4.29,3.61,5,No,59.8,67.1,3.91,4.29,4.2,4.39,No
E1160,Operations,4,male,42,Master,13.9,71120.0,4,14.0,6.7,18.7,0,,3.07,3.94,3.71,5,No,45.9,54.7,3.77,4.18,4.61,3.86,No
E1161,HR,2,male,41,Diploma,2.9,37460.0,4,28.0,12.6,10.2,3,4.25,3.27,4.16,,5,No,65.6,59.0,3.88,4.06,4.52,4.23,No
E1162,Operations,1,female,26,Diploma,5.0,34230.0,5,31.0,7.1,16.7,0,2.21,2.77,3.31,3.42,4,No,53.7,69.1,2.95,3.24,3.3,3.31,No
E1163,Operations,1,female,29,Diploma,4.7,29180.0,3,30.0,12.7,29.5,0,3.22,2.62,4.35,3.94,5,No,53.9,47.4,4.25,4.6,4.78,4.51,No
E1164,Operations,3,male,33,Bachelor,7.3,49010.0,3,11.0,26.8,7.0,0,4.74,2.03,3.43,3.57,6,No,55.1,62.5,3.87,3.57,3.93,3.55,No
E1165,HR,2,male,29,Bachelor,8.0,40680.0,2,21.0,2.5,29.1,3,3.15,4.06,3.74,3.21,5,No,63.1,68.4,3.63,4.17,3.97,4.15,No
E1166,HR,2,female,37,Master,2.1,46040.0,3,37.0,13.3,10.1,0,4.09,3.82,4.79,3.8,5,No,70.4,74.8,5.0,4.83,4.71,4.65,No
E1167,Sales,1,male,42,Diploma,0.6,34160.0,3,19.0,13.7,4.5,2,3.12,3.33,3.5,2.55,7,No,78.2,84.7,3.86,3.5,3.55,3.39,No
E1168,Operations,2,female,38,Diploma,3.1,39200.0,4,32.0,3.7,5.9,0,2.82,1.0,3.48,2.62,2,No,59.3,68.1,2.98,3.67,3.63,4.35,No
E1169,Finance,1,male,21,Diploma,0.1,30810.0,3,46.0,3.8,13.7,3,5.0,4.55,4.59,3.28,2,No,48.0,61.1,4.6,4.82,4.71,4.82,No
E1170,Finance,2,female,27,Master,4.2,51700.0,4,18.0,5.0,9.0,1,3.25,2.91,4.57,4.29,4,No,65.8,65.8,4.5,4.09,4.71,4.59,No
E1171,Sales,3,male,33,Master,4.1,43220.0,5,17.0,0.4,3.6,2,4.86,3.3,4.93,3.76,5,Yes,43.8,40.7,4.81,5.0,4.85,5.0,No
E1172,Sales,1,male,34,Bachelor,3.7,36950.0,4,23.0,8.9,4.6,1,4.04,3.03,5.0,3.93,4,No,71.1,76.4,5.0,4.77,4.94,5.0,No
E1173,Sales,4,male,41,Master,6.3,61740.0,4,25.0,6.2,10.8,0,1.74,2.81,4.35,4.65,3,No,42.7,54.3,4.46,3.96,4.39,4.82,No
E1174,Sales,2,female,38,Bachelor,3.3,39030.0,4,27.0,4.2,7.4,2,3.88,2.15,4.03,3.35,7,No,49.4,49.4,3.67,4.8,3.87,4.11,No
E1175,HR,2,male,34,Bachelor,10.3,38320.0,4,32.0,3.8,9.3,2,4.31,4.03,3.44,2.88,3,No,70.0,70.5,3.55,3.47,3.58,3.73,No
E1176,Sales,2,female,42,Bachelor,4.2,40030.0,3,6.0,4.6,23.1,2,3.53,3.52,4.95,4.17,5,No,69.1,75.9,5.0,5.0,5.0,5.0,No
E1177,Finance,2,female,46,Bachelor,2.0,43590.0,4,35.0,12.5,7.1,3,4.36,3.02,4.24,3.49,2,No,57.2,62.0,4.4,4.13,4.76,4.33,No
E1178,Sales,4,female,46,Doctorate,7.8,70040.0,3,47.0,14.4,24.4,0,4.18,3.04,5.0,5.0,4,No,69.1,63.0,4.86,5.0,4.97,4.98,No
E1179,Sales,1,female,25,Diploma,1.9,25510.0,2,33.0,14.5,3.2,1,4.68,2.83,4.75,3.84,3,No,52.3,58.6,4.46,5.0,5.0,4.88,No
E1180,Operations,1,male,35,Bachelor,4.8,33610.0,4,41.0,24.1,,0,1.85,2.24,2.97,2.55,9,No,69.8,76.2,2.84,2.9,3.65,2.92,No
E1181,HR,3,male,36,Bachelor,15.0,57750.0,3,12.0,3.5,8.6,0,3.4,3.89,4.06,4.14,5,No,53.6,60.1,3.96,4.13,3.99,4.43,No
E1182,Operations,2,female,38,Diploma,6.1,33530.0,4,27.0,3.5,11.2,0,3.69,3.83,4.69,3.85,4,No,47.2,51.0,4.64,4.67,4.72,4.81,No
E1183,Finance,1,female,24,Bachelor,1.6,38280.0,4,11.0,6.6,24.3,0,4.05,3.67,5.0,3.26,6,No,65.4,61.4,5.0,5.0,5.0,5.0,No
E1184,Finance,2,male,21,Master,0.1,55400.0,4,17.0,3.1,1.7,2,5.0,4.11,4.82,4.28,0,Yes,58.9,67.9,4.9,4.82,4.7,4.91,No
E1185,IT,1,male,34,Bachelor,1.8,47880.0,4,11.0,6.6,16.0,2,1.77,3.1,3.38,3.03,7,No,48.1,52.0,3.31,3.87,3.45,3.8,No
E1186,IT,3,male,47,Master,11.1,101900.0,4,10.0,9.2,13.5,1,3.61,3.46,4.18,4.07,5,No,59.9,56.2,4.13,4.02,3.83,4.42,No
E1187,Operations,2,male,40,Bachelor,8.4,43150.0,4,43.0,14.3,11.7,0,3.34,2.93,4.58,3.82,2,No,64.1,59.4,4.62,4.27,3.95,4.81,No
E1188,IT,1,male,31,Bachelor,5.1,37460.0,2,39.0,9.0,9.5,0,3.47,4.08,4.01,3.66,5,No,59.9,71.8,4.02,4.12,4.36,4.52,No
E1189,Operations,3,male,37,Master,8.1,50990.0,4,29.0,15.3,6.5,1,4.81,3.17,4.05,4.01,5,Yes,46.0,55.9,4.01,4.92,3.84,4.44,No
E1190,Operations,2,female,42,Bachelor,6.8,45720.0,4,10.0,4.0,32.9,1,3.77,4.3,4.3,4.24,3,No,58.3,63.4,4.43,4.48,4.94,4.62,No
E1191,HR,2,male,50,Bachelor,1.7,45770.0,4,22.0,9.1,8.7,2,2.52,3.38,5.0,4.53,5,No,71.7,82.7,5.0,5.0,5.0,4.95,No
E1192,IT,2,female,48,Master,1.5,55560.0,2,20.0,7.7,16.0,3,,3.78,4.39,3.84,2,No,61.3,70.9,4.89,4.49,4.16,4.45,No
E1193,Operations,1,female,27,Bachelor,1.4,27500.0,5,12.0,20.4,4.7,0,2.55,2.58,3.35,2.9,4,No,39.0,51.0,3.64,3.07,3.73,3.0,No
E1194,Sales,1,female,40,Diploma,2.7,31570.0,2,55.0,5.8,33.2,3,3.05,4.42,4.04,3.36,4,No,49.7,62.9,3.92,4.42,4.15,4.04,Yes
E1195,Operations,2,female,41,Diploma,8.7,36840.0,2,12.0,11.1,9.9,0,4.27,1.76,4.54,3.15,4,No,60.7,58.9,4.45,4.37,4.85,4.27,No
E1196,IT,2,male,47,Bachelor,1.0,43920.0,4,16.0,6.9,6.7,1,3.06,3.28,3.55,3.62,6,No,38.7,39.9,3.41,3.61,3.9,3.81,No
E1197,Operations,3,male,45,Bachelor,11.4,61330.0,4,52.0,3.9,11.2,0,1.19,3.34,3.63,3.15,5,Yes,63.7,78.0,3.77,3.55,3.9,3.61,No
E1198,IT,1,male,41,Diploma,3.6,34070.0,4,16.0,25.3,33.2,3,2.77,2.97,4.19,2.9,4,No,41.1,36.6,4.07,4.24,4.42,3.91,No
E1199,HR,3,female,21,Master,0.1,45040.0,4,16.0,0.9,13.1,0,3.36,3.58,4.72,3.79,5,No,70.0,75.7,4.62,4.65,4.42,4.76,No
E1200,Operations,3,male,53,Master,8.3,50230.0,4,17.0,4.8,21.2,0,2.9,2.51,4.54,4.17,2,No,51.8,59.6,4.91,4.63,4.29,4.65,No
